st_teff,st_rad,st_met
5853.0,0.89,
6018.0,0.94,
6168.0,1.24,0.03
6297.0,1.369,0.14
5783.0,0.842,-0.28
4003.0,0.592,
6028.0,1.099,
5413.0,0.742,
4006.0,0.6,
4665.0,0.677,0.06
5738.0,1.407,-0.14
5800.0,1.435,0.4
5502.0,1.059,
3223.0,0.32,
5151.0,0.785,-0.16
4987.0,0.768,0.12
5970.0,0.908,-0.18
4872.84,2.3895,
5487.0,1.04,0.35
5976.0,1.035,
3638.0,0.42,-0.14
5770.0,0.968,0.07
6018.0,1.286,0.06
6070.0,1.034,-0.18
5146.0,0.905,0.2
5325.0,0.985,0.14
5325.0,0.75,
5262.0,0.75,-0.44
4048.0,0.524,
5906.0,1.073,-0.16
,0.54,
5190.0,0.89,
3879.0,0.578,0.32
4834.0,0.668,
6112.0,1.066,0.02
4797.0,0.653,-0.46
6207.0,1.367,0.04
5570.0,2.35,
3638.0,0.42,-0.14
6235.0,1.204,0.12
5532.0,0.89,-0.04
5966.0,0.961,-0.02
5568.0,1.13,
,,
5311.0,1.769,-0.46
5455.0,0.849,-0.33
5239.0,0.847,0.3
4884.0,0.749,0.02
6049.0,0.845,-0.46
5999.1,1.54,
6185.0,1.972,0.36
5846.0,1.452,
5300.0,0.846387,
3820.0,0.55,0.28
5812.0,0.963,0.21
5412.0,0.769,-0.2
3985.0,0.55,-0.26
,1.084,
5208.0,0.786,
6086.0,1.111,0.06
3757.0,0.539,0.18
6158.0,,0.17
3581.0,0.44,0.14
5746.0,1.41,-0.35
6174.0,1.907,0.12
6162.0,1.291,-0.04
5680.0,1.016,0.12
5065.0,0.748,-0.12
5748.0,1.4,0.09
5100.0,0.795,
5598.0,0.83,-0.1
5923.0,0.866,-0.64
5707.0,1.16,
5302.0,0.783,-0.06
5997.0,1.11,0.02
5740.0,1.22,
4263.0,0.653,
,1.51,
5355.0,0.803,0.0
5368.0,0.88,
5648.0,1.611,
5857.0,0.992,
6398.0,1.337,-0.08
5859.0,1.538,0.273
6283.0,0.984,-0.3
5944.0,1.08,0.02
5804.0,0.87,
6200.0,1.95,0.0
5523.0,0.946,0.02
5767.0,0.881,-0.06
5591.0,0.86,0.07
3965.0,0.636572,
5643.0,0.765,
5812.0,1.01,-0.1
5612.0,1.026,-0.05
5445.0,0.84,-0.1
3855.0,0.583,
5650.0,0.91,0.02
5688.0,0.912,0.03
6087.0,1.41,0.03
5837.0,1.0,-0.02
5190.0,0.874,
5823.0,0.88,
4684.0,0.71,-0.2
5235.0,0.8,-0.03
6185.0,1.33,0.23
3943.0,0.631,
5271.0,0.838,0.14
3679.0,0.67,
4613.0,0.647,
5838.0,1.583,0.01
5786.0,1.491,
4507.0,0.68,-0.04
5514.0,0.808,-0.16
5585.0,0.91,-0.38
5860.0,0.97,-0.1
5499.0,1.0,-0.23
5501.0,0.747,-0.48
5766.0,0.853,-0.32
4700.0,0.7761,-0.2
5831.0,0.921,0.0
4486.0,0.577,
4975.0,0.787,0.0
5526.0,0.8,
6208.0,1.024,-0.12
5558.0,0.907,-0.13
3157.0,0.305,
4911.0,0.786,0.26
5515.0,0.814,
5571.0,0.802,
5617.0,0.86302,-0.12
5551.0,0.899,0.1
6173.0,1.108,0.21
5675.0,1.38,
5264.0,0.83,
,0.758,
5700.0,1.06,0.09
5497.0,0.909,0.36
5951.0,1.16,
5768.0,1.344,-0.39
5064.0,0.769,0.0
5231.0,0.781,0.0
5895.0,0.94,-0.02
5722.0,0.821,-0.36
5248.0,0.83,
6490.0,2.179,0.08
6052.0,0.967,-0.26
5609.0,0.755,-0.42
4868.0,0.71,-0.27
5553.0,0.943,0.4
4813.0,0.69,
5114.0,0.682,-0.4
6003.0,0.986649,
5853.0,1.193,0.2
4950.0,0.71,-0.21
5573.0,0.839,-0.04
4700.0,0.813,0.15
5046.0,0.727,0.17
6288.0,1.26,
4922.0,0.795,0.08
5773.0,1.094,0.038
5471.0,0.88,0.2
5851.0,1.411,0.27
5494.0,0.979,-0.12
5455.0,0.85,-0.07
,1.475,
5897.0,1.259,0.02
6029.0,0.865,-0.4
5980.0,1.78,0.15
5311.0,0.788,-0.04
5552.0,1.46,
5325.0,0.863,0.36
5966.0,0.961,-0.02
4406.0,0.628,-0.24
6032.0,0.929,-0.18
4266.0,0.66,
5655.0,1.354,0.0
5754.0,1.122,0.16
6109.0,1.47,
3886.0,0.545921,
5870.0,0.983,-0.06
6455.0,1.496,-0.36
5155.0,0.938,0.41
5859.0,1.5582,0.09
6245.0,0.981,-0.3
5266.0,0.829,-0.18
5520.0,0.868,
5362.0,0.69,-0.56
6081.0,1.954,-0.03
5461.0,0.924,-0.12
5583.0,1.007,0.02
6032.0,0.973,-0.06
5800.0,1.298,
5185.0,0.91,0.16
5599.0,1.337,
6860.0,1.605,0.317
5839.0,1.067,-0.28
5289.0,0.74,
5260.0,0.774,
3358.0,0.38,0.06
5713.0,0.893,0.07
4542.0,0.66,-0.13
6141.0,1.086,
4434.0,0.67,0.05
4939.0,0.759,0.17
3914.0,0.53,-0.12
3831.0,0.62,
4359.0,0.723,0.17
5191.0,0.826,0.08
5142.0,0.789,-0.18
5755.0,1.361,-0.52
5213.0,0.917,0.14
5737.0,1.345,
4251.0,0.61,
4072.0,0.57,-0.18
5641.0,0.908,-0.07
5193.0,0.758,-0.22
5661.0,0.9,-0.28
5823.0,1.013,0.1
5215.0,0.8,
4325.0,0.56,-0.64
4933.0,3.79,
5952.0,0.92,
,1.98,
5692.5,1.73938,
5805.0,1.50416,
3841.0,0.442,-0.28
5615.0,0.92,
4540.0,0.678,0.04
5847.0,1.2564,0.11
4580.0,0.709,0.12
4493.0,0.653,
6538.0,1.17,
6474.0,1.403,-0.3
5059.0,0.733,-0.114
4895.0,0.759,0.16
6024.0,1.172,-0.03
5906.0,1.08,0.1
5315.0,0.92,0.16
5924.0,1.194,
6335.0,1.4,0.04
3442.0,0.404403,
4910.0,0.787,
5435.0,0.873,-0.02
5155.0,0.836,0.14
5315.0,0.83,-0.01
5415.0,0.839164,0.03
6250.0,1.15,-0.5
5227.0,0.838,0.14
5881.0,1.0,-0.07
6079.0,0.945,-0.2
5772.0,0.901,0.0
5798.0,0.93,-0.26
5422.0,0.887,0.02
,0.553,
5839.0,1.067,-0.28
6390.0,2.05,0.21
6182.0,1.0,
4797.0,0.653,-0.46
6089.0,1.28,
5748.0,1.079,-0.11
5688.0,1.111,0.1
4601.0,0.69,-0.01
6157.0,1.0,
4948.0,0.816,0.14
6781.0,1.067,-0.58
4255.0,0.63,-0.04
,0.984,
6155.0,1.35,
5938.0,1.626,
4922.0,0.823,0.2
5723.0,1.209,0.324
6217.0,1.051,-0.08
6180.0,1.603,0.12
6031.0,1.169,
6099.0,1.226,0.15
4720.0,0.72,
5498.0,0.922,0.01
5423.0,1.119,0.24
4618.0,0.643,
5970.0,0.908,-0.18
5779.0,0.97,-0.08
5627.0,1.0,
5440.0,0.913,0.21
5855.0,1.069,-0.2
6198.0,1.324,-0.04
5937.0,0.832,-0.4
5990.0,1.0,0.05
6162.0,1.597,
6180.0,1.17,-0.28
5626.0,0.91,
5570.0,0.899,-0.18
,1.69,
4908.0,0.75,0.04
,2.55,
4705.1,0.75309,
3682.0,0.44,-0.11
5900.0,1.61,0.05
6107.0,0.97,
6174.0,1.147,-0.26
5687.0,1.775,0.04
5011.0,1.781,0.07
5438.0,0.825,0.07
6077.0,0.999,-0.04
3505.0,0.422,-0.04
5752.0,1.4536,0.397
5152.0,0.78,-0.05
4298.0,0.64,-0.06
3576.0,0.5,0.099
5506.0,0.788,-0.2
3547.0,0.369,-0.14
6280.0,1.341,0.0
3841.0,0.5,-0.18
6501.0,1.854,0.1
6038.0,1.088,-0.24
5851.0,1.411,0.27
5488.0,0.87,-0.07
4961.0,0.738,0.21
4086.0,0.528,
5642.0,1.05,-0.26
3767.0,0.48,-0.1
5641.0,0.817,-0.3
5801.89,1.26,
5595.0,1.253,0.36
6145.0,1.194,-0.11
3983.0,0.54,-0.2
6126.0,1.186,-0.28
6522.0,1.215,-0.22
4996.0,0.831,0.14
4124.0,0.595,
6177.0,0.906,-0.4
6915.0,1.448,0.02
5854.0,2.192,
3769.0,0.56,0.4
6432.0,1.3,-0.14
6153.0,1.109,0.02
5168.0,0.769,-0.12
5189.0,0.72,-0.37
5632.0,1.155,0.06
5529.0,0.832,-0.2
5968.0,0.881,-0.26
5264.0,0.83,
6071.0,1.216,0.08
,,
5763.0,1.098,
5720.0,1.035,0.25
6146.0,1.26,0.06
5297.0,0.929,
,1.332,
6097.0,1.265,
5094.0,0.791,0.21
5949.0,1.18,
4591.0,0.709,0.0
,0.45,
5735.81,,0.3698
5767.0,1.03,0.0
5750.0,0.835,-0.38
5355.0,0.803,0.0
6184.0,1.42864,
4920.0,0.71,
6060.0,0.925,-0.22
5212.9,0.757,
6409.0,1.32,-0.1
4983.0,0.807,0.06
5657.0,1.046,0.0
3370.0,0.413,0.34
5767.0,1.07,0.24
6340.0,1.393,-0.38
6475.0,1.178,-0.06
6600.0,1.19,0.1
5655.0,0.99,0.44
4941.0,4.885,0.4
4550.0,0.701485,
5988.0,1.236,-0.12
6321.0,1.41,
4729.0,0.525,-1.42
5597.99,0.971675,
5088.0,0.76,
5600.0,1.0,0.31
5741.0,0.833,-0.24
5437.0,1.969,0.24
5732.0,0.889,
5469.0,0.897,0.16
6761.0,1.71,0.02
5538.0,1.75,
5097.0,0.779,0.21
5870.0,1.038,-0.06
5738.0,0.935,0.06
5049.0,0.77,-0.02
5616.0,1.674,0.04
6017.0,0.931,-0.16
5215.0,0.867,0.28
5712.0,0.989,-0.44
3868.0,0.552,
5731.0,1.231,0.16
5431.0,0.843,0.12
3901.0,0.599,
5789.0,0.96,0.1
5720.0,1.52,0.32
6028.0,1.022,-0.14
6191.0,1.007,-0.24
5496.0,0.725,-0.46
4720.0,0.71,-0.03
5565.0,1.006,-0.06
5822.0,0.851,-0.28
5002.0,,
5093.0,0.709,-0.38
5925.0,1.03,
6346.0,1.14759,
6004.0,1.092,0.07
6858.0,1.3,
5963.0,0.8,
,0.57,
6234.0,1.33,
6602.0,1.397,0.36
6182.0,1.178,
6060.0,0.925,-0.22
6004.0,0.977,-0.02
5939.0,1.11,
5686.0,1.062,
5617.0,1.032,
5516.0,0.895,-0.2
5295.0,0.8,-0.1
6620.0,1.676,
5614.0,0.827,-0.14
5535.0,0.889,-0.17
5705.0,0.99,0.13
5887.0,1.843,-0.18
7713.0,2.52,
,0.841,
5884.0,1.127,-0.22
5839.0,0.998,-0.11
6184.0,1.038,-0.06
5974.0,0.881,-0.42
5584.0,0.898,0.28
5231.0,0.86,0.0
5957.0,0.937,-0.08
6460.0,2.082,0.072
5825.0,1.003,-0.22
5700.0,0.87,-0.18
5768.0,0.719,
5993.0,0.986,0.07
3469.0,0.31,
5642.0,0.945,-0.14
,0.911,
4099.0,0.727642,
5751.0,1.247,0.14
5952.0,1.002,-0.24
5973.0,0.93,
6206.0,1.573,0.22
4995.0,4.12,-0.07
6003.0,1.144,-0.12
3769.0,0.56,0.4
5400.0,0.801,-0.06
6274.0,1.47,0.03
4789.0,0.692258,-0.18
6074.0,0.94,
5203.0,0.774,0.0
6296.0,1.444,0.07
5516.0,0.895,-0.2
5516.0,0.967,-0.06
9565.0,2.286,0.07
5356.0,1.055,0.2
5925.0,1.035,-0.14
5876.0,0.84,-0.3
,,
4750.0,0.729,0.12
6282.0,1.549,-0.4
5639.0,0.83,
5973.0,0.93,
4710.0,0.695,
4638.0,0.71,0.07
3584.0,0.45,0.0
4665.0,0.677,0.06
5625.0,0.94,-0.01
5183.0,0.79,-0.03
6237.0,1.543,0.0
6205.0,1.363,-0.13
4852.0,0.706,
5023.0,0.813,
5683.0,1.624,0.0
3203.0,0.16,-0.33
5626.0,1.028,0.08
6541.0,1.63,0.04
5716.0,1.259,0.48
,,
5307.0,0.76,-0.18
6363.0,1.012,-0.32
4665.0,0.681,
5774.0,1.403,
3726.0,0.454,-0.16
5794.0,0.94,
,0.73,
5900.0,0.97,
4045.0,0.515,-0.48
6768.0,1.81,0.0
5123.0,0.779,-0.2
5720.0,1.82744,
5508.0,0.98,-0.03
5590.0,0.977,0.014
6008.0,1.062,-0.2
5799.0,1.375,0.0
6314.8,1.43,
5010.0,0.69,
6191.0,1.025,-0.1
5446.0,0.775,
5115.0,0.7,
5656.0,0.96,
5141.0,0.876154,
5520.0,0.99,0.2
6065.0,1.015,-0.1
6120.0,1.446,0.0
4202.0,0.64,
6169.0,1.27,
5475.0,0.908831,0.26
4990.0,0.75,-0.05
5741.0,0.856,-0.16
5788.0,1.495,0.26
,,
5377.0,0.9,0.17
4353.0,0.603,-0.18
5239.0,0.785,0.0
5617.0,0.98,0.13
,0.682,
6032.0,1.06,-0.14
5827.0,0.999,-0.08
5644.0,1.101,
5653.0,0.857,-0.04
,0.653,
5200.0,0.85,0.05
5785.0,0.99,-0.03
5815.0,0.954,-0.3
4513.0,0.722,0.16
5119.0,0.834,0.1
4883.0,1.667,0.56
5966.0,2.9,0.14
,,
6123.0,0.987,-0.14
5250.0,0.96,0.12
6412.0,1.04,-0.3
5530.0,0.821,-0.15
6197.0,1.06,-0.3
,1.77,
5492.0,1.016,0.16
5150.0,0.765,-0.05
5148.0,0.78,
5600.0,1.02,
5600.0,0.99,-0.06
6547.0,1.63,-0.16
5870.0,1.038,-0.06
5372.0,0.916,-0.02
6528.0,1.155,-0.16
6134.0,0.99,
6277.0,1.161,0.21
5356.0,0.861,0.09
,,
5491.0,0.88,-0.03
6050.0,1.38,0.4
5466.0,0.946,-0.12
5686.0,1.039,0.11
6391.0,1.332,-0.22
5311.0,0.8,-0.18
5627.0,0.808,-0.24
6152.0,1.19,-0.02
5527.0,0.9,0.03
4884.0,0.74,0.03
5717.0,0.884,0.0
5828.0,1.548,-0.05
5200.0,0.84,0.1
5002.0,0.79,
6340.0,1.393,-0.38
5448.0,0.857,0.21
5260.0,0.9,0.2
5312.0,0.986,0.16
5165.0,0.702,-0.32
6145.0,1.164,
6072.0,1.659,
5960.0,1.149,
5806.0,0.87,
5795.0,1.002,0.06
6286.0,1.132,-0.08
,,
5570.0,0.918,0.14
4450.0,0.59,
5568.0,1.08,0.22
4358.0,0.62,-0.18
5806.0,1.158,0.14
4674.0,0.649,
,,
4173.0,18.939,0.06
4921.0,0.706,
6036.0,3.132,-0.1
5236.0,0.79,
4907.0,0.74,0.0
5575.0,0.834,-0.08
5861.0,1.543,0.06
5790.0,0.9,-0.02
5190.0,0.899,0.12
5812.0,1.05,
5937.0,0.832,-0.4
5306.0,0.886,0.344
5216.0,0.894,
5476.0,0.967,0.4
4987.0,0.768,0.12
5839.0,1.173,-0.28
5513.0,0.8,
6995.5,2.22759,
6050.0,1.216,
6240.0,2.19,0.03
4830.0,0.8,0.02
3989.0,0.544,-0.2
3168.0,0.287,0.19
,1.72,
6387.0,1.381,0.2
5503.0,0.931,
4722.0,0.7231,0.034
3526.0,0.383,-0.08
,1.85,
5913.0,1.16,0.19
5722.0,0.835,-0.2
5760.0,1.062,
5769.0,1.173,-0.06
3903.0,0.523,-0.2
5943.0,1.518,0.1
5245.0,0.75,-0.1
6085.0,1.09,0.12
5900.0,1.002,-0.36
5942.0,1.142,-0.04
,1.548,
3985.0,0.54,-0.22
5657.0,1.046,0.0
5960.0,0.906,-0.2
5641.0,0.831,-0.16
5940.0,1.09,0.04
5533.0,1.089,0.18
5334.0,1.004,0.16
5285.0,0.95,
6046.0,0.972,-0.08
5456.0,0.88,0.13
6214.0,1.076,0.07
5684.0,1.415,0.02
6035.0,1.002,-0.06
5517.0,0.9,0.03
4650.0,0.712,0.07
5460.0,0.893,0.08
4928.0,1.688,0.48
6638.0,1.352,
5696.0,1.001,0.04
5332.0,1.453,0.18
6353.0,1.139,-0.14
6361.0,1.1,
6100.0,1.083,-0.12
5134.0,0.77,
6086.0,1.052,-0.08
6163.0,1.022,-0.08
,,
6007.0,1.33,0.06
4476.0,0.69,
5543.0,0.813,-0.14
5545.0,0.86,-0.13
6110.0,1.436,0.06
5772.0,0.901,0.0
6184.0,1.188,0.12
5523.0,0.946,0.02
5306.0,0.954,
5674.0,0.834,
5936.0,1.374,
5646.0,1.08,0.22
5535.0,0.88,-0.05
6000.0,0.973,-0.06
5088.0,0.724,
5192.0,0.873,0.18
5782.0,1.084,-0.034
4082.0,0.56,-0.23
4904.0,0.772,0.0
5173.0,0.939,0.26
5887.0,1.235,0.16
6175.0,1.25,0.04
4469.51,0.777569,
6008.0,1.12,
4544.0,0.61,
5880.0,1.288,0.24
5783.0,0.86,-0.34
5213.0,0.917,0.14
5743.0,0.93,-0.13
5936.0,0.965,0.07
,1.38,
5543.0,0.813,-0.14
4890.0,0.726,-0.03
6299.0,0.983,-0.32
6122.0,0.964,-0.18
5231.0,0.801878,-0.03
4738.0,0.7,0.08
5922.0,1.06,
5526.0,1.223,
6136.0,1.005,-0.36
3914.0,0.512,-0.13
5039.0,0.87,0.38
5923.0,1.022,0.0
,0.919,
6198.0,1.005,-0.16
6028.0,1.022,-0.14
3727.0,0.5,0.04
5796.0,0.871,-0.12
6000.0,1.15,0.07
4043.0,0.56,-0.17
6232.0,1.09,0.07
6495.0,1.145,-0.26
6214.0,1.122,-0.02
6308.31,1.28,
6078.0,1.432,0.12
5870.0,0.913091,
4949.0,0.741,-0.18
,,
6061.0,0.97,-0.1
6372.0,1.015,-0.32
4421.0,0.573,
4859.0,0.757,-0.02
5046.0,0.727,0.17
5920.0,1.18,
3790.0,0.61,
5945.0,1.13707,
5693.0,0.816,-0.24
5866.0,0.89,
5237.0,0.837,-0.12
4520.0,0.655,-0.003
5777.0,1.02,0.12
5087.0,2.036,-0.3
5588.0,1.467,-0.1
5541.0,0.917,0.29
3568.0,0.42,0.02
6450.0,1.29,
5386.0,1.076,0.18
,0.61,
6409.0,1.32,-0.1
,0.749,
3807.0,0.56,
6600.0,1.75,-0.31
6509.0,1.506,0.186
5759.0,0.97,
5209.0,0.81,0.04
4105.0,0.69386,
6363.0,1.012,-0.32
5551.0,0.899,0.1
5032.0,0.817,0.08
5824.0,0.97,
5450.0,0.842,0.1
3170.0,0.179,0.0
4426.0,0.601,
,,
5618.0,0.996,0.0
4465.0,0.675,
5835.0,0.88,
4910.0,0.84738,
5925.0,1.55,
5563.0,0.793,
3891.0,0.564,0.21
6004.0,1.12,-0.38
6028.0,1.022,-0.14
5451.0,0.944511,
4347.0,0.524,-0.84
5433.0,0.821,
6258.0,1.031,-0.16
5726.0,0.979,-0.1
4895.0,0.74,-0.05
6148.0,1.03,-0.24
4257.0,0.602,-0.3
3208.0,0.3,0.48
5588.0,0.832,-0.1
6180.0,1.52,-0.02
5347.0,0.83,
5923.0,1.735,
5570.0,1.666,
6166.0,1.492,
3896.0,0.561,-0.32
5826.0,0.88,
5692.0,1.462,-0.048
5905.0,1.08,0.07
6270.0,1.82,0.123
4417.3,0.743344,
5344.0,1.013,0.16
5626.0,1.7457,0.409
6193.0,1.3,
4617.0,0.6972,0.017
5869.0,1.07,0.05
5446.0,1.593,-0.36
5748.0,0.981614,-0.11
4843.0,0.65,0.03
,0.9,
6038.0,1.088,-0.24
3359.0,0.24,-0.3
5952.0,1.11,-0.19
5088.0,0.76,
5743.0,1.21,0.42
5170.0,0.767,0.09
3837.0,0.517,-0.06
3253.0,0.269,-0.29
6113.0,1.66165,
5668.0,0.868,-0.02
6856.0,1.405,-0.18
5113.0,0.727,
5122.0,0.77,
6184.0,1.29,0.02
5933.0,1.969,0.11
6112.0,1.612,
5632.0,0.846,-0.08
,,
6820.0,2.06,0.07
6215.0,1.145,0.14
4790.0,0.706,0.07
6092.0,0.998,-0.06
4173.0,18.939,0.06
5700.0,0.87,-0.18
,0.592,
5136.0,0.81,0.18
4991.0,0.804,0.04
5950.0,1.1,
6047.0,1.662,-0.07
5151.0,0.86,0.17
5881.0,1.029,-0.16
6052.0,1.028,-0.12
5247.0,0.81,-0.02
5626.0,1.384,-0.12
5011.0,1.781,0.07
5791.0,1.083,0.16
5189.0,0.72,-0.37
6312.0,1.762,
5876.0,1.456,0.14
5675.0,1.042,-0.18
5620.0,0.89,0.28
6131.0,1.86,-0.15
6144.0,1.1,
4269.0,0.613,-0.5
5615.0,0.814,
5906.0,1.05,0.01
6240.0,1.241,0.284
5405.59,0.84345,
5814.0,0.999,
5700.0,0.87,-0.18
5596.0,1.13,-0.07
5735.0,1.114,0.0
6099.0,1.01,
4938.0,3.324,0.0
6784.0,1.264,-0.46
5785.0,0.974,-0.03
5543.0,0.887,0.21
3359.0,0.24,-0.3
5133.0,0.67,-0.46
5616.0,0.988,-0.04
5845.0,1.666,
5313.0,1.501,0.12
5757.0,1.017,0.14
4598.0,0.7,0.13
5611.0,1.073,0.36
5857.0,0.867,-0.36
6074.0,1.005,-0.54
6506.0,1.17,
5953.0,1.415,0.08
5001.6,3.27393,
6090.0,1.329,
5815.0,0.877,-0.12
5225.0,0.827,0.14
5789.0,1.252,0.14
5406.0,0.879,0.2
5413.0,0.759,-0.28
5324.0,0.791,-0.04
3300.0,0.196,-0.24
5500.0,0.948,
6141.0,1.46,0.425
5513.0,0.908,0.11
5279.0,0.81,-0.06
5490.0,3.204,0.24
4991.0,1.636,0.42
3877.0,0.586,0.21
,0.82,
5214.0,0.82,0.22
6270.0,1.309,-0.04
5217.0,0.794,
5368.0,0.84,
6004.0,1.12,-0.38
3496.0,0.4,
5952.0,1.16,
5659.0,0.97,0.07
5933.0,0.861,-0.28
5734.0,3.405,0.26
5888.0,0.944,0.02
6540.0,1.151,-0.18
6345.0,1.537,
5575.0,0.834,-0.08
5547.0,0.82,-0.1
5997.0,0.904,-0.22
5400.0,1.058,-0.08
6167.0,1.064,0.07
5640.0,1.291,0.34
5368.0,0.85,-0.08
5659.0,0.94,0.01
4821.0,0.677,
5171.0,0.688,
5675.0,0.915,-0.18
2940.0,0.17143,
5237.0,0.826,0.24
6217.0,1.581,
3808.0,0.508,-0.06
5717.0,0.96,0.01
5846.0,1.091,0.3
5297.0,0.825,0.21
5949.0,1.184,0.0
5902.0,1.474,0.1
6350.0,2.16,
4049.0,0.604,
5208.0,0.693,-0.38
5783.0,0.88,-0.08
4481.0,0.69,
5611.0,1.791,0.02
6242.0,1.08,
5896.0,0.916,-0.08
,0.823,
5615.0,0.814,
5717.0,1.51,
6067.0,1.196,0.2
4987.0,0.768,0.12
5123.0,1.621,0.2
5400.0,0.801,-0.06
5411.49,0.872088,-0.03
5881.0,1.294,0.16
5775.0,0.768,-0.52
5435.0,0.873,-0.02
5759.0,2.127,0.3
6267.0,1.35,0.28
5262.0,0.885,
5508.0,0.88,0.11
6217.0,1.09,-0.04
3247.0,0.293,-0.32
5131.0,0.839,0.03
5093.0,0.69,
6287.0,1.13,-0.28
5778.0,1.332,0.4
6048.0,1.13,0.0
5920.0,0.96,
6191.0,1.23,0.26
3765.0,0.521,0.02
5529.0,0.93,0.12
6177.0,1.043,-0.14
3238.0,0.2347,-0.27
3803.0,0.439,-0.43
6267.0,1.35,0.28
5196.0,0.889,0.12
4665.0,0.685,-0.01
5739.0,1.081,0.35
3727.0,0.5,0.04
4740.0,0.72,
6600.0,1.468,0.11
6011.0,1.409,-0.3
5485.0,0.867,0.21
6167.0,1.064,0.07
3546.0,0.460014,
5893.0,1.02,-0.02
5700.0,0.95,0.0
5258.0,0.793,0.04
5795.0,1.002,0.06
5978.0,0.855,-0.42
5503.0,0.95,0.07
4965.0,0.725,
5375.0,0.876,0.3
3691.0,0.53,
3912.0,0.533,-0.12
4347.0,0.524,-0.84
5033.0,0.821,0.06
6463.0,1.447,0.09
5600.0,1.0,0.31
5818.0,1.647,0.24
4911.0,0.786,0.26
4115.0,0.532,
3983.0,0.54,-0.2
6119.0,1.26,0.25
5693.0,0.856,-0.08
5231.0,0.86,0.0
5787.0,0.851,-0.18
,0.7747,
6314.0,1.13,
5879.0,1.41,0.06
6144.0,0.99,
5194.0,0.8,
6177.0,0.906,-0.4
5762.0,1.06,0.06
5379.0,0.76,
4484.47,0.668693,
4350.0,0.625,-0.26
5361.0,0.799,-0.04
5431.0,0.884,-0.14
6191.0,1.01,-0.14
6073.0,1.135,0.2
4944.0,0.739,
5896.0,1.071,
4709.0,0.685,-0.08
6422.0,1.331,
5854.0,1.546,0.34
3724.0,0.46,-0.2
5678.0,1.076,
4643.39,6.37872,0.4316
5698.38,1.04613,
5675.0,1.042,-0.18
7092.0,1.449,-0.04
5541.0,0.917,0.29
5791.0,1.069,-0.04
5332.0,0.926,
5766.0,1.09,
3724.0,0.414,-0.4
5622.0,1.18,
5774.0,0.864,-0.22
5217.0,0.78,-0.28
5907.0,0.99,-0.14
,1.45,
5296.0,0.852,0.3
6475.0,1.178,-0.06
5288.0,0.74,
5891.0,1.252,0.21
6240.0,1.025,-0.38
5205.0,0.792,-0.06
3643.0,0.501,-0.12
5828.0,1.548,-0.05
5902.0,1.474,0.1
5970.0,0.908,-0.18
6430.0,1.625,0.19
6032.0,0.929,-0.18
5075.0,0.769,-0.02
5152.0,0.71,
5431.0,0.86,0.02
5984.0,0.906,-0.2
6074.0,1.005,-0.54
5717.0,0.884,0.0
3871.0,0.49,-0.31
6291.0,2.04,0.19
5295.0,0.821,-0.24
4487.0,0.725,
5825.0,1.02,0.03
5818.0,1.1,
4880.0,1.741,0.42
5261.0,0.88,0.04
,0.55,
5818.0,1.205,-0.02
5636.0,0.97,0.23
5497.0,0.936,0.26
4662.41,0.696274,0.2291
5440.0,0.924,-0.1
6350.0,2.0,0.26
,1.12,
4806.0,0.72,0.0
5129.0,1.781,-0.16
5788.0,1.31,
3303.0,1.14998,
5428.0,0.92,
5975.0,0.9,-0.44
4790.0,0.623,
6174.0,1.147,-0.26
5632.0,0.846,-0.08
6798.4,1.75449,
5175.0,0.771,-0.08
6075.0,0.969,-0.12
4786.0,0.739,0.27
5275.0,0.978,0.2
5913.0,1.1618,-0.07
5565.0,0.802,-0.2
6158.0,,
6009.0,1.13,-0.01
6692.0,1.351,-0.14
8640.0,1.801,-0.06
5188.0,0.973,0.32
6102.0,1.026,0.0
6000.0,1.12,-0.01
5523.0,0.832,-0.02
5713.15,1.01477,
5731.0,1.066,0.08
,,
4549.0,0.652,-0.2
4708.0,0.72,0.06
5717.0,0.897,-0.3
5741.0,1.008,-0.38
6171.0,1.799,
5931.0,1.15,0.07
6014.0,1.13,0.02
5675.0,0.910305,-0.01
3768.0,0.552,0.269
5577.0,0.882,
5735.0,1.099,0.02
5970.0,1.095,0.08
5258.0,0.873,-0.04
5174.0,0.751,-0.12
4227.0,0.672,-0.1
6249.0,1.076,-0.04
5766.0,0.853,-0.32
5079.0,0.87,-0.04
5503.0,0.902,-0.13
5097.0,0.71,
5913.0,1.16,
5430.0,0.86,0.1
3497.0,0.232,
6528.0,1.155,-0.16
4213.0,0.598,-0.2
5436.0,0.819,0.0
,,
5455.0,0.927,0.14
5945.0,1.099,-0.34
4990.0,0.76,0.02
5122.0,0.747,
3954.0,0.546,-0.1
4499.0,0.66,0.15
5869.0,0.954,-0.04
4040.0,0.57,-0.14
3677.0,0.535057,
5244.0,0.81,-0.04
6182.0,1.28,0.02
5627.0,0.808,-0.24
5401.0,0.835,0.2
5798.0,0.92,-0.22
4258.0,0.622,-0.18
4072.0,0.57,-0.18
5682.0,0.96,0.04
6164.0,1.09,-0.12
5741.0,1.008,-0.38
5953.0,1.40104,-0.02
4797.0,0.701,-0.1
5650.0,1.044,-0.28
6079.0,0.945,-0.2
5840.0,1.019,-0.09
5589.0,1.218,0.3
,,
5569.0,0.954,0.14
6032.0,0.973,-0.06
4318.0,0.65,
5447.0,4.001,-0.22
6160.0,1.368,0.36
6264.0,2.738,0.342
5026.0,0.763,0.21
5726.0,1.297,
5530.0,0.845,0.07
5813.0,1.03,0.03
5650.0,1.044,-0.28
5888.0,1.097,-0.1
4735.0,0.628,
3731.0,0.574,
5991.0,1.293,-0.2
5936.0,0.965,0.07
5191.0,1.00936,
6038.0,1.088,-0.24
6050.0,1.363,
4114.0,0.5,0.006
6092.0,1.203,0.0
5391.0,0.840576,
,1.056,
5631.0,1.3162,0.035
5806.0,1.03,0.07
3593.0,0.47,0.16
6231.0,1.437,
,,
6053.0,1.16,0.03
4111.0,0.66,
6446.0,1.155,-0.1
6480.0,1.38,-0.03
5905.0,1.105,0.22
4688.0,0.736,
6088.0,0.958,-0.4
6029.0,0.865,-0.4
6175.0,1.472,
4675.0,0.698,0.03
5225.0,0.78,-0.16
5872.0,1.993,0.27
5970.0,1.2,0.1
3949.0,0.607,
6443.0,3.086,0.56
5081.0,0.815,
5941.0,1.102,
4549.0,0.652,-0.2
6100.0,1.76,-0.27
4927.0,0.737,-0.08
6020.0,1.093,-0.14
6157.0,1.695,-0.02
5453.0,0.995,0.302
5740.0,0.952085,
5893.0,1.06,0.04
,1.156,
5690.0,1.001,
5211.0,0.79,-0.11
5385.0,0.978,
6248.0,0.886,-0.5
5865.0,0.944,0.04
3287.0,0.298,
6052.0,1.202,-0.12
4581.0,0.673,
6426.0,1.775,-0.24
6057.0,1.24,-0.26
5377.0,0.814,0.07
6064.0,1.01,
5342.0,0.76,
5192.0,0.873,0.18
,,
6099.0,0.97,
4859.0,0.689,
5334.0,0.71,-0.44
5519.0,0.81,-0.27
6081.0,1.274,
4872.0,0.726,0.1
5248.0,0.83,
5120.0,0.7595,-0.04
4402.0,0.572,-0.58
6363.0,1.43,
5750.0,0.92,-0.05
4210.0,0.6,
4765.0,0.7,
3878.0,0.51,-0.2
,1.333,
5693.0,0.889,-0.29
6034.0,1.306,
3762.0,0.53,-0.11
4006.0,0.46,
5696.0,0.97,0.09
5973.0,1.24,
5924.0,0.88,
5485.0,0.906,0.1
3797.0,0.527,
5642.0,0.945,-0.14
6437.0,1.12,
5987.0,1.043,0.1
5838.0,1.47,
6104.0,1.225,-0.2
6332.0,0.981,-0.36
5623.0,0.95685,0.21
4926.0,0.662,-0.36
6102.0,1.58,-0.281
6089.0,1.024,0.07
3974.0,0.564,-0.06
6337.0,1.21,
5419.0,0.81,-0.28
5751.0,0.854,-0.14
5181.0,0.79,
5993.0,1.863,0.054
4499.3,0.664,
5806.0,0.87,
5109.0,0.758,
5562.0,0.76,
6103.0,1.383,0.02
5906.0,1.073,-0.16
6030.0,1.153,
3485.0,0.4314,0.15
3748.0,0.539,
5510.0,0.762,-0.32
6014.0,0.993,0.07
6228.0,1.138,-0.02
5649.18,,-0.1651
6174.0,1.247,0.1
5203.0,0.813,0.08
5890.3,1.28018,
5455.0,0.909,-0.2
2559.0,0.117,0.04
5688.0,0.998,0.42
3376.0,0.3714,-0.01
6061.0,0.945,-0.2
5640.0,1.515,0.14
6114.0,0.98,
5076.0,0.78,0.1
5957.0,1.39,
3662.0,0.453,-0.45
4067.0,0.53,-0.42
5676.0,0.93,-0.05
5869.0,1.02,-0.04
4208.0,0.59,-0.19
6156.0,1.34,
5332.0,0.84,0.05
5951.0,1.693,-0.08
5796.0,1.781,
3673.0,0.539,-0.03
6272.0,1.36,-0.09
,0.249,
5085.0,0.822,0.0
3834.0,0.48,-0.25
6006.0,1.257,0.06
5952.0,1.002,-0.24
5029.0,0.838,0.14
6106.0,1.359,0.33
5331.0,0.751,
5711.0,1.349,
4768.0,0.751,
5883.0,1.005,0.06
3830.0,0.64,
5858.0,0.903,-0.2
5871.0,0.973,
5888.0,1.148,
5716.0,1.259,0.48
5534.0,0.796,-0.22
4991.0,2.935,0.28
7930.0,1.881,0.041
5774.0,0.958,-0.1
4978.0,0.808,0.07
4933.0,2.584,
5801.0,0.95,-0.1
5966.0,0.961,-0.02
5586.0,0.798,-0.3
5914.0,1.146,0.16
6224.0,1.083,-0.06
5790.0,1.198,0.06
5754.0,1.687,0.1
5904.0,1.82,0.025
5559.0,0.914,-0.02
6228.0,2.15,0.12
5229.0,1.005,0.32
5242.0,0.722,-0.54
5733.0,0.855,-0.12
4173.0,18.939,0.06
3540.0,0.862,0.01
4922.0,0.795,0.08
5510.0,1.09,
5956.0,1.234,-0.1
6010.0,1.043,
6052.0,1.626,
3376.0,0.3714,-0.01
4621.0,0.668,-0.24
4245.0,0.637,0.0
5080.0,0.77,0.3
5758.0,1.704,0.3
5702.0,1.125,-0.28
5300.0,0.92,0.11
,1.354,
4243.0,0.629,-0.12
5153.0,0.759,-0.04
6014.0,1.021,-0.04
5880.0,1.08,
4743.0,0.81,0.4
6282.0,1.048,-0.28
5922.0,1.057,-0.28
5997.0,1.3,0.22
5812.0,1.238,
5839.0,1.25,-0.26
5973.0,0.935,-0.1
3743.0,0.488,-0.1
6343.0,1.137,0.07
5383.0,0.759,-0.22
5501.0,1.03122,
5638.0,0.967,
5498.0,0.879,
4339.0,0.553,-0.58
6388.0,1.037,-0.28
5793.0,1.243,0.12
4618.0,0.639,-0.3
5925.0,1.165,-0.13
5984.0,0.984,0.07
,,
4919.0,0.721,-0.24
5423.0,1.404,0.08
5417.0,0.772,-0.32
5552.0,1.46,
5625.0,1.16,0.34
6089.0,1.2,0.03
5219.0,0.851,0.16
3750.0,0.51,0.08
6040.0,1.55,0.19
4759.0,0.733,0.03
5497.0,0.936,0.26
5862.0,0.931,-0.14
5542.0,0.901,
5693.0,1.08,0.2
5537.0,1.714,-0.2
5250.0,0.9,
5790.0,0.99,0.26
5280.0,0.768,0.09
5022.0,0.849,0.18
6108.0,1.03,0.07
6103.0,0.949,-0.2
5654.0,1.407,0.27
,1.492,
3705.0,0.5,
5150.0,0.855,-0.03
5654.0,1.42,
4242.0,0.63,0.0
6172.0,1.197,
5741.0,1.008,-0.38
5912.0,1.094,-0.14
4975.0,0.72,-0.31
6070.0,0.812,-0.76
4359.0,0.723,0.17
5079.0,0.739,-0.1
6303.91,1.61034,
5029.0,0.93,0.48
4702.0,0.686,-0.22
4533.0,0.592,
,,
5862.0,1.463,0.16
5600.0,0.96,0.12
6280.0,1.7,0.26
5717.0,0.864,-0.08
6214.0,1.122,-0.02
5950.0,1.822,0.145
5653.0,0.94,0.02
5356.0,1.055,0.2
5461.0,0.763,-0.06
5735.0,0.854,-0.14
3712.0,0.48,-0.07
6147.0,1.21,-0.03
5865.0,0.944,0.04
5870.0,0.867,-0.2
5017.0,0.797,-0.02
5560.5,1.61148,
5165.2,0.78,
5979.0,1.205,
5058.0,1.86,
6037.0,1.03,
5903.0,1.137,-0.16
5627.0,1.056,-0.15
3682.0,0.44,-0.11
5256.0,0.721,-0.34
5510.0,0.85,
5772.0,0.96,-0.07
5723.0,0.99,0.06
5535.0,0.88,-0.05
5989.0,1.01,
4168.0,0.638,
5345.0,0.86,-0.12
5669.0,0.86,
6101.12,1.95,
6534.0,1.73409,
4796.0,0.696,
6040.0,1.686,-0.44
5837.0,0.978,
5736.0,1.056,
5766.0,1.08,-0.15
6329.0,1.756,0.366
4121.0,0.635,
4047.0,0.522,
5627.0,1.0,
6042.0,0.96,
5607.0,0.886,-0.34
6146.0,1.22,0.04
5106.0,0.796,
5957.0,0.937,-0.08
5984.0,0.906,-0.2
6226.0,1.299,0.0
6169.0,1.27,
6199.0,1.24,-0.03
4970.0,1.806,0.32
4595.0,0.6796,0.22
5536.0,0.816,-0.12
6212.0,1.454,0.2
6222.0,1.36,0.01
5625.56,0.97,
5745.0,0.837,-0.2
3682.0,0.44,-0.11
6072.0,1.659,-0.09
4305.0,0.602,-0.26
6311.0,1.172,0.21
5326.6,1.01342,-0.03
5770.0,0.853,-0.16
5666.0,1.05,0.02
7143.0,1.785,-0.14
6180.0,1.02,
6026.0,1.207,0.1
5274.0,0.855,-0.03
5902.0,0.989,-0.1
5403.0,0.84,-0.09
5332.0,0.843,-0.08
6272.0,2.059789,
5246.0,0.876,0.12
6302.0,1.252,-0.2
6054.0,1.306,
6046.0,0.972,-0.08
,0.882,
5873.0,1.11,
6111.67,1.61211,
5760.0,1.062,
6635.0,1.516,-0.04
4991.0,0.804,0.04
,1.419,
5307.0,0.767,
5738.0,0.86,
4504.0,0.72,
5726.0,0.979,-0.1
5815.0,0.845,
6023.0,1.007,
5194.0,0.73,
3761.0,0.46,-0.21
6370.0,1.106,-0.1
6057.0,1.04,
5243.0,0.821,
5899.0,1.58,
5195.0,0.699,-0.36
5834.0,0.797,-0.44
,1.25,
5675.0,1.116,0.16
6000.0,0.973,-0.06
4127.0,0.621,
5313.0,0.82,
6426.0,1.154,-0.12
6075.0,1.352,0.32
4251.0,0.6,-0.17
6197.0,1.174,
,0.82,
5620.0,1.411,0.21
4195.0,0.675093,
5524.0,0.8,
5263.0,0.718,
5739.0,0.882,0.07
4976.0,0.717,-0.24
6181.58,1.36797,
3240.0,0.2317,-0.15
5376.0,0.806,-0.02
5825.0,0.923,0.02
5100.0,0.768,
6202.0,2.78,
5834.0,1.04,0.06
7005.0,2.01,0.02
5397.0,0.82447,-0.08
5634.0,1.796,0.07
3732.0,0.509,0.02
5350.0,0.678,-0.56
4817.0,0.73,0.05
5752.0,1.003,
5993.0,0.986,0.07
5019.0,0.783,
5822.0,0.898,-0.06
,1.4,
5754.0,1.0,0.04
4680.0,0.703,0.03
4687.0,0.715,0.014
,0.4,
4780.0,0.703,0.24
,0.99,
5093.0,0.71,-0.27
5529.0,0.832,-0.2
5192.0,0.8,
5996.0,1.2,-0.4
5187.0,0.79,-0.1
6659.0,1.8,
5747.0,1.401,0.328
5315.0,0.816,
5402.0,0.863,0.18
5558.0,0.8,
5758.0,1.385,0.12
5353.0,0.88,
6181.58,1.36797,0.107
5600.0,0.945,
5711.0,1.349,
5779.5,1.42,
5189.0,0.72,-0.37
5440.0,0.934028,
5731.8,3.15138,
5745.0,3.955,0.4
5509.0,0.759,-0.6
5044.0,0.804,-0.02
6318.0,1.351,0.09
5934.0,1.064,-0.02
6152.0,1.86222,
,1.247,
4992.0,3.79,0.04
6088.0,1.211,-0.09
5897.0,4.015,-0.16
5308.0,0.817,
6120.0,2.0,0.02
6606.0,2.09179,
5054.0,1.89,
6068.0,0.831,-0.5
5570.0,0.899,-0.18
5730.0,1.378,
5475.0,0.982,0.24
3943.0,0.63072,
5635.0,1.05,0.136
,0.891,
5824.0,2.11,0.17
6517.0,1.159,-0.14
4523.0,0.541,-0.98
4127.0,0.621,
6386.0,1.436,
,,
3540.0,1.05,
5626.0,0.957,0.14
,,
5525.0,0.7,-0.6
6475.0,1.271,0.21
5413.0,0.751,-0.32
6735.0,1.604,-0.22
5244.0,0.888,0.02
5718.0,1.099,-0.06
5898.0,1.05,0.03
6277.0,1.378,-0.06
5854.0,2.192,
5000.0,0.771,
5626.0,0.92,-0.01
5483.0,0.898,
3880.0,0.49,-0.28
5782.0,0.822,-0.3
5745.0,0.837,-0.2
6343.0,1.137,0.07
5808.0,1.636,0.26
3572.0,0.419,-0.19
5743.0,1.21,0.42
6166.0,1.2,-0.01
5814.0,1.08,0.196
5511.0,0.987,0.2
5399.0,0.919,
5885.0,1.03,-0.03
5951.32,0.878735,
,1.694,
5924.0,1.1,
3891.0,0.564,0.21
,,
5873.0,0.982,
5545.0,1.184,
5380.0,0.785,-0.2
6090.0,1.275,
3360.47,0.330989,
3779.0,0.607751,
6000.0,0.97,
5470.0,0.856,
5545.0,0.86,
4817.0,0.833,0.42
6350.0,1.339,0.12
4900.0,0.687,
5459.0,0.88,
5709.0,0.95,0.14
5015.0,0.826,0.1
4880.0,0.622,
6020.0,1.057,-0.06
6207.0,1.246,
6151.0,1.038,
5160.0,0.815,
5628.0,0.92,-0.04
6299.0,1.167,0.21
6103.0,0.97,
5570.0,0.88176,0.0
,,
6108.0,1.011,-0.08
6170.0,1.499,0.24
5432.0,0.78,
,,
5372.0,1.71,0.46
5072.0,0.774,0.07
4911.0,4.19,-0.03
3750.0,0.45,-0.23
5462.0,0.764,-0.28
,,
3576.0,0.463,0.16
6520.0,1.14,-0.05
5907.0,0.973,-0.16
5747.0,0.982,
5002.0,0.753,-0.18
5783.0,0.86,-0.34
5720.0,2.024,0.24
5845.0,1.068,
,,
5413.0,1.55,
5422.0,1.782,0.02
4401.0,0.581,
5585.0,0.972,0.48
2566.0,0.1192,0.052
5706.0,0.974,-0.07
6092.0,1.314,
4017.0,0.62,0.03
6680.0,1.319,0.07
6103.0,1.66,
4910.0,0.77,
6535.0,1.283,0.21
4927.0,0.765,0.132
3887.0,0.48,-0.36
,0.529,
5115.0,0.854,0.08
6254.0,1.093,
5210.0,0.8,-0.03
5577.0,0.81,
5557.0,1.249,0.0
5510.0,0.879,0.16
5969.0,0.92,
5993.0,0.986,0.07
5094.0,0.791,0.21
6222.0,1.36,0.01
5833.0,1.12956,
5906.0,1.073,-0.16
5602.0,1.326,0.14
5781.0,1.11,0.06
5915.0,1.008,-0.02
5299.0,0.74,
5624.72,1.15926,
6174.0,1.302,-0.0731
4915.0,3.08,0.43
5439.0,1.233,
6405.0,1.62776,
5559.0,0.81,
5138.0,0.756,
6238.0,1.25,
4931.0,3.14,
6244.0,1.154,0.21
5918.23,1.15176,
5237.0,0.887,0.3
4893.0,0.75,-0.03
6400.0,1.366,0.0
5662.0,0.84,-0.12
5208.0,0.693,-0.38
3791.0,0.574432,
5825.0,1.49,0.02
6012.0,1.18,-0.14
5730.0,1.378,
6784.0,1.264,-0.46
,0.857,
6362.0,1.46,
4622.0,0.674,-0.02
5011.0,1.781,0.07
6009.0,1.492,0.16
3731.0,0.498,-0.02
4650.0,0.828853,
5124.0,0.809,
5031.0,0.848,0.16
4741.0,0.688,-0.24
5815.0,0.877,-0.12
5287.0,0.781,
,0.792,
5458.0,0.943,
5705.0,1.06,-0.14
6102.0,0.887,-0.38
,,
6150.0,0.851,-0.5
5372.0,0.843,-0.4
4698.0,0.645,
5391.0,0.809,
5946.0,1.779,
6184.0,1.29,0.02
6933.0,1.499,-0.05
6218.0,2.224,
5957.0,0.937,-0.08
6081.0,1.263,
5802.0,0.966,-0.2
6080.0,1.331,0.07
5941.0,0.885,-0.22
5946.0,1.779,
5858.0,1.04,-0.12
6100.0,1.083,-0.12
6522.0,1.215,-0.22
,,
6190.0,1.068,-0.16
5016.0,0.679,-0.34
5130.0,0.837,0.48
5938.0,1.129,
4075.0,0.52,
5991.0,1.092,-0.02
5873.0,1.235,0.18
5920.0,1.58,-0.12
5878.0,1.041,-0.24
4079.0,0.591335,
,1.572,
6103.0,1.024,-0.26
5639.0,0.83,
4769.0,0.714,0.12
5403.0,0.868,0.0
5656.0,0.94,0.18
5554.0,0.874211,-0.13
5110.0,1.8,
,1.283,
3834.0,0.5,
,1.617,
5321.0,0.791,0.071
5060.0,0.82,0.28
3735.0,0.4,-0.5
4866.0,0.665,-0.47
6106.0,0.844,-0.5
6179.0,1.5817,
5822.0,1.75,
5511.0,0.72,-0.5
5723.0,0.925,
3369.0,0.3126,0.209
6199.0,1.4,-0.11
5656.0,0.903,
,0.923,
,0.643,
5349.0,0.849,-0.14
5977.0,1.075,-0.1
5191.0,0.755,0.13
6165.0,1.115,-0.08
7115.0,2.08,0.06
5850.0,1.012,-0.25
5046.0,0.752,-0.55
6247.0,0.954,-0.34
5170.0,0.81,0.16
5775.0,1.031,-0.04
5009.0,0.84,0.16
6045.0,1.224,
5770.0,1.641,0.29
5601.0,0.999,0.08
5853.0,0.895,-0.1
5672.0,0.929,0.14
5210.0,0.801,0.14
4710.0,0.699,-0.16
5697.0,0.84,
5442.0,0.974,0.1
5656.0,1.162,
5162.0,0.795,0.06
5881.0,1.029,-0.16
6248.0,1.573,0.119
3075.0,0.242,0.3
6564.0,1.57,0.22
6237.0,2.295,0.12
5958.2,1.58,
5720.0,1.08,0.34
3740.0,0.48,-0.08
5918.0,1.555,0.21
5937.0,0.832,-0.4
6074.0,0.97,
6238.0,1.054,-0.4
5828.0,1.548,-0.05
,0.751,
5767.0,0.906761,
5633.0,1.162,0.16
4821.0,0.788,0.16
5078.0,0.766,0.0
3820.0,0.552,0.12
4996.0,0.746,0.0
5142.0,0.755,-0.06
6217.0,1.09,-0.04
6293.0,1.39,
6059.0,0.96,
6220.0,1.453,
5842.0,1.224,
5442.0,0.86,-0.01
5543.0,0.813,-0.14
5206.0,0.831,
5675.0,0.836,
3720.23,0.502498,
5763.0,0.904,0.02
4920.0,0.75,0.02
3664.0,0.539,-0.11
5942.0,1.115,-0.315
4732.0,0.654,
,0.803,
5666.0,1.05,0.02
5640.0,0.921,0.06
5942.0,0.938,-0.06
5791.0,1.069,-0.04
5224.0,0.733,
4343.0,0.732,-0.102
6053.0,1.188,-0.18
6711.0,1.344,-0.18
5623.0,1.576,
4941.0,0.664,
6324.0,1.133,-0.28
5588.0,1.498,0.12
5159.0,3.062,-0.04
6150.0,2.83,0.0
5681.0,0.9,
4722.0,0.756773,
6474.0,1.62,
5650.0,1.044,-0.28
6000.0,1.13,-0.05
6651.0,1.49,0.0
5841.0,0.881,
5886.0,1.5,
6244.0,1.009,-0.2
6327.0,1.88,
5125.0,0.781,
5524.0,0.88,
4442.0,0.648,-0.2
5905.0,1.203,0.15
6092.0,0.998,-0.06
5557.0,1.249,0.0
6156.0,1.05,0.0
6019.0,1.387,0.14
6100.0,1.083,-0.12
3975.0,0.662052,
5727.0,1.104,0.0
5464.0,0.836,
5930.0,1.162,
6678.0,1.24,
4642.0,0.71,0.07
5386.0,0.897,
5818.0,0.893,
6384.0,1.121,-0.24
6103.0,0.949,-0.2
5757.0,0.881,-0.06
6252.6,1.22,0.143
5968.0,1.101,
3903.0,0.523,-0.2
6036.0,1.569,-0.38
5861.0,0.872,-0.18
5640.0,0.921,0.06
5936.0,1.345,0.2
6347.0,0.996,-0.34
5180.0,0.692,-0.38
5767.0,0.851,-0.18
5923.0,1.735,-0.07
5541.0,0.859,-0.13
5537.0,1.714,-0.2
5090.0,2.691,0.15
5103.0,0.768,0.0
5691.0,1.458,0.26
5779.0,0.956,0.12
5611.0,1.4,0.16
5527.0,0.88,-0.08
6481.0,1.171,-0.08
4766.0,0.664,-0.24
4391.0,0.682,0.04
5866.0,0.999,0.01
5576.0,0.852,0.02
6823.0,1.377,-0.1
5677.0,0.92,-0.29
5127.0,0.782,0.12
6296.0,1.36,
4723.0,0.765,0.16
5812.0,1.122,0.0
5495.0,0.9639,0.07
6238.0,1.054,-0.4
6058.0,1.31,0.29
5679.0,0.924,0.23
4975.0,0.787,0.0
6072.0,1.01,-0.3
5963.0,1.424,0.34
5886.0,1.05,0.0
5452.0,0.85,-0.09
,0.91,
4563.0,0.567,-0.7
5970.0,1.2,0.1
6250.0,1.345,0.258
6390.0,1.683,
5624.0,1.248,0.3
5678.0,1.303,0.2
5800.0,1.567,0.34
,0.758,
5095.0,0.771,-0.2
5769.0,1.173,-0.06
5715.0,0.94,-0.05
5504.0,0.993,0.2
4989.0,0.727,-0.1
6047.0,1.559,0.14
4986.0,0.833,0.16
6036.0,2.07,0.14
6170.0,0.992,-0.16
6028.0,1.047,0.21
5495.0,0.985,0.12
4926.0,0.82064,
5642.0,1.05,-0.26
,,
6643.0,1.71,0.0
6119.0,0.98,
6277.0,1.031,-0.18
5296.0,0.799,0.07
5058.0,0.69,
4818.0,0.618,-0.68
6156.0,1.05,0.0
6036.0,1.093,0.02
6063.0,1.001,-0.02
6345.0,1.012,-0.3
6007.22,1.40537,
5017.0,0.797,-0.02
5895.0,0.941,
4995.0,4.06,-0.07
5349.0,0.857,
6109.0,1.15,0.12
6765.0,1.439,0.21
4998.0,0.76,
4253.0,0.599,
5989.0,1.49,0.18
3841.0,0.55035,
5782.0,1.06,0.02
3395.0,0.3026,-0.07
3985.0,0.54,-0.22
5057.0,0.688,
5244.0,0.81,-0.04
6415.0,1.52,0.09
5576.0,1.15,0.36
3064.0,0.281,
5977.0,1.571,-0.04
5662.2,1.55,
2703.0,0.118,0.0
4102.0,0.581,-0.14
3887.0,0.48,-0.36
5447.0,4.001,-0.22
5202.0,0.811,0.14
5173.0,0.8,0.02
5275.0,0.978,0.2
3669.0,0.47,0.0
6142.0,0.95,
6888.0,1.59,
5683.0,0.993,0.04
3799.0,0.492,-0.2
6158.0,1.237,0.17
6495.0,1.168,-0.1
5887.35,1.41021,
6088.0,1.259,
5745.0,1.07,0.04
5305.0,1.449,0.24
6299.0,1.33,0.03
3875.0,0.581,-0.08
4922.0,0.823,0.2
6092.0,0.998,-0.06
4580.0,0.709,0.12
6550.0,2.058,-0.28
5888.0,1.019,0.1
3741.0,0.49,0.03
,0.868,
4953.0,0.75,
6246.0,1.092,0.07
3791.0,0.574432,
5569.0,0.887,0.21
6065.0,1.155,0.0
,0.874,
5455.0,0.944,0.01
5659.0,0.9,
5500.0,0.928,-0.16
4222.0,0.548,
5534.0,1.08,0.14
4127.0,0.623,
5527.0,1.03,0.04
5484.0,0.775,-0.28
5873.0,0.972,0.33
6245.0,2.106,-0.28
4965.0,0.784109,
4542.0,0.638,
6517.0,1.159,-0.14
5672.0,0.754,-0.52
6106.0,1.359,0.33
6298.0,1.611,0.17
3480.0,0.42,-0.07
10393.0,,
5442.0,0.974,0.1
6360.0,2.26,-0.01
5763.48,1.21,
4702.0,0.686,-0.22
,0.225,
5725.0,0.889,-0.42
,1.602,
4780.0,3.22,0.39
6020.0,1.093,-0.14
6010.0,1.26,0.08
6208.0,1.326,0.02
4934.0,1.756,0.28
3561.0,0.411,0.0
6383.0,1.859,
6258.0,1.49,0.01
3625.0,0.504068,
,1.72,
5244.0,0.888,0.02
5957.0,1.11,0.04
5903.0,1.47,0.16
5999.0,0.959,-0.06
6110.0,,0.26
,1.309,
4791.0,0.684,
6400.0,1.35,
,1.09,
5176.0,0.71,
3622.0,0.284,
4903.0,0.74,-0.07
5769.0,1.212,
3822.0,0.49,-0.21
5973.0,0.92,
5126.0,0.742,-0.12
5578.0,0.938,
5229.0,0.877,0.07
5590.0,0.83,0.025
4580.0,0.675,0.08
3689.0,,-0.16
4336.0,0.655,
5560.0,0.939,
3887.0,0.48,-0.36
4613.0,0.647,
6004.0,0.977,-0.02
6430.0,1.377,-0.177
5635.0,0.804,-0.26
3864.0,0.604708,
5993.0,0.93,
5260.0,0.767,0.04
6442.0,2.09,
5705.0,1.051,-0.02
5181.0,0.79,
5722.0,1.213,
5682.0,0.97,0.05
5102.0,0.88,0.18
5355.0,1.09206,
4397.0,0.577,-0.58
4061.0,0.524,
5764.0,1.105,
5782.0,0.93,
5085.0,0.822,0.0
3203.0,0.16,-0.33
5821.0,1.494,0.04
3594.0,0.699,
5862.0,0.9,
4701.0,0.775,0.24
,0.792,
4750.0,0.729,0.12
,,
,,
3712.0,0.525,
6184.0,1.285,-0.05
3203.0,0.16,-0.33
6122.0,0.964,-0.18
3169.0,0.24,0.38
5908.0,1.09,
5681.0,0.889,0.13
6182.0,1.52,0.0228
4486.0,0.764401,
5948.0,1.403,
6100.0,1.26,0.07
5113.0,0.765322,-0.15
3482.0,0.35,-0.1
6432.0,1.319,0.107
4484.0,0.594,-0.56
5650.0,0.876,0.07
4891.0,0.726632,
4983.0,0.76,-0.01
6217.0,0.989,-0.22
5569.0,0.93,0.04
4960.0,0.756,
6166.0,1.0,
5710.0,1.524,0.0
5835.0,0.847,-0.24
,,
5401.0,0.835,0.2
5767.0,1.014,-0.12
5970.0,0.908,-0.18
5320.0,0.786,-0.06
5343.0,0.809,0.06
5154.0,0.798,0.21
5559.0,0.79,-0.64
5865.0,1.11,0.04
5214.0,0.8,
6002.0,1.016,
5896.0,0.916,-0.08
5260.0,0.778,-0.06
4716.0,0.689,-0.47
5798.0,0.913,
5571.0,0.9,-0.01
4702.0,0.686,-0.22
5065.0,0.728,-0.14
5669.0,0.98,-0.18
5040.0,0.756,-0.03
4934.0,0.71,
5320.0,0.786,-0.06
5748.0,1.119,0.24
3903.0,0.54,-0.07
5505.0,0.873,-0.04
3783.0,0.537,
5660.0,0.93,-0.03
6363.0,1.035,-0.26
3725.0,0.547,-0.21
3550.0,0.45,0.23
6077.0,1.027,-0.02
5388.0,0.85,0.02
5950.0,1.17,0.15
6314.0,1.13,
3794.0,0.597007,
5666.0,0.967,-0.4
5557.0,1.099,
7221.0,4.24,-0.18
6269.0,1.155,0.21
4909.0,0.7,
5540.0,0.97,
5443.0,0.85,-0.1
4568.0,0.67,
5184.0,1.095,
6277.0,1.13,-0.18
5037.0,2.213,0.08
5015.0,0.826,0.1
6519.0,1.566,
5812.0,1.02,0.04
6495.0,1.168,-0.1
6181.0,1.383,
5933.0,1.59,0.19
4476.0,0.575,
5619.0,1.633,0.4
5180.0,0.742,-0.4
3331.0,0.225966,
5965.0,1.11,0.07
5196.0,0.657,-0.54
6060.0,1.112,0.237
6044.0,1.327,-0.24
5968.0,0.999,-0.12
5006.0,0.829,0.12
4713.0,0.721,
5631.0,0.983,
6018.0,0.969,-0.2
6077.0,1.027,-0.02
5988.0,0.934,-0.12
4995.0,0.783,
5560.0,0.854,
5918.0,1.068,-0.22
6046.0,0.972,-0.08
4194.35,0.62326,
5754.0,0.943,0.21
4998.0,0.76,
5296.0,0.859,
4987.0,0.768,0.12
5165.0,0.8123,0.124
4316.0,0.662,-0.23
5501.0,0.918,0.02
5873.0,1.161,0.36
5386.0,0.793,-0.2
6188.0,1.01,
5656.0,1.129,-0.2
,,
5289.0,0.98,0.24
,1.85,
4568.0,0.697,
5461.0,0.85,
5673.0,0.887,0.25
5195.0,0.699,-0.36
5282.0,0.81,-0.07
6177.0,1.31,
4947.0,0.868,0.36
6119.0,1.119,-0.1
6122.0,0.964,-0.18
4734.0,0.796,
,,
6277.0,1.031,-0.18
6157.0,1.117,0.0
6341.0,1.36,0.12
4529.0,0.69,0.1
4813.0,0.69,
6372.0,1.015,-0.32
5507.0,0.878161,0.13
4790.0,0.71,
5160.0,0.998401,
3950.0,0.493,-0.46
6052.0,1.649,
3089.0,0.158,0.0
6095.0,1.867,0.175
3272.0,0.242121,
6032.0,0.929,-0.18
5546.0,0.956,0.44
5779.0,1.289,-0.06
3944.0,0.51,-0.36
6297.0,1.031,-0.2
5665.0,0.764,-0.58
5850.0,1.003,
3983.0,0.54,-0.2
5275.0,0.787,0.0
5191.0,0.8,-0.03
6036.0,1.131,-0.18
5523.0,0.946,0.02
5825.0,1.003,-0.22
4960.0,0.707,-0.16
3769.0,0.56,0.4
4405.0,0.61,-0.34
6458.0,1.99,
5988.0,1.614,
6170.0,0.992,-0.16
5613.0,0.92,0.01
5678.0,0.99,-0.28
5329.0,0.869,-0.14
6277.0,1.378,-0.06
5665.0,1.095,0.48
6007.0,0.998,0.02
4869.0,0.69,
6115.0,1.168,
3974.0,0.53,
6036.0,1.017,-0.32
6443.0,1.472,
6057.0,1.147,0.1
5002.0,0.706,0.06
5679.0,0.85,-0.17
5883.0,1.53,
5557.0,0.781,-0.3
6253.0,0.997,-0.54
5548.0,0.919053,0.26
3229.0,0.2432,-0.18
5763.0,1.086,0.05
5761.0,1.286,
5614.0,0.827,-0.14
5607.0,0.886,-0.34
5852.0,0.923,
6280.0,1.641,
6554.0,1.798,
6308.0,1.153,-0.08
5576.0,0.829,-0.36
4826.0,0.696,
4816.0,0.68,-0.22
6517.0,1.159,-0.14
5610.0,1.171,0.38
5350.0,0.84,0.02
6364.0,1.48,0.09
5787.0,0.851,-0.18
4359.0,0.723,0.17
5675.0,1.042,-0.18
5664.0,1.058,-0.24
5848.0,1.099,
5906.0,1.145,0.22
5032.0,0.728,
5497.0,1.046,0.38
5083.0,0.872,0.18
4799.0,0.692,-0.02
5796.0,0.871,-0.12
6026.0,1.108,-0.02
5650.0,1.341,0.02
4867.0,0.696,-0.16
5700.0,1.11,
5300.0,0.846387,
6091.0,0.967,-0.14
4791.0,0.745,0.13
4796.0,0.696,
5708.0,0.891,
5627.0,0.815,-0.48
5885.0,1.465,
5970.0,0.908,-0.18
6169.0,1.352,
5870.0,0.89,
5588.0,0.796,-0.3
3835.0,0.6,-0.01
6278.0,1.04,
6211.0,1.41,0.17
5970.0,1.015,0.1
5052.0,0.48,-0.5
5697.0,1.574,0.1
6034.0,0.95,
5838.0,0.897,-0.08
5679.0,0.98,0.01
4385.0,0.65,-0.05
6387.0,1.564,0.276
6238.0,1.054,-0.4
3727.0,0.5,0.04
5687.0,1.775,0.04
5564.0,0.908,
,,
5438.0,0.87,0.03
6350.0,1.991,0.26
5058.0,0.814,0.07
6155.0,1.21,0.03
4549.0,0.652,-0.2
6330.0,1.07,
5100.0,0.768,
4678.46,0.755833,
3837.0,0.541,
5516.0,0.886,-0.26
5775.0,1.053,0.16
6243.0,1.03,
5880.0,1.34,0.14
5617.0,0.98,0.13
5147.0,0.743,
,0.63,
5977.0,0.911,
5903.0,1.784,0.48
,0.75,
5880.0,1.22,0.07
5613.0,0.82,
5750.0,1.29,0.38
5070.0,0.699,
9578.0,1.764,
5933.0,1.026,-0.09
6093.0,1.025,-0.12
5957.0,0.971,0.07
6049.0,1.176,0.16
5738.0,0.981,-0.06
5957.0,0.971,0.07
5141.0,0.876154,
4652.87,0.703594,-0.0632
5238.0,0.752,-0.16
5876.0,0.84,-0.3
4503.0,0.619,
6198.0,1.19,0.36
5786.0,1.471,-0.02
5552.0,1.137,0.38
6205.0,0.973,-0.58
5772.0,0.956,0.1
5379.0,0.76,
5584.0,0.84,
5713.0,0.893,0.07
6207.0,2.097,0.24
3660.0,0.473,-0.013
5658.0,1.09,0.15
5696.0,0.907,0.03
5450.0,0.87,-0.2
4909.0,0.726,
4674.0,0.641,0.02
5917.0,1.342,-0.02
6222.5,1.45,
5449.0,1.041,0.27
6087.0,1.3,0.21
5890.0,1.11,0.13
5827.0,0.999,-0.08
5767.0,0.97,-0.03
3993.36,0.590802,
5715.0,0.94,0.05
4500.0,0.59,-0.21
5509.0,1.116,0.16
5079.0,0.751,-0.04
6014.0,1.1,0.02
5796.0,0.87,
6171.0,1.799,
5447.0,0.88,
6069.0,2.55,0.2
5074.0,0.863,0.16
6411.0,1.67219,
5880.0,0.92,
5149.0,0.93,0.42
3801.0,0.529,
5833.0,1.022,-0.04
5862.0,0.931,-0.14
6210.0,1.1,-0.02
5524.0,1.0,
6300.0,,0.3
3517.0,0.37,-0.07
,,
5626.0,0.824,-0.16
5456.0,0.908,0.11
5487.0,1.05757,0.34
6153.0,1.62,0.26
5666.0,1.071,
5326.0,0.832,-0.41
5332.0,0.714,-0.42
4885.0,0.766,0.18
3512.0,0.59,0.19
5001.0,0.801,
5511.0,0.889,
5052.0,0.855,0.16
6046.0,1.023,-0.14
6103.0,1.024,-0.26
5043.0,0.881,0.3
5051.0,0.721,-0.36
6535.0,1.283,0.21
5895.0,0.94,-0.02
6086.0,1.092,-0.14
5800.0,1.633,
6092.0,1.0,
3880.0,0.49,-0.28
5653.0,1.113,
6065.0,1.03,-0.28
6122.0,1.439,0.02
5706.0,1.419,0.387
3975.0,0.509,-0.34
5076.0,0.763,0.1
5360.0,0.758,
5741.0,0.856,-0.16
7204.58,1.49338,
5150.0,0.807,-0.08
6397.0,1.531,-0.04
6086.0,0.921,-0.26
5350.0,0.83,-0.03
6388.0,1.209,0.02
5597.0,1.316,
5632.0,0.83,
6397.0,1.58,-0.22
4784.0,3.22859,
5850.0,1.12,-0.15
4858.0,0.685,
5172.0,0.943,0.35
,0.928,
6321.0,1.273595,-0.23
5697.0,0.973,0.28
4918.0,0.87,
5767.0,0.963,0.24
6397.0,0.989,-0.58
5713.0,0.893,0.07
6064.0,0.96,
5433.0,0.869,
5937.0,0.832,-0.4
4389.0,0.56,
6461.0,1.95,-0.14
3865.0,0.382,
4744.0,0.725,0.1
4975.0,0.787,0.0
4667.0,0.69,-0.08
6156.0,1.188,0.12
5868.0,0.894,-0.12
,,
5655.0,0.828,
5052.0,0.485,
5937.0,0.832,-0.4
4938.0,0.631,-0.388
6096.0,2.56,0.38
5806.0,0.899,-0.04
5072.0,0.672,
6038.0,0.922,-0.22
4720.0,0.71,-0.03
5667.0,1.56,0.33
5936.0,0.965,0.07
4769.0,0.742,0.0
5746.0,0.98,0.02
5616.02,1.01895,
5583.0,1.007,0.02
6269.0,1.155,0.21
6028.0,1.099,
5106.0,0.803,-0.08
5654.0,0.987,0.12
5826.0,1.082,
5534.0,1.08,0.14
,0.73,
5243.0,0.821,
5169.47,0.928,
5290.0,0.801,
5717.0,0.884,0.0
,,
5108.0,0.756,
6090.0,1.264,
5109.0,1.671,0.1
5229.0,0.877,0.07
5913.0,1.148,
6230.0,1.29,0.04
6310.0,1.095,-0.06
,1.072,
,0.577,
3898.0,0.54,-0.09
,1.29,
6085.0,0.973,-0.28
5231.0,0.83,
5952.0,1.32,-0.08
5514.0,0.95,0.12
4987.0,0.716,-0.18
5500.0,0.872,-0.064
6114.0,1.06,
5816.0,0.902,
3769.0,0.56,0.4
5237.0,0.826,0.24
5543.0,0.813,-0.14
4963.0,0.826,0.16
4530.0,0.657,-0.1
5225.0,0.815,
5261.0,0.8,-0.09
4041.0,0.567,-0.14
5542.0,0.889,0.26
6092.0,0.998,-0.06
5464.0,0.819,0.16
5692.0,1.064,0.04
3744.0,0.537,0.2
4807.0,0.693,-0.18
3727.0,0.5,0.04
5699.0,0.96,0.01
4781.0,0.76,0.34
4426.0,0.601,
5348.0,0.858,
5032.0,0.593,-0.96
4258.0,0.58,-0.3
4819.0,0.68,
6126.0,1.18,0.01
6410.0,1.59,
,1.61,
5665.0,1.25,0.3
3758.0,0.496,0.0
6270.0,1.404,
5130.0,0.756,-0.12
5032.0,0.593,-0.96
6017.0,0.931,-0.16
4402.0,0.637,
5798.0,0.941,0.1
4061.0,0.524,
5705.0,0.976,0.36
5984.0,0.984,0.07
6229.0,1.81,
6722.0,1.466,-0.14
6108.0,1.03,0.07
5461.0,0.858,0.14
,0.757,
6253.0,0.997,-0.54
6074.0,2.09465,
5759.0,2.127,0.3
5688.0,0.912,0.03
3652.0,0.526987,
6100.0,1.083,-0.12
6474.0,1.403,-0.3
3793.0,0.53,-0.01
6003.0,2.726,
4920.0,0.72,0.07
6157.0,1.392,-0.26
5414.0,0.818,
5945.0,1.09,
3807.0,0.503,-0.06
5325.0,0.866,-0.08
5930.0,0.923,
6778.0,1.83,0.06
5390.0,0.77,
4599.0,0.6862,0.06
5246.0,0.838,0.0
5702.0,1.125,-0.28
5435.0,0.725,-0.44
3181.0,0.280475,
5483.0,0.871,-0.04
6365.0,1.02,
6106.0,0.966,-0.16
5828.0,1.068,
4139.69,0.623609,
5699.0,0.89,-0.25
5600.0,0.872,-0.36
6133.0,1.418,
5001.0,0.76,0.04
6293.0,1.682,-0.3
,0.603,
5543.0,0.86,-0.13
3581.0,0.44,0.14
5698.0,1.07,
,0.54,
4938.0,0.842,0.26
5109.0,1.671,0.1
6678.0,1.24,
6137.0,1.943,-0.11
5750.0,0.88,0.02
5496.0,0.95,0.06
5395.0,0.882,
5648.0,0.95,0.04
6290.0,1.474,0.12
4898.0,2.7,-0.23
5580.0,0.863,
4664.23,0.697971,
5788.0,0.722,
6080.0,1.2,-0.12
6426.0,1.338,0.138
5824.0,2.11,0.17
5871.0,1.703,0.17
4549.0,0.652,-0.2
6005.0,0.94,
6245.0,0.981,-0.3
5491.0,0.910685,0.27
5555.0,0.912,0.099
5334.0,1.004,0.16
4508.0,0.68,-0.01
5854.0,1.012,-0.12
5642.0,0.93,
,1.037,
5058.0,0.81833,
6060.0,1.2,0.01
5442.0,0.87,
5258.0,0.793,0.04
5094.0,0.901,0.26
5817.0,0.87,-0.14
5831.0,0.921,0.0
5862.0,1.005,
5777.0,1.012,
4965.0,0.716,-0.08
,0.79,
5215.0,0.8,-0.05
5951.0,1.693,-0.08
5262.0,0.761,-0.14
6421.0,1.296,-0.03
3068.0,0.17,-0.48
6057.0,1.147,0.1
6164.0,1.446,0.38
5988.0,1.236,-0.12
5979.0,1.794,0.14
5289.0,0.98,0.24
,,
5897.0,1.51,
6779.0,1.27,
5931.0,1.053,0.0
6322.0,1.131,-0.12
5113.0,0.714,-0.08
3681.0,0.512,0.07
4750.0,0.729,0.12
4706.54,0.666755,0.1267
5887.0,1.67,-0.047
5616.0,1.111,0.14
5857.0,1.316,0.3
4500.0,0.646,-0.02
5650.0,0.87,0.02
6174.0,1.103,0.1
5870.0,0.975013,-0.15
4802.0,0.69,0.15
4211.0,0.642,
3631.0,0.46,-0.01
6112.0,1.168,-0.34
5906.0,1.073,-0.16
5678.0,1.303,0.2
5868.0,0.894,-0.12
6199.0,1.4,-0.11
3761.0,0.46,-0.21
7723.0,1.35,
6070.0,1.71,
6032.0,0.929,-0.18
6181.0,1.383,
5788.0,1.474,0.1
5534.0,0.959,0.07
5849.0,1.35,0.13
6289.0,1.102,-0.12
5017.0,0.797,-0.02
6239.0,1.358,
5500.0,1.238,0.14
3898.0,0.54,-0.09
,,
5578.0,0.99,-0.005
5976.0,1.604,-0.01
6477.0,1.459,0.1
5861.0,1.03,0.02
5243.0,0.821,
9540.0,1.5,0.05
5393.0,1.11,0.2
5429.0,0.863,
6194.0,1.129,0.21
5906.0,1.458,0.095
6540.0,1.185,
5646.0,1.08,0.22
3330.0,0.31,
6244.0,1.009,-0.2
,,
5945.0,1.089,0.16
5693.0,0.802,-0.3
4528.0,0.624,-0.3
4040.0,0.57,-0.14
5342.0,0.83,
6119.0,1.32,0.25
5911.0,1.626,-0.2
4401.0,0.58,
5575.0,0.834,-0.08
6311.0,1.81,-0.1
4249.0,0.557,
3977.0,0.609,0.44
4927.0,0.76,0.07
5239.0,0.758,
3400.0,0.266,-0.16
6119.0,1.06,
6198.0,1.324,-0.04
5827.0,1.509,0.18
5265.0,0.785,
5970.0,1.131,0.06
5900.0,1.694,0.0
6320.0,1.485,
,0.582,
6225.0,1.451,-0.04
5523.0,0.832,-0.02
3385.0,0.33,
2559.0,0.117,0.04
5823.0,0.88,
5627.0,0.815,-0.48
5957.0,0.937,-0.08
3804.0,0.46,-0.1
4503.0,0.676,
5376.0,0.806,-0.02
6023.0,1.007,
5818.0,1.01,
6123.0,1.107,0.14
4476.0,0.575,
5271.0,0.838,0.14
,0.776,
5855.0,1.34,-0.26
4997.0,0.763,
5977.0,1.075,-0.1
6154.0,1.23,0.08
6116.0,1.56419,
4590.0,0.7,0.34
5825.0,1.03,0.01
5805.0,0.9573,0.075
5150.0,0.807,-0.08
5731.0,1.19,-0.24
6395.0,1.186,0.02
6100.0,1.083,-0.12
5705.0,1.026,0.34
5675.0,1.03674,
6300.0,1.59,0.3
3803.0,0.492,
3515.0,0.511,-0.2
6123.0,1.107,0.14
5922.0,1.143,0.11
5895.0,1.04,-0.01
5300.0,1.11,0.28
4897.0,0.759,0.22
5335.0,0.784,-0.171
4434.0,0.621,
6071.0,1.295,-0.06
5917.0,0.878735,
,,
5151.0,0.785,-0.16
6390.0,1.451,-0.102
5402.0,0.865,-0.24
5706.0,1.026,0.15
5749.0,1.17,0.1
5266.0,0.788,-0.2
4619.0,0.654,
4533.23,0.874219,
6234.0,1.21,
5188.0,0.685,-0.4
6243.0,1.149,0.21
5838.0,0.98,
5068.0,0.754,
5731.43,0.996208,-0.1455
5926.0,0.963,0.07
5914.0,1.45,-0.3
5956.0,0.927,
3683.0,0.424,-0.22
5977.0,1.075,-0.1
5007.0,0.77,0.09
5959.0,1.22,0.255
4939.0,0.819,0.16
5589.0,0.91,-0.02
4358.0,0.62,-0.18
6363.0,1.035,-0.26
6279.0,1.598,-0.08
5781.0,1.01034,0.26
4586.0,0.7,0.01
6225.0,1.584,0.0
5721.0,0.905,0.02
6279.0,1.598,-0.08
5578.0,0.95,0.0
5450.0,0.73,-0.2
5321.0,0.858,-0.16
5626.0,0.815,
5280.0,0.751,-0.42
5159.0,0.71,
6422.0,2.02,
5403.0,0.906,-0.14
5463.0,0.759,-0.3
5990.0,1.0,0.05
5687.0,1.775,0.04
5008.0,3.502,0.19
6108.0,1.03,0.07
3652.0,0.4958,0.39
5706.0,1.08974,-0.12
6070.0,1.102,0.09
4442.0,0.648,-0.2
5378.0,0.748,
,0.849,
5484.0,0.835451,
6530.0,1.16,
5671.0,1.084,0.16
5192.0,0.79,0.0
3550.0,0.45,0.23
3157.0,0.21,0.27
6484.0,1.173,-0.08
5324.0,0.791,-0.04
6067.0,1.196,0.2
4800.0,4.1,0.1
5008.0,0.74,-0.1
5751.0,0.86,
4838.0,4.361,0.2
4081.0,0.527,
4645.0,0.713,-0.02
5835.0,0.847,-0.24
5933.0,1.036,
3821.0,0.595,0.3
5839.0,1.25,-0.26
5733.0,0.99,0.08
5354.0,0.788,-0.08
4078.0,0.611,
6038.0,1.191,-0.16
5083.0,0.844,0.22
6183.0,1.81,
5818.3,0.989198,
5160.0,0.792,0.13
5381.0,0.947475,
3440.0,0.3,-0.36
5881.0,1.171,0.07
4908.0,0.736,
5478.0,0.92,
3568.0,0.42,0.02
5791.0,0.95,-0.05
6192.0,1.23,-0.13
5854.0,1.192,
6371.0,1.072,-0.18
5559.0,0.919,0.23
3546.46,0.492279,
,0.822,
4922.0,0.823,0.2
6007.0,0.998,0.02
5945.0,1.099,-0.34
,0.791,
5650.0,1.341,0.02
5617.0,0.91,-0.1
5923.0,1.054,-0.14
3844.0,0.546,-0.157
6014.0,0.94,
3514.0,0.37,-0.1
4590.0,0.595,-0.64
6495.0,1.14,
3695.0,0.59,
6130.0,1.47,
6432.0,1.345,-0.34
6763.0,1.424,-0.32
5749.0,0.982,-0.18
5569.0,0.887,0.21
4300.0,0.708,
5648.0,0.94,
6050.0,1.216,
5854.0,1.012,-0.12
5775.0,1.114,-0.34
5993.0,0.986,0.07
3304.0,0.26,0.0
4545.0,0.609,
4109.0,0.602,-0.02
5595.4,1.06702,
5726.0,0.979,-0.1
5417.0,0.772,-0.32
3470.0,0.462,0.01
4893.0,0.702294,-0.21
5571.0,0.91,0.02
4316.0,0.662,-0.23
5657.0,0.911,-0.48
5380.0,0.785,-0.2
5406.0,0.879,0.2
5274.0,0.846,0.07
6147.0,1.096,0.21
5088.0,0.768,
5272.0,0.851,
5680.0,1.85,-0.03
5753.0,0.88,-0.34
5017.0,0.797,-0.02
5340.0,1.02904,
5744.2,0.97,
5330.0,0.718,-0.4
,,
5828.0,1.548,-0.05
5115.0,0.7,
5926.0,0.887,-0.2
5108.0,0.743,-0.1
6134.0,1.042,-0.24
5198.0,1.06395,
6156.0,1.05,0.0
6248.0,0.886,-0.5
5955.0,0.91,-0.16
5514.0,0.808,-0.16
5149.0,0.93,0.42
5812.0,1.03,0.06
5725.0,0.96,
5162.0,0.795,0.06
,,
4380.0,0.53,-0.92
6510.0,2.48,0.1
5820.0,1.02,0.2
6108.0,1.03,0.07
5788.0,0.873,
5733.0,1.183,0.06
5688.0,0.97,0.0
6122.0,0.996,-0.1
5900.0,1.12,
4079.0,0.632,-0.11
5977.0,1.075,-0.1
5806.0,1.101,0.06
5001.0,0.76,0.04
5480.0,0.865,-0.04
6020.0,1.093,-0.14
5714.0,1.208,0.14
5690.0,1.001,
,,
5300.0,0.81,-0.1
5126.0,0.751,-0.06
5863.0,1.29,0.06
4984.0,0.636,
6215.0,1.145,0.14
5244.0,0.888,0.02
6295.0,1.81,0.28
6432.0,1.345,-0.34
5095.0,0.771,-0.2
5342.0,0.76,
5483.0,0.898,
5676.0,1.28,0.32
5659.0,1.022,0.29
4715.0,0.739515,
5476.0,1.673,-0.56
5917.0,1.21,0.09
4861.0,0.732,-0.08
5510.0,1.11,0.25
5145.0,0.73,
5305.0,0.818,-0.26
5758.0,1.385,0.12
6212.0,2.197,0.037
5377.0,0.841458,0.07
4801.0,0.795,
5946.0,1.763,0.19
5604.0,1.91,
6034.0,1.179,0.24
,,
6052.0,0.95,
5883.0,1.074,-0.16
6616.0,1.353,-0.16
5625.0,1.1,0.27
4928.0,1.688,0.48
6063.0,1.001,-0.02
6282.0,1.107,
5551.0,1.301,
6050.0,1.342,
3359.0,0.217,
5890.3,1.28018,
5825.0,1.49,0.02
5966.0,1.499,0.18
,,
,0.932,
5982.0,0.96,-0.04
5641.0,0.981,-0.06
,1.73,
4775.0,0.789877,
5294.0,0.761,-0.16
5592.0,0.953,0.16
4500.0,0.646,-0.02
6347.0,1.373,-0.32
5075.0,0.79,0.26
5772.0,1.0,0.04
5250.0,0.963515,0.35
3741.0,0.45,-0.16
6100.0,1.828,-0.27
,,
5936.0,1.477,0.158
6245.0,0.981,-0.3
6200.0,1.89,0.1
5866.0,0.999,0.01
5231.0,0.76,-0.24
5975.0,1.15,0.13
5268.0,0.81,-0.07
,,
5155.0,0.778,-0.06
6233.0,1.076,-0.08
5868.0,0.894,-0.12
5545.3,1.02304,
5800.0,1.11,0.16
5727.0,1.658,0.32
6038.0,1.27527,
5228.0,0.755,-0.14
5674.0,0.782,-0.38
5497.0,0.9,-0.28
3887.0,0.53,-0.08
4940.0,3.569,
5922.0,1.05,
3212.0,0.211,
5080.0,0.793,0.0
5271.0,0.86,-0.06
4250.0,0.687,0.2
4790.0,0.729,0.08
5886.0,1.152,0.16
5319.0,0.939,
3894.0,0.541,-0.1
5032.0,0.817,0.08
3581.0,0.44,0.14
5649.0,0.797,-0.3
5528.0,0.905339,
6317.0,1.06,
5632.0,0.94,
5823.0,1.491,-0.09
4048.0,0.524,
5889.0,0.9,
5941.0,1.102,
5569.0,0.887,0.21
6078.0,1.189,-0.16
5400.0,0.59,0.41
6215.0,0.957,-0.3
5498.0,0.92,
4931.0,0.734,0.0
6233.0,1.076,-0.08
3797.0,0.48,-0.1
3360.47,0.330989,
6194.0,1.29,0.08
5971.0,1.239,0.16
4922.0,0.7,
6900.0,2.599,0.0
3502.0,0.5,
6483.0,1.229,-0.22
6823.0,1.377,-0.1
6224.0,1.661,0.15
5478.0,0.86,0.01
5099.0,0.7,
4960.0,0.707,-0.16
5883.0,1.03,-0.14
5741.0,0.856,-0.16
4486.0,0.597,
6200.0,1.19,0.08
5646.0,0.94,0.02
5842.0,1.0,-0.12
5435.0,0.824,0.07
6117.0,1.162,0.02
5564.0,0.85,-0.14
5078.0,0.969314,
4294.0,0.504,-1.0
,1.593,
6212.0,1.47768,-0.01
5568.0,1.004,0.15
6370.0,1.44,0.03
5285.0,0.74,
5639.0,1.439,0.02
5225.0,0.859,0.14
5413.0,0.85,-0.03
5627.0,1.056,-0.15
6184.0,0.959,-0.26
5227.0,0.931471,
5805.0,0.9573,0.075
6022.0,0.97,
5933.0,1.966,0.11
4918.0,0.748,0.41
5977.0,0.801,-0.56
6534.0,1.23,
5027.0,0.88,
6167.0,0.913,-0.5
5356.0,1.055,0.2
5468.0,1.046,0.22
5911.0,1.21,0.12
6065.0,1.006,-0.28
6003.0,0.932,-0.14
5200.0,0.84,0.1
5999.0,1.78,0.02
6095.0,2.07,
5565.0,0.873,0.01
5957.0,0.937,-0.08
3258.0,0.175,-0.5
5282.0,0.81,-0.04
4820.0,0.713,-0.08
6323.0,1.207,
5343.0,0.885,0.44
3834.0,0.491,
6664.0,1.339,-0.18
5800.0,1.012,-0.08
5808.0,1.011,-0.03
5025.0,0.548929,
5884.0,0.986,
6085.0,1.619,
,0.65,
,1.33,
3711.0,0.48,-0.09
5390.0,0.77,
4862.0,1.02,
5679.0,0.841,-0.14
5568.0,0.957,0.44
6417.0,1.405,-0.02
6082.0,1.16,0.0
6970.0,1.523,-0.159
3758.0,0.474,-0.2
5378.0,0.86,0.16
5637.0,0.943,-0.3
4003.0,0.592,
4778.0,0.763,0.32
5897.0,1.269,0.035
5042.0,0.76,-0.05
5803.0,1.655,
5598.0,0.92,-0.01
6100.0,1.16,0.22
3662.0,0.453,-0.45
6350.0,1.32,0.12
6014.0,1.413,-0.07
5888.0,1.645,0.14
5189.0,0.72,-0.37
6319.0,1.032,-0.22
5537.93,0.851957,
4316.0,0.662,-0.23
4897.0,0.772,
5270.0,0.8,-0.06
3806.0,0.5,-0.06
5820.0,0.93,-0.01
5218.0,0.82,0.05
5708.0,1.05042,
,,
4590.0,0.595,-0.64
5443.0,0.814,-0.13
5804.0,1.262,0.26
,0.371,
5804.0,1.639,0.21
3690.0,0.515,0.0
5858.0,0.963,0.1
6388.0,1.037,-0.28
5980.0,,0.13
5432.0,0.913,-0.16
5187.0,0.7622,-0.032
6661.0,1.29,0.07
5817.0,0.87,-0.14
6150.0,1.64,0.21
5918.0,1.555,0.21
6100.0,1.186,-0.25
5670.0,0.95,-0.36
6029.0,0.865,-0.4
6119.0,0.98,
6008.0,1.003,-0.14
5641.0,0.831,-0.16
4725.0,0.69,0.05
5344.0,0.907,0.14
6499.0,1.169,-0.1
5229.0,0.903,0.08
5267.0,2.555,0.02
5046.0,0.74,
5528.0,0.9,0.03
4949.0,0.68,-0.36
6002.0,1.081,0.2
6085.0,1.568,0.03
5798.0,0.941,0.1
9565.0,2.286,0.07
3296.0,0.2617,-0.32
5881.0,1.067,0.14
6200.0,1.846,0.14
,1.181,
6353.0,1.4182,-0.018
,1.592,
,0.96,
4014.0,0.596,0.02
4221.0,0.56,-0.44
,0.541,
5149.0,0.803,-0.14
5607.0,0.886,-0.34
5934.0,1.013,0.21
6170.0,1.499,0.24
6371.0,1.306,0.046
5038.0,0.68,
5714.96,1.19951,0.0775
5856.0,1.699,-0.17
3072.0,0.56,
5089.0,0.716,-0.16
4540.0,0.678,0.04
5722.0,2.006,0.19
5962.0,1.053,
5657.0,1.046,0.0
2850.0,0.1556,-0.028
5300.0,0.849,-0.16
5465.0,0.925,0.02
6500.0,1.785,-0.104
5653.0,0.857,-0.04
6097.0,1.265,
5923.0,1.735,-0.07
6126.0,1.021,-0.04
4852.0,0.741,
5868.0,0.999,-0.12
4536.0,0.693,0.2
3635.0,0.512465,
6091.0,0.967,-0.14
6117.0,1.333,
,0.83,
6180.0,1.17,-0.28
6175.0,1.467,-0.07
5448.0,0.857,0.21
5656.0,0.94,0.18
4920.0,0.0121,
5813.0,0.833,-0.28
4660.0,0.71,0.07
5888.0,1.227,0.06
5770.0,0.853,-0.16
6201.0,1.608,
5304.0,0.87,0.19
5664.0,1.054,-0.34
5627.0,1.056,-0.15
5803.0,1.073,-0.08
6082.0,1.16,0.01
4929.0,0.719,-0.07
4500.0,0.707,
3328.0,0.308799,
6205.0,0.973,-0.58
5074.0,0.702,-0.38
5453.0,0.85,0.0
6238.0,1.054,-0.4
6160.0,1.534,0.36
5470.0,0.856,
5761.0,0.956,0.14
6225.0,1.009,-0.18
,0.686,
6287.0,1.29241,
6040.0,1.686,-0.44
6187.0,1.43,0.04
5175.2,0.841842,
5758.0,1.36,0.21
5093.0,0.847,0.08
3949.0,0.58,
5788.0,0.873,
5631.0,0.847,-0.06
5727.0,1.685,
3949.0,0.607,
6174.0,2.114,0.22
5806.0,0.854,-0.2
5996.0,0.96,
4465.0,0.697547,
5003.0,0.738,-0.06
5861.0,0.835,-0.32
5992.0,0.989,-0.32
6098.0,1.07,
3758.0,0.64,
5509.0,0.836,0.02
6028.0,1.022,-0.14
5019.0,0.747,-0.22
6109.0,1.029,0.0
6188.0,1.01,
6086.0,0.921,-0.26
5754.0,1.67,0.272
3747.0,0.613,
6010.0,1.037,-0.16
,0.13,
,1.7,
4894.0,0.701,-0.22
5326.0,0.78,-0.17
4988.0,0.766,0.1
3951.0,0.52,-0.3
,0.891,
5013.0,0.69,
4996.0,0.831,0.14
4955.0,0.72,
5749.0,0.83,-0.24
5895.0,2.014,0.14
6087.0,1.224,0.21
4772.0,0.714,
3386.0,0.427,0.48
6335.0,1.331,
5835.0,0.869,-0.16
6001.0,1.021,0.08
4926.0,0.662,-0.36
5956.0,1.209,0.0
4096.0,0.57,-0.17
5634.0,1.26,
5751.0,0.854,-0.14
6290.0,1.09,
5100.0,0.916,0.05
5638.0,1.237,-0.02
5657.0,1.046,0.0
4187.0,0.57,-0.32
5664.0,0.92,-0.04
5271.0,0.86,-0.06
5810.0,1.228,0.176
5726.0,1.01,0.07
5888.0,1.961,0.21
5670.0,1.073,0.16
6376.0,1.09,
6170.0,0.992,-0.16
5771.0,1.068,0.06
3726.0,0.47,-0.12
5495.0,0.9164,0.07
4757.0,0.762,0.02
6184.0,1.52,
5735.0,0.854,-0.14
3166.0,0.194357,
5609.0,0.9662,
4346.0,0.65,-0.03
6327.0,1.175,-0.14
5830.0,0.876,-0.14
5009.0,0.84,0.16
5725.0,0.881,-0.26
6103.0,0.949,-0.2
6246.0,1.01,
6032.0,1.001,-0.02
5266.0,0.788,-0.2
3807.0,0.47,-0.26
5438.0,0.83,0.0
5853.0,1.12,0.08
5592.0,0.953,0.16
5545.0,0.87,0.06
5588.0,0.832,-0.1
5685.0,1.06,
5287.0,0.794,
5806.0,1.064,0.16
5081.0,0.815,
5177.0,0.746,-0.22
5252.0,0.898,0.04
6384.0,1.16,
4658.0,0.686,0.0
5007.0,0.783,-0.033
5793.0,1.243,0.12
5320.0,2.202,
4997.0,0.763,
5973.0,0.826,-0.46
5639.0,0.83,
6231.0,2.397,-0.18
5970.0,0.908,-0.18
4856.0,0.696,-0.3
3996.0,0.515,
,0.729,
3896.0,0.561,-0.32
,0.836,
6398.0,1.337,-0.08
4219.0,0.622,-0.29
6174.0,1.103,0.1
3157.0,0.187,
5427.0,0.945,-0.16
7400.0,1.94,
5239.0,0.792,-0.26
5160.0,0.805,
5779.0,0.94,-0.02
4304.0,0.563,
5588.0,1.1,0.14
6102.0,0.887,-0.38
6290.0,1.746,0.04
5381.0,0.76,
4884.0,0.793,0.08
5926.0,0.939,-0.04
5857.0,1.305,-0.04
3846.0,0.503,-0.24
5577.0,1.03,
3841.0,0.535,-0.18
6304.0,1.62,
4709.0,0.685,-0.08
5093.0,0.725742,
5802.0,0.927,
5968.0,0.881,-0.26
6010.0,1.377,0.03
5960.0,0.906,-0.2
,0.215,
5787.0,0.999,0.19
3822.0,0.49,-0.21
5866.0,1.417,-0.2
5356.3,0.863,0.14
4749.0,0.73,
5693.0,0.888,
5284.0,0.8288,0.162
5887.0,1.235,0.16
5831.0,0.921,0.0
5089.0,0.768,
5211.0,0.832,-0.04
5854.0,1.447,0.321
5854.0,1.526,0.1
5739.0,0.928,-0.02
5502.0,0.68,
5567.0,0.881,
6306.0,1.509,
5754.0,0.943,0.21
5505.0,0.873,-0.04
4941.0,0.738,0.0
5036.17,0.826247,
5946.0,1.239,-0.257
6475.0,1.178,-0.06
5966.0,0.93,
5562.0,0.92,0.03
4221.0,0.56,-0.44
3682.0,0.44,-0.11
6077.0,1.288,
5308.0,0.796,0.02
6561.0,2.08347,
5446.0,0.821,-0.2
5139.2,0.8,
6382.7,1.76557,
6050.0,1.02,-0.02
6047.0,1.492,0.15
5951.0,1.155,-0.02
5470.0,0.884,-0.08
5475.0,0.87,-0.02
6025.0,1.34,0.07
5786.0,1.09,
5815.0,1.198,-0.02
6122.0,1.149,
3709.0,0.538,-0.2
5436.0,0.888,0.12
4803.0,0.689,0.0
5559.0,0.89,-0.05
4850.0,0.731,0.2
5513.0,0.915,0.08
5634.0,0.91,0.04
5870.0,1.04,0.04
5612.0,1.206,
5660.0,0.93,-0.02
5436.0,0.893,
4045.0,0.595,
5646.0,0.954,0.0
6197.0,1.06,-0.3
6243.0,1.149,0.21
4909.0,0.7,
5878.0,1.812,0.24
6296.0,1.36,0.04
5735.0,1.03865,
5965.99,1.25231,
3970.0,0.583,
5730.0,0.97,0.01
5762.0,1.06,0.06
5686.0,1.039,0.11
5769.0,1.05,0.08
5818.0,0.855,-0.82
5569.0,0.829,-0.08
5446.0,0.821,-0.2
5178.0,0.818,0.16
,0.813,
,0.92,
5159.0,3.062,-0.04
,1.424,
5702.0,1.317,0.396
5155.0,0.836,0.14
5536.0,1.41,
6220.0,1.328,0.02
,,
5682.0,0.97,0.05
4072.0,0.57,-0.17
4699.0,0.778,0.11
5862.0,1.67,0.16
5877.0,1.265,-0.04
6000.0,1.545,0.084
4835.0,0.68,
5545.0,1.174,0.07
6141.0,1.22,
6015.0,1.185,0.1
6224.0,1.661,0.15
5280.0,0.794,0.04
5476.0,0.974,
3954.0,0.546,-0.1
5718.0,1.48,-0.18
5741.0,0.846,-0.16
3292.75,0.279867,
5600.0,0.872,-0.36
5198.0,0.836,0.27
4192.0,0.57,-0.27
5151.0,0.785,-0.16
6052.0,1.18655,0.05
5113.0,0.753,0.18
6030.0,1.78,0.1
5457.0,1.196,0.14
5587.0,1.393,
4947.0,0.834,
5427.0,0.929,0.16
3726.0,0.454,-0.16
5296.0,0.808,-0.1
3757.0,0.576,0.48
5784.0,0.961,-0.038
5569.0,0.93,0.04
5046.0,0.732,
5523.0,0.832,-0.02
5463.0,0.759,-0.3
5390.0,0.913,
3810.0,0.512,
6053.0,1.188,-0.18
6173.0,1.108,0.21
7099.0,2.02,0.01
5946.0,1.223,0.16
6440.0,1.374,-0.03
5545.0,0.83,0.06
5026.0,0.838,0.32
5473.91,0.877273,0.0562
5278.0,0.78,-0.27
6238.0,1.054,-0.4
,1.188,
5178.0,0.729,-0.27
5485.0,0.928,
6297.0,1.793,0.04
4599.0,0.681,-0.06
5035.0,0.791,-0.06
3521.0,0.343,
6362.0,1.144,0.07
5170.0,0.793,0.12
5205.0,0.8,-0.06
5821.0,1.547,0.14
5559.0,1.07,
6036.0,1.213,0.12
5456.0,0.908,0.11
6238.0,2.0792,
5320.0,0.848,-0.02
6225.0,1.031,-0.12
6178.0,1.267,-0.04
6475.0,1.271,0.21
6084.0,1.04,-0.22
5159.0,0.8,-0.16
6220.0,1.328,0.02
3914.0,0.53,-0.12
4350.0,0.61,
6039.0,1.11,-0.07
6169.0,1.352,
5888.0,1.019,0.1
6010.0,1.26,0.08
5386.0,0.91,
5712.0,0.87,-0.1
6149.0,1.07,
4098.0,0.61,0.02
5609.0,0.898,0.21
3841.0,0.5,-0.18
5618.0,0.95,0.08
4588.0,0.619,
,,
6303.0,1.05,
6014.0,0.94,
5998.0,1.17,0.09
5505.0,0.871,0.21
6443.0,1.83,0.15
6103.0,0.949,-0.2
4978.0,0.72,
7204.58,1.49338,
5735.0,0.854,-0.14
5924.0,1.34757,
5726.0,1.285,0.16
6043.0,1.12,
5896.0,0.916,-0.08
4390.0,0.617,-0.127
5490.0,0.802,
5676.0,0.82,-0.3
5232.0,0.93,0.37
4309.0,0.696,0.252
5550.0,0.954,0.46
5173.0,0.939,0.26
5858.0,0.963,0.1
5085.0,0.69,
3410.0,0.345,0.0
6364.0,1.26,
5532.0,0.947,0.218
5892.0,1.06,0.04
6052.0,1.202,-0.12
4827.0,1.727,0.56
5219.0,0.851,0.16
5761.0,1.044,0.0
6210.0,1.7903,-0.14
5821.0,0.848,-0.22
5910.0,0.94,-0.02
6195.0,1.124,0.12
4062.02,0.580337,
,,
5970.0,0.908,-0.18
5422.0,0.746,-0.34
5257.0,0.874,-0.02
5600.0,1.01,-0.07
6033.0,1.021,
4929.5,0.8,
6090.0,1.264,
5134.0,0.7625,
5295.0,0.817,
5523.0,0.809868,
6157.0,1.014,-0.12
,,
5515.0,0.992,0.36
5968.0,1.857,0.04
6002.0,0.93,
5340.0,0.962,0.45
6774.0,1.46,
,,
5780.0,1.0,
5631.0,0.94,
7138.0,1.554,-0.2
5912.0,1.094,-0.14
,0.99,
5774.0,0.88,
5938.0,0.883,-0.24
4451.0,0.59,
5571.0,1.613,
3518.0,0.46,
5244.0,1.56,0.12
6306.0,1.79,
5094.0,0.901,0.26
3735.0,0.4,-0.5
5530.0,0.86,
4967.0,0.67,-0.36
4983.0,0.651,-0.44
,0.822,
4500.0,0.595,
5887.0,1.146,
5089.0,1.945,0.12
,,
5620.0,1.041,0.25
5854.0,1.602,
3983.0,0.516,
4764.0,0.699017,-0.13
5699.0,1.415,0.3
4925.0,0.64,-0.37
5923.0,1.735,-0.07
5331.0,0.778,-0.2
4385.0,0.706,0.38
6127.0,1.35,0.07
6089.0,1.58,
4224.0,0.603,-0.2
6122.0,1.047,-0.14
5139.2,0.8,
6761.0,1.74,0.03
6353.0,2.867,-0.1
6022.0,1.238022,0.3
6635.0,1.516,-0.04
4096.0,0.57,-0.17
5456.0,0.931,
5682.0,0.9,
5297.0,0.81,-0.1
5080.0,0.77,0.3
5166.0,0.79,
6032.0,1.001,-0.02
6108.0,1.03,0.07
6248.0,1.458,
6184.0,0.959,-0.26
5094.0,0.644,-0.58
,1.269,
5957.0,0.971,0.07
,0.99,
3219.0,0.347,0.27
5328.97,0.943767,
5512.0,0.87,
4812.0,0.755,0.02
5775.0,1.25,-0.46
5700.0,0.95,
5718.0,1.005,
5616.0,1.2,0.4
5657.0,1.046,0.0
,0.556,
5678.0,0.99,-0.28
5399.0,0.815,
5904.34,1.81719,0.1381
4756.0,0.6909,-0.372
4511.0,0.65,0.0
6681.0,1.75,0.06
6206.0,1.02,
5077.0,0.85,0.13
6325.0,1.112,-0.04
5159.0,0.759,-0.21
5818.0,0.855,-0.82
6139.0,1.29,0.05
6121.0,1.164,0.36
5140.0,0.96,0.0
6045.0,1.32,
4908.0,0.736,
6172.0,1.57,-0.06
5498.0,0.95,0.18
5702.0,0.85,
6308.0,1.444,-0.1
5958.0,1.11,0.03
5794.0,1.216,0.14
5934.0,1.1,0.08
6730.0,2.551,
,,
4373.0,0.575,
5495.0,0.9164,0.07
4836.0,0.73,-0.01
6127.0,1.2,0.02
5692.0,0.96,0.01
5973.0,1.15,
6060.0,1.53,0.208
5283.0,0.839,0.134
6023.0,1.1,-0.13
6157.0,1.392,-0.26
4168.0,0.541,
6162.0,1.587,-0.09
5126.0,0.742,-0.12
5762.0,1.143,0.06
5607.0,1.14,0.12
5861.0,0.872,-0.18
5930.0,1.162,
5488.0,0.94,
4481.0,0.797,
3726.0,0.47,-0.12
4496.0,0.579,
5986.0,1.404,
5774.0,1.046,
4952.0,0.76,0.03
4598.0,0.7,-0.01
5513.0,0.818,-0.16
6214.0,1.28,0.03
5846.29,1.25324,-0.2729
4246.0,0.552,
5623.0,0.93,0.02
6432.0,1.3,-0.14
6071.0,1.216,0.08
5653.0,0.857,-0.04
4762.0,0.683,-0.21
5015.0,0.826,0.1
5688.0,0.971,-0.12
5720.0,0.89,0.12
4486.0,0.577,
5755.0,1.361,-0.52
5710.0,0.95,-0.01
5190.0,1.923,-0.05
6107.0,1.04,
3835.0,0.6,-0.01
6300.0,1.57,
3701.0,0.49,-0.02
5200.0,0.87,-0.07
3741.0,0.49,0.03
5165.0,0.675,
5820.0,0.99,-0.03
,,
3609.0,0.422,-0.06
6215.0,1.145,0.14
5883.0,1.074,-0.16
4726.29,0.734626,
6274.0,1.05,
5825.0,0.965,0.21
6084.0,1.123,-0.2
5922.0,1.07,
5817.0,0.89,
5248.0,0.81,-0.05
5917.0,1.239,-0.08
6432.0,1.3,-0.14
5304.0,0.871,0.19
6015.0,1.185,0.1
5785.0,0.99,
6221.0,1.33,0.06
4651.0,0.697,0.01
6054.0,1.234,0.02
5081.0,0.77,0.12
6102.0,0.887,-0.38
5955.0,1.05,-0.04
4061.0,0.524,
5311.0,0.948,0.14
,,
6170.0,0.992,-0.16
4075.67,0.571015,
6144.0,1.85,0.13
6029.0,0.865,-0.4
5402.0,0.868,
5800.0,0.91,
5776.0,0.726,-0.72
6143.0,1.116,-0.2
6320.0,1.202,-0.039
6110.0,1.648,0.124
5354.0,0.788,-0.08
6090.0,1.329,
6050.0,1.013,-0.04
6112.0,1.168,-0.34
5684.0,0.981,0.18
5216.26,0.852266,
6200.0,1.58,0.01
4056.0,0.56,-0.23
3748.0,0.539,
5890.0,0.95,
5810.0,0.87,
5855.0,1.268,0.04
6186.0,1.421,
5031.0,0.74,
4599.0,0.681,-0.06
6474.0,1.26,-0.16
5366.0,0.836616,-0.01
5650.0,1.337,0.15
5811.0,0.866,-0.2
5519.0,0.87,0.0
5325.0,0.863,0.36
5468.0,0.968,0.14
6513.0,1.825,-0.02
6122.0,0.996,-0.1
6779.0,1.27,
5609.0,0.944,0.16
4551.0,0.68,0.0
5923.0,1.735,-0.07
5325.0,0.863,0.36
5816.0,1.0783,
5953.0,0.926,-0.24
6003.0,2.193,-0.28
5933.0,1.036,
6022.0,1.345,0.32
6018.0,0.99,
5900.0,1.175,
,0.98,
5720.0,0.85,
5794.0,1.496,0.14
5595.08,0.988751,
5731.0,1.19,-0.24
5305.0,1.449,0.24
6115.0,0.885,
,0.994,
5802.0,1.01814,
5851.0,1.411,0.27
5450.0,0.9,
6088.0,1.259,
5644.0,0.99,-0.3
2703.0,0.118,0.0
5495.0,0.961,0.16
3569.0,0.389,-0.16
5543.0,0.813,-0.14
5740.0,0.86,
5216.0,0.79,0.06
6169.0,1.117,-0.08
3900.0,0.537,-0.1
5530.0,0.96,0.2
6351.0,1.4,
6419.0,1.362,-0.48
4807.0,1.063,
5219.0,0.851,0.16
5683.0,2.102,0.223
4031.0,0.523,
4648.0,0.607,
5552.0,1.137,0.38
6133.0,1.21,0.04
5436.0,0.888,0.12
6060.0,1.271,0.09
6346.0,1.449,-0.16
5636.0,1.39,0.12
5083.0,0.7,
4564.0,0.699,
6292.0,1.276,0.16
5762.0,1.06,0.06
5741.0,1.008,-0.38
3972.0,1.26,
6363.0,1.012,-0.32
6004.0,0.977,-0.02
5788.0,0.94,-0.1
5046.0,0.705,
6170.0,0.992,-0.16
5378.0,0.86,0.16
5093.0,0.784,0.12
6030.0,1.033,
6361.0,1.1,
5364.0,0.754,-0.54
,,
5733.0,0.997,0.07
5265.0,1.002,0.46
5970.0,0.908,-0.18
6325.0,1.56,0.11
5238.0,0.752,-0.16
5853.0,0.895,-0.1
3949.0,0.607,
6008.0,1.062,-0.2
5854.0,1.099,
6020.0,1.008,-0.18
4859.0,0.707,-0.34
,,
4819.0,0.73,0.14
5831.0,1.238,0.1
5354.0,0.788,-0.08
5910.0,0.897,
5782.0,1.095,-0.02
5100.0,0.795,
5784.0,0.918917,
5796.0,0.871,-0.12
6106.0,1.359,0.33
3419.0,0.38,
3726.0,0.47,-0.12
5172.0,0.81,-0.09
3841.0,0.442,-0.28
5560.0,0.939,
6230.0,1.23,0.04
5912.0,1.094,-0.14
5910.0,0.94,-0.02
5957.0,0.971,0.07
5751.0,1.071,0.21
5067.0,0.821,0.08
3855.0,0.53,-0.1
5646.0,1.08,0.22
6028.0,0.844,-0.54
6299.0,1.167,0.21
5255.0,0.82,0.22
6270.0,1.309,-0.04
4894.0,0.72,-0.06
4111.0,0.701202,
5380.0,0.785,-0.2
3791.0,0.574432,
,1.0878,
5648.0,0.905,
5343.0,0.847,
3828.0,0.565,0.3
4905.0,0.761,-0.04
3914.0,0.53,-0.12
3430.0,0.313,-0.27
5190.0,0.888,
5741.0,0.856,-0.16
5212.0,0.87,0.04
5033.0,0.821,0.06
,1.367,
5871.0,0.945,-0.11
5410.0,0.865985,
5259.0,0.81,-0.05
4975.03,0.741698,0.08
5256.0,0.813,0.16
4843.0,0.658,
6131.0,1.86,-0.15
5562.0,1.33,0.09
5796.0,1.037,
,0.702,
4997.0,0.763,
6297.0,1.39,0.04
6419.0,1.28,
5371.0,0.807,
5823.0,0.88,
6137.0,1.005,-0.32
4374.0,0.614,-0.34
6168.0,0.96,-0.24
5880.0,1.448,0.22
6190.0,1.401,-0.1
3887.0,0.48,-0.36
5829.0,0.89,
6251.0,1.119,-0.06
4717.0,4.47,0.33
5583.0,1.007,0.02
5565.0,1.439,0.16
6102.0,0.887,-0.38
,0.67,
5739.0,1.027,
5167.0,0.882,0.15
6103.0,0.98,
5854.0,1.447,0.321
6119.0,0.981,-0.16
5767.0,0.851,-0.18
5655.0,0.99,0.44
5526.0,0.83,
3887.0,0.48,-0.36
5674.0,0.857,-0.06
6238.0,2.227,
5678.0,0.95,-0.03
5721.0,0.919,
5717.0,0.884,0.0
5816.0,0.884,0.08
5503.0,1.641,0.384
4938.0,3.324,0.0
6161.0,1.169,0.36
5632.0,0.94,
5684.0,1.415,0.02
6215.0,1.145,0.14
6083.0,1.382,
5854.0,2.192,0.31
4441.0,0.546,-0.86
5945.0,0.859,-0.3
,,
5721.0,1.212,-0.06
5372.0,2.185,0.08
5906.0,1.073,-0.16
5388.0,0.85,0.02
5244.0,0.888,0.02
4962.0,0.767,-0.08
4909.0,0.7,
5149.0,0.93,0.42
6153.0,1.806,
3713.0,0.47,-0.12
5821.0,0.848,-0.22
4852.0,0.804,0.2
6063.0,1.001,-0.02
5196.0,0.775,0.04
5821.0,1.21,0.1
6065.0,1.061,0.21
5912.0,1.09,0.16
4811.0,0.634,-0.58
5548.0,1.793,0.12
5988.0,0.966,
5763.0,1.098,
6032.0,0.935,-0.78
6188.0,1.312,0.1
4406.0,0.628,-0.24
6347.0,0.996,-0.34
5997.0,0.904,-0.22
5274.0,0.855,-0.03
3810.0,0.52,-0.02
4077.0,0.56,-0.24
4583.0,0.674,-0.16
5709.0,0.99,0.07
,0.93,
5951.0,1.4,0.19
5724.0,0.862,-0.4
5196.0,0.8,-0.05
,0.367,
,,
5470.0,0.884,-0.08
5730.0,1.056,0.16
6002.0,1.47,-0.02
,0.532,
6202.0,1.11,0.0
4263.0,0.653,
5528.0,0.92,-0.1
5847.0,1.402,0.26
4262.1,0.685548,
6029.0,1.12,
4725.0,0.69,0.05
6093.0,1.581,-0.24
6075.0,0.969,-0.12
5146.0,0.905,0.2
,1.1,
6102.0,0.887,-0.38
6620.0,1.85,
6250.0,2.2,-0.18
,0.54,
6214.0,1.122,-0.02
6327.0,1.296,-0.311
6040.0,0.999,-0.02
4350.0,0.66,0.06
5805.0,1.4484,
4939.0,0.75,-0.02
4803.0,0.737189,
5995.0,1.011,-0.58
6142.84,1.46908,
4375.0,0.621,
5355.0,0.84,-0.01
5072.0,0.774,0.07
5262.0,0.81,-0.1
5627.0,0.815,-0.48
5108.0,0.751,0.24
5380.0,0.805,
5451.0,0.897,0.16
5640.0,1.291,0.34
6139.0,0.976,-0.22
6484.0,1.173,-0.08
5950.0,1.34,-0.02
5855.0,0.89,
,0.93,
4476.0,0.711,
5941.0,0.885,-0.22
6039.0,2.032,0.332
5800.0,1.01,
5783.0,0.86,-0.34
5085.0,1.08433,0.27
6215.0,1.02,
5718.0,1.099,-0.06
,1.01,
6049.0,1.251,-0.1
6075.0,1.352,0.32
5450.0,0.93,
5105.0,0.78,0.12
5811.0,0.9,
5120.0,0.728,
6692.0,1.351,-0.14
6186.0,1.28,0.06
6362.0,1.144,0.07
6299.0,1.167,0.21
5656.0,0.737,-0.56
6153.0,1.109,0.02
5452.0,0.811,-0.027
5739.0,1.183,0.4
5528.0,0.853,-0.2
5144.0,0.79,-0.01
6008.0,1.003,-0.14
6389.0,1.316,0.06
6241.0,0.998,-0.48
5064.0,0.73,-0.06
5142.0,0.78,
6057.0,1.147,0.1
,,
5322.0,0.84,0.11
5938.0,1.739,-0.06
5998.0,1.11,0.02
3340.0,0.265,-0.34
5895.0,0.94,-0.02
5130.0,0.756,-0.12
5656.0,1.077,
5742.0,1.228,-0.036
4882.0,0.738,-0.12
5783.0,0.88,-0.08
5989.0,1.49,0.18
6380.0,1.31,0.2
6218.0,2.224,
5903.0,1.156,-0.1
5870.0,1.047,
5951.0,1.155,-0.02
6933.0,1.503,-0.05
5238.0,0.752,-0.16
3652.0,0.48,0.2
6156.0,1.188,0.12
6310.0,1.095,-0.06
4078.0,0.588,
6050.0,2.26,0.14
5694.0,0.84,
5988.0,1.236,-0.12
6027.0,1.31,
3810.0,0.512,
5461.0,0.78,
4111.0,0.618173,
6279.0,1.598,-0.08
5666.0,0.677,-0.86
6133.77,1.23,
5738.0,0.95,
5355.0,0.803,0.0
5936.0,0.965,0.07
4325.0,0.56,-0.64
5561.0,0.836,-0.06
5893.0,0.866,-0.26
4900.0,0.772,0.12
5330.0,1.013,0.18
5015.0,0.826,0.1
,0.69,
5983.0,0.994,
5434.0,0.81,
6170.0,1.414,
5795.0,1.247,0.16
5616.0,1.066,
5933.0,1.2,0.14
4435.0,0.63,-0.17
4703.0,0.65,
5346.0,0.952,0.04
6335.0,2.127,
6072.0,1.659,-0.09
5952.0,1.044,
5075.0,0.772,-0.02
5812.0,0.923,0.02
3560.7,0.344292,
4702.0,0.691,-0.18
5712.0,1.01702,
5631.0,0.802,
4653.0,0.66,-0.04
5910.0,1.727,0.14
4650.0,0.706,-0.04
5120.0,0.796,
5793.0,1.242,
6182.0,1.169,-0.13
5741.0,0.993,
3735.0,0.4,-0.5
5331.0,0.86,
5867.0,1.356,0.24
4998.0,9.0,
6046.0,1.396,-0.16
5938.0,1.129,
5477.0,0.865,0.21
5577.0,0.96,-0.11
5188.0,0.973,0.32
5532.0,1.13,0.08
,,
6350.0,1.55,0.07
4616.0,0.668,-0.24
6004.0,1.12,-0.38
4902.0,0.831423,
5855.0,1.08,0.14
4558.0,0.63,-0.23
5840.0,1.03,
5674.0,1.536,
5311.0,0.788,-0.04
5759.0,1.116,
6100.0,1.26,0.07
6050.0,0.95,
5250.0,0.79,-0.16
4477.0,0.72,
6177.0,1.043,-0.14
6197.21,1.64162,
5675.0,1.042,-0.18
6085.0,1.17,0.02
5229.0,1.005,0.32
5766.0,1.09,
5550.0,0.879,
6025.0,1.106,
6117.0,1.16,
5926.0,0.887,-0.2
5709.0,0.88,-0.12
5961.0,1.25,0.19
6222.0,1.72,
6325.0,1.361,0.01
,,
4509.0,0.602,
5838.0,0.793,-0.46
4586.0,0.7,0.01
4258.0,0.622,-0.18
6293.0,1.682,-0.3
5435.0,0.924,0.05
,,
3731.0,0.574,
5808.0,1.01,0.03
5823.0,0.972,0.06
6318.0,1.455,
5932.0,1.09,0.03
5076.0,0.771,0.17
4127.0,0.491,
5998.0,1.36,-0.2
,0.766,
6458.0,1.089,-0.42
6060.0,1.22,0.06
5538.0,1.11,
5918.0,1.079,0.32
5955.0,0.91,-0.16
4583.0,0.674,-0.16
5779.0,0.86,
4991.0,0.804,0.04
5495.0,0.961,0.16
6172.0,1.471,0.16
,,
5495.0,0.9639,0.07
5194.0,0.8,
5540.0,0.97,
4665.0,0.686,
5170.87,0.947112,
5657.0,1.046,0.0
4127.0,0.621,
4923.0,0.701,-0.19
4664.0,0.76,
4441.0,0.53,-0.98
5149.0,0.815,0.26
,,
6068.0,1.797,0.16
6210.0,1.054,-0.18
3927.0,0.65,
5788.0,1.31,
6300.0,1.474,0.28
4843.0,0.65,0.03
5555.0,1.626,
5945.0,1.302,-0.08
6090.0,1.293,-0.04
5734.0,0.962,0.04
5350.0,0.824,0.03
5759.0,0.93,-0.16
6191.0,1.01,-0.14
4491.0,0.706,0.28
5977.0,0.801,-0.56
4777.0,0.561,-1.08
5718.0,0.995,0.12
5866.0,0.89,
5745.0,0.908,-0.52
5150.0,0.825,-0.08
6258.0,1.031,-0.16
4919.0,0.72,-0.18
6023.0,1.1,-0.13
5641.0,0.981,-0.06
4040.0,0.57,-0.14
,0.834,
5610.0,1.65,
5258.0,0.87551,
4828.0,0.73,0.01
,,
3810.0,0.52,-0.02
,0.704,
5400.0,1.18,
5991.0,1.293,-0.2
5333.0,0.828,
3281.0,0.32,
5763.0,0.97,-0.03
4812.0,0.755,0.02
5806.0,0.932,-0.01
5438.0,0.825,0.07
3652.0,0.48,0.18
5153.0,0.767,-0.18
5863.0,1.04,0.01
5121.0,0.749,0.11
4908.0,0.769,-0.13
6034.0,1.28,
5189.0,0.72,-0.37
6217.0,1.09,-0.04
5316.0,0.719,-0.38
3893.0,0.52,-0.15
5653.0,0.857,-0.04
4700.0,4.1,0.25
4910.0,0.892,0.56
4156.0,0.594,-0.16
5043.0,0.881,0.3
4141.0,0.64,
4915.0,0.798,
6426.0,1.154,-0.12
5413.0,0.865,-0.02
5988.0,0.934,-0.12
6570.0,1.46,-0.13
5887.0,1.029,0.08
5693.0,0.856,-0.08
3799.0,0.492,
3740.0,0.48,-0.08
4224.0,0.603,-0.2
6846.0,1.88,0.06
3893.0,0.52,-0.15
5433.0,0.86,0.05
5477.0,0.894913,0.26
3727.0,0.5,0.04
5485.0,0.867,0.21
5645.0,0.79,
,1.0807,
6063.0,1.012,0.07
5514.0,0.808,-0.16
5058.0,0.7475,-0.18
4374.0,0.614,-0.34
5520.0,2.74429,
4612.0,0.625,
6136.0,1.005,-0.36
5865.0,1.04,
5254.0,1.514,0.21
6381.0,2.232,-0.08
6177.0,0.906,-0.4
5280.0,0.751,-0.42
5446.0,0.963,0.29
6108.0,1.03,0.07
5588.0,1.593,0.14
4719.0,0.502,-1.7
5608.0,0.83,
4841.0,0.81,
4838.0,0.796,0.18
5002.0,0.753,-0.18
5181.0,0.79,-0.08
5194.0,0.89,0.17
,,
,0.877,
5918.0,1.091,
5497.0,1.0561,0.274
5225.0,0.859,0.14
6401.0,1.15,-0.04
5220.0,0.828,
4766.0,0.742,
5500.0,1.28,0.33
6166.0,1.25,0.08
4042.0,0.49,-0.62
6071.0,1.107,-0.14
5046.0,0.727,0.17
5606.0,0.987,
5763.0,0.842,-0.2
5142.0,0.755,-0.06
5999.55,1.09414,
4105.0,0.61,0.01
5918.0,1.068,-0.22
5007.0,0.77,0.09
4079.0,0.528,
5415.0,0.839164,0.03
6217.0,0.989,-0.22
5499.0,1.087,0.12
5461.0,0.85,
5700.0,0.9,
6535.0,1.283,0.21
5229.0,1.005,0.32
5759.0,1.035241,-0.03
6365.0,1.0207,
5994.0,1.06,0.08
5215.0,0.867,0.28
5851.0,0.918,-0.04
3339.0,0.288,0.0
5979.0,1.281115,0.1
5603.0,0.898,
5324.0,0.751,-0.22
4817.31,0.789834,
5431.0,0.884,-0.14
5078.0,0.806,
6006.0,0.94,
5693.0,0.802,-0.3
5554.0,0.81,
5632.0,0.857,-0.02
5677.0,0.97,0.05
5848.0,1.385,
3389.0,0.404,
4684.0,0.673,-0.137
3664.0,0.539,-0.11
4674.0,0.641,0.02
6270.0,1.31,-0.04
6233.0,1.076,-0.08
5748.0,1.4,0.09
5643.0,1.065,-0.15
5883.0,1.529,0.2
5710.0,0.983,-0.03
6060.0,0.953,-0.14
6063.0,1.234,
4518.0,0.653,-0.24
4722.0,0.718,0.07
5033.0,0.821,0.06
5913.0,1.06,0.0
4758.0,0.72,0.01
6179.0,1.4,0.08
5267.0,0.84,0.12
4910.0,0.892,0.56
3593.0,0.47,0.16
4910.0,0.892,0.56
5365.0,1.09,-0.34
4807.0,1.802,0.48
5159.0,0.850729,
6059.0,1.02,
5984.0,0.906,-0.2
6189.0,1.382,
6280.0,1.33,
6077.0,1.072,0.21
5789.0,0.943,
6218.0,1.651,0.156
6090.0,1.293,-0.04
5960.0,0.906,-0.2
5963.52,1.20944,-0.441
6060.0,1.271,0.09
6213.0,1.486,-0.055
5223.0,0.78,0.07
3915.0,0.633367,
5697.0,0.946,0.14
6057.0,1.467,-0.06
6299.0,1.167,0.21
4908.0,0.782,0.22
5769.0,0.91,
5600.0,1.0,
5957.0,0.971,0.07
6507.0,1.137,
5471.0,1.118,
5128.0,0.821,
3950.0,0.56,-0.1
5668.0,0.785,-0.36
,1.0574,
4899.0,0.691,
5873.0,1.161,0.36
6046.0,0.972,-0.08
5167.0,0.903,
5847.0,1.369,
5142.0,0.78,
4986.0,0.723,-0.12
6022.0,1.111,
6114.0,1.27,
6061.0,0.97,-0.1
6089.0,1.2,0.03
5480.0,0.931,0.24
5516.0,0.828,
5700.0,1.618,0.15
6050.0,1.04,
5402.0,0.793,-0.1
5735.0,1.21,
5058.0,0.802633,
5524.0,0.8,
4540.0,0.678,0.04
5513.0,0.915,0.08
6330.0,1.53,
5727.0,1.104,0.0
5757.0,0.881,-0.06
6380.0,1.295,
5894.0,1.228,0.21
7110.0,1.42,
6244.0,1.009,-0.2
3877.0,0.502,
5942.0,1.072,-0.315
6199.0,1.24,-0.03
5695.0,0.872,-0.02
5239.0,0.862,
5043.0,0.77,-0.01
5599.0,1.03,0.23
6049.0,1.251,-0.1
3770.0,0.517,
3565.0,0.512,
5174.0,0.8,0.05
5676.0,1.066,
3500.0,0.454,-0.03
5463.0,0.759,-0.3
5592.0,0.782,-0.3
5568.0,0.957,0.44
4970.0,0.76,0.29
6484.0,1.173,-0.08
6062.68,1.13742,
5228.0,0.755,-0.14
5525.0,0.88,-0.03
4996.0,0.79,0.16
5830.0,1.13,0.14
4897.0,0.84,
,0.582,
4239.0,0.6,-0.22
6031.0,1.247,-0.16
,0.391,-0.18
5745.0,1.07,0.04
5792.0,1.005,-0.26
6311.0,1.35,-0.07
3884.0,0.606,
5062.0,0.66,
4985.0,0.75,-0.1
,,
5861.0,1.304,0.0
,1.046,
4040.0,0.57,-0.14
5965.0,1.11,0.07
6150.0,1.209,
,0.529,
5854.0,1.526,0.1
6062.0,1.14,-0.06
6063.0,1.001,-0.02
6250.0,1.146,
6194.0,1.069,0.07
5178.0,0.767,
6146.0,1.18,-0.02
5167.0,0.787,-0.04
5035.0,0.791,-0.06
5468.0,1.046,0.22
6035.0,1.257,-0.28
5166.0,0.678,-0.42
5149.0,0.826,
6388.0,1.209,0.02
3517.0,0.37,-0.07
5935.0,1.129,
4253.0,0.57,-0.35
5617.0,1.032,
5342.0,0.76,
6059.0,2.26,0.14
5958.0,1.11,0.03
3909.0,0.6,
5388.0,0.9583,0.257
5029.0,0.93,0.48
5774.0,0.958,0.05
5482.0,0.79,
6165.0,1.115,-0.08
5739.0,0.928,-0.02
6083.0,0.835,-0.5
4942.0,0.915,
5884.0,1.5,0.07
3799.0,0.492,-0.2
4796.0,0.71,-0.082
4961.0,0.738,0.21
5714.0,1.11,0.03
5350.0,1.15,
6206.0,1.573,0.22
4031.0,0.523,
5989.0,1.219,0.06
5620.0,0.884,0.06
5110.0,1.8,
5695.0,0.936,0.16
4522.0,0.655,-0.22
5921.0,1.045,-0.26
3471.0,0.402,0.11
5850.0,0.95,-0.15
5954.0,1.268,
5530.0,0.892,-0.34
5600.0,0.872,-0.36
6635.0,1.516,-0.04
6119.0,1.589,
3912.0,0.533,-0.12
6308.0,1.153,-0.08
5744.0,1.14,
,1.049,
5841.0,0.931,0.07
5558.0,0.861,
5649.0,1.055,0.48
4345.0,0.521,-0.86
5982.0,0.96,-0.04
6020.0,1.04,0.02
5215.0,0.81,0.01
4762.0,0.688,
5455.0,0.975,0.35
5687.0,0.86,-0.12
5866.0,1.439,0.32
5115.0,0.854,0.08
5584.0,0.898,0.28
4859.0,0.697,
5213.0,0.78,-0.06
3363.0,0.351,-0.08
6127.0,1.298,
5773.0,0.91,
5692.0,1.16,
5589.0,0.836,-0.3
6166.0,1.397,0.09
6092.0,1.32975,
5918.0,0.865,-0.26
5643.0,0.854,
6242.0,1.047,-0.1
5895.0,1.56257,0.12
6036.0,1.569,-0.38
5753.0,0.86,
5485.0,0.938,0.0
6295.0,1.28,0.0
5559.0,0.81,
5620.0,1.02,0.29
,1.56,
3841.0,0.371,
6692.0,1.351,-0.14
4948.0,0.711,
5609.0,0.944,0.16
5218.0,0.799,
5632.0,0.83,
,0.4555,
4985.0,0.815,0.25
5513.0,0.915,0.08
6418.0,1.171,0.07
3787.0,0.506,-0.1
6018.0,0.94,
5578.0,0.9,-0.03
5465.0,0.736,-0.4
6341.0,1.033,-0.24
5500.0,0.795,-0.2
6437.0,1.335,-0.18
5541.0,0.81,0.02
5776.0,0.95,0.21
6032.0,0.935,-0.78
5988.0,1.26,0.07
5518.0,0.979,-0.29
5234.0,0.854,0.3
5342.0,0.992137,
5891.0,1.046,
6166.0,1.06,
5938.0,0.91,
5817.0,2.153,0.18
5011.0,0.851,0.2
5936.0,0.965,0.07
6002.0,1.016,
6011.0,1.494,-0.4
5742.22,1.17321,-0.39
6195.0,1.03,
5949.0,0.937,-0.1
5334.0,0.796,-0.02
6238.0,2.108,0.05
6033.0,1.788,-0.1
3934.0,0.54,-0.13
4457.0,0.73,
6271.0,1.56803,
5573.0,0.827,-0.12
3983.0,0.54,-0.2
5667.0,1.56,0.33
5944.0,1.05,-0.05
5295.0,0.801,-0.02
6781.0,1.07,
5988.0,2.122,
5930.0,1.10013,
5251.0,0.817,0.21
5716.0,1.344,-0.16
6032.0,0.973,-0.06
4722.0,0.527,-1.38
5234.0,0.81,-0.01
5918.0,1.079,0.32
3893.0,0.52,-0.15
6285.0,2.48,0.12
5978.0,0.939,
5098.6,0.818771,
6061.0,0.945,-0.2
6302.0,1.098,-0.14
5840.0,1.626,0.188
5857.0,0.867,-0.36
5561.0,0.836,-0.06
4503.0,0.619,
5902.0,1.07,0.04
3471.0,0.38,0.0
4853.0,0.75,0.12
5097.0,0.79,0.02
,1.046,
5100.0,0.714,-0.24
6664.0,1.339,-0.18
5936.0,0.965,0.07
6244.5,1.43256,
5818.0,1.2,0.02
6330.0,1.319,0.07
5865.0,1.272,0.16
,1.07,
5135.0,0.874,0.12
4521.0,0.79,
6119.0,0.938,-0.26
5200.0,0.84,0.2
5858.0,0.903,-0.2
5902.0,1.474,0.1
5269.0,0.801,-0.1
5795.0,0.853,-0.3
5512.0,0.89,0.0
3767.0,0.48,-0.1
5417.0,0.77,-0.32
4632.0,0.666,
5526.0,0.89,
5723.0,0.96,-0.01
3761.0,0.46,-0.21
5674.0,0.857,-0.06
5862.0,0.931,-0.14
6208.0,1.009,-0.16
4867.0,0.8,
5690.0,1.29,0.26
5073.0,0.74,
5733.0,0.946965,0.04
5289.0,0.93,
5791.0,2.196069,-0.23
5488.0,0.79,
4790.0,0.766,0.09
5570.0,1.548,0.16
5828.0,1.548,-0.05
5224.36,0.961092,
6076.0,1.15,-0.06
4800.0,0.64,
3157.0,0.21,0.27
5754.0,1.06,
5662.0,0.806,-0.44
5256.0,0.832,-0.16
5302.0,0.759,
3068.0,0.17,-0.48
5913.0,0.976,
2988.0,0.2134,-0.262
4223.0,0.62,-0.06
5730.0,1.341,0.15
5812.0,1.39,
5342.0,0.8566,-0.303
5302.0,0.759,
5859.0,1.162,0.16
6409.0,1.622,-0.22
5818.0,1.205,-0.02
5180.0,0.769,0.0
5982.0,1.185,-0.02
4714.0,0.753,0.18
6056.0,1.498,0.36
4858.0,0.707,-0.02
,1.04,
5063.0,0.728,-0.14
5020.0,0.77,-0.02
5836.0,1.074,
5956.0,1.024,-0.4
6184.0,1.52,
6215.0,1.052,-0.06
3879.0,0.537,-0.12
5142.0,0.745,-0.12
5936.0,0.965,0.07
6086.0,1.01,
6386.0,1.449,0.21
6112.0,1.066,0.02
6062.0,1.13,-0.02
6077.0,0.999,-0.04
5229.0,0.701,-0.36
4515.0,0.68,-0.02
6166.0,1.06,
5717.0,0.884,0.0
6028.0,1.14,0.06
,0.59,
5798.0,0.958,-0.02
,1.316,
5370.0,2.78715,
6453.0,1.328,-0.02
4061.0,0.524,
5386.0,0.897,
5228.0,0.755,-0.14
6173.0,1.108,0.21
5777.0,1.012,
6184.0,1.52,
3851.0,0.552,
6230.0,1.03,
6108.0,1.03,0.07
5079.0,0.827,0.12
5203.0,0.865,0.22
5900.0,1.694,0.0
6240.0,2.19,0.03
6479.0,1.65082,
6184.0,2.00852,0.26
6100.0,1.083,-0.12
6282.0,2.078,
4806.0,0.72,0.0
6435.0,1.108,
6198.0,1.324,-0.04
,0.576,
6263.0,1.315,-0.22
5700.0,0.946,0.01
5710.0,1.7,0.0
5783.0,0.842,-0.28
5356.3,0.863,0.14
5675.0,0.96,0.02
6087.0,1.66,0.15
5273.0,0.74,
6038.0,1.088,-0.24
5866.0,0.903,-0.18
5131.0,0.893,0.28
6032.0,1.02,
4132.0,0.564,-0.3
5026.0,0.759,0.0
6251.0,2.281,0.24
5038.0,2.879,0.04
,0.491,
5926.0,1.09,0.06
4236.0,0.741921,
5032.0,0.593,-0.96
5721.0,1.84,
5339.0,0.847,0.18
4460.0,0.615543,-0.33
4141.0,0.602,
5576.0,1.11133,0.36
4704.0,0.789,
5753.0,0.98,0.03
6079.0,0.945,-0.2
,0.582,
6150.0,1.56,0.05
5969.0,1.709,
,0.36,
3827.0,0.53,-0.06
5253.0,0.82,-0.01
4040.0,0.57,-0.14
4769.0,0.714,0.12
6043.0,1.12,
6078.0,1.432,0.12
6182.0,1.52,0.0228
5446.0,0.821,-0.2
5947.0,1.39,
5941.0,0.885,-0.22
5991.0,1.08,0.0
6102.0,1.201,-0.24
3459.0,0.37,-0.01
3369.0,0.42,0.48
3799.0,0.492,-0.2
6058.0,1.88,
4954.0,0.885,0.44
6178.0,2.136,
6167.0,1.689,-0.12
6146.0,1.55738,
5253.0,0.834386,
5778.0,1.213,0.16
5559.0,0.806,-0.18
5945.0,1.274,0.01
5105.0,0.794,
5806.0,1.101,0.06
5955.0,1.053,-0.26
,,
4928.0,1.688,0.48
4935.0,0.685,-0.42
6002.0,1.09,-0.01
7893.0,2.02,
6052.0,0.967,-0.26
5893.0,1.02,-0.02
6076.0,1.15,-0.06
5986.0,1.27,
5862.0,1.307,-0.1
5883.0,1.074,-0.16
6426.0,1.154,-0.12
6304.0,1.43,
5224.0,0.726,-0.11
5941.0,0.911,-0.14
4014.0,0.596,0.02
6112.0,2.166,-0.06
5290.0,0.746,-0.22
3724.0,0.46,-0.2
6475.0,1.4,0.0
6305.0,1.902,-0.03
5770.0,0.933,0.04
5926.0,1.06,-0.01
6510.0,2.13,0.1
5804.0,0.957,
6125.0,1.12,-0.229
3597.0,0.514,0.4
4730.0,0.754,0.11
5406.0,0.826,
5117.0,0.722,
5622.0,0.91,-0.02
5998.0,1.17,0.09
6246.0,1.092,0.07
5130.0,0.745,-0.01
5192.0,0.796,0.02
6179.0,1.4,0.08
6081.0,1.954,-0.03
5931.0,0.91,
4362.0,0.733789,
6194.0,1.273,
4494.0,0.659,-0.04
,,
6110.0,1.517,0.26
4819.0,0.769,0.095
5814.0,0.881,-0.18
5773.0,0.988,
4234.0,0.77,
,,
6277.0,1.031,-0.18
5448.0,0.857,0.21
5602.0,1.362,
5243.0,0.744,-0.2
5392.0,1.087,0.18
3787.0,0.506,-0.1
5917.0,1.354,
3842.0,0.526,-0.1
6341.0,1.033,-0.24
6419.0,1.362,-0.48
5816.0,0.902,
4364.0,0.71,0.15
6020.0,0.829,-0.48
6488.0,1.24,
5698.0,0.96,0.04
5502.0,2.019,
5177.0,0.798,0.21
5546.0,0.99,
5690.0,1.06,0.07
5679.0,1.086,0.21
4928.0,1.022,-0.221
5790.0,1.43,
6091.0,0.967,-0.14
5443.0,2.652,0.26
4911.0,3.12057,
5787.0,1.161,
5713.0,0.85,
5614.0,1.5326,0.205
6488.0,1.66,-0.04
5917.0,1.239,-0.08
6121.0,1.291,
3731.0,0.574,
5947.0,1.124,
5803.0,1.073,-0.08
5956.0,1.19,0.09
,0.611,
5959.0,0.966,-0.16
6422.0,1.173,-0.06
6277.0,1.378,-0.06
5733.0,0.855,-0.12
6099.0,1.146,0.0
5884.0,1.5,0.07
5995.0,1.118,-0.04
5897.0,1.86,0.16
5288.0,0.836,0.1
5911.0,0.914,-0.1
5464.0,0.819,0.16
5477.0,0.865,0.21
5165.0,0.761,0.02
6458.0,1.33,
5714.0,0.85,
5495.0,0.88,
5724.0,1.173,0.07
5576.0,1.16,0.36
3412.0,0.314,-0.5
5870.0,0.89,
5500.0,0.877,0.03
4583.79,0.736044,
5100.0,0.795,
5235.0,0.836,0.26
5937.0,1.777,
5203.0,0.865,0.22
6175.0,1.307,0.28
5900.0,0.9,0.15
6130.0,1.594,0.07
6018.0,0.94,
3591.0,0.41,-0.1
6418.0,1.171,0.07
5058.0,0.831,
5923.0,1.735,-0.07
5450.0,0.83,
4494.0,0.659,-0.04
6017.1,1.05,
6156.0,1.303,0.14
4900.0,0.741,0.08
5948.0,1.08,0.01
5560.0,1.21,0.14
6299.0,1.167,0.21
5479.0,1.007,
6049.0,1.251,-0.1
4980.0,0.734,-0.04
5200.0,0.77,-0.09
6509.0,1.137,
6167.0,1.064,0.07
5214.0,0.771,
5803.0,1.073,-0.08
6015.0,1.185,0.1
5668.0,0.868,-0.02
5674.0,1.32,0.07
6314.0,1.06,
5251.0,0.849,0.0
5311.0,1.769,-0.46
5774.0,0.93,-0.16
3698.0,0.444,-0.2
4838.0,0.738,-0.01
3712.0,0.46,-0.11
6061.0,0.97,-0.1
6094.0,1.838,
5680.0,1.016,0.12
6188.0,1.01,
4714.0,0.753,0.18
6210.0,1.439,
5979.0,1.652,
5678.0,1.303,0.2
4252.0,0.632,-0.06
,1.13,
3558.0,0.37,-0.23
5130.0,0.756,-0.12
5513.0,0.915,0.08
,1.079,
5529.0,0.937,
5534.0,1.001,0.0
5772.0,0.901,0.0
5564.0,0.99,0.06
5543.0,0.813,-0.14
5350.0,0.88,
5822.0,1.15,
3727.0,0.5,0.04
5599.0,1.03,0.23
5965.0,1.1,0.04
5560.0,0.881,-0.22
4888.0,0.74,-0.02
5869.0,1.32,-0.27
6392.0,1.1,
6030.0,1.286,
5936.0,0.965,0.07
5726.0,1.243,-0.06
5599.0,0.848,
5205.0,0.792,-0.06
5598.0,0.745,-0.48
,,
5146.0,0.789,
5635.0,0.804,-0.26
5934.0,1.040375,-0.3
5576.0,0.852,0.02
5919.0,1.171,0.18
4774.0,1.954,0.38
5668.0,0.868,-0.02
,0.887,
5732.0,1.26,0.23
4900.0,0.741,0.08
5136.0,0.8,0.04
5772.0,0.86,
4796.0,0.71,-0.082
3931.0,0.549,-0.02
5648.0,1.583,0.44
5387.0,1.671,-0.42
5805.0,1.50416,
5721.0,1.921,0.03
5883.0,1.074,-0.16
4740.0,0.72,
5871.0,1.55,0.11
4227.0,0.65,-0.1
6140.0,1.048,0.07
5957.0,1.592,-0.1
5326.0,0.832,-0.41
4188.0,0.681,
5858.0,1.886,0.06
5443.0,0.85,-0.1
5166.0,0.8,0.01
5527.0,0.927,0.16
5598.0,0.745,-0.48
5428.0,0.964,0.0
5465.0,2.168,
5918.0,1.068,-0.22
5676.0,1.044,-0.12
4442.0,0.648,-0.2
5319.0,0.75,
5816.0,0.884,0.08
5090.0,0.792,
5704.0,0.974398,0.11
6184.0,1.038,-0.06
3636.0,0.47,0.06
3339.0,0.288,0.0
4996.0,0.748,0.14
6036.0,3.132,-0.1
5858.0,1.04,-0.12
5700.0,1.533,0.049
6484.0,1.173,-0.08
5187.0,0.78,
5794.0,1.01,0.02
5300.0,0.986,0.18
4263.0,0.643,
5385.0,0.934,-0.138
3893.0,0.5,-0.28
4132.0,0.554,-0.38
4721.0,0.701,-0.02
5541.0,0.81,0.02
6272.0,2.591,0.3
5397.0,0.831,-0.02
4286.0,0.63,-0.09
5173.0,0.803,0.21
5885.0,0.9,
6084.0,0.983,
6513.0,1.862,
5332.0,0.926,
6600.0,1.75,
6426.0,1.154,-0.12
5596.0,1.466,0.14
5946.0,1.763,0.19
4650.0,0.688,-0.1
5870.0,0.867,-0.2
5768.0,1.123168,0.12
6255.0,1.526,0.28
5148.0,0.78,-0.03
4909.0,0.726,
5527.0,1.054,0.26
6210.0,1.054,-0.18
4491.0,0.706,0.28
5948.0,1.209,0.09
3607.0,0.397924,
6041.0,1.42,0.33
6674.0,1.48714,
7500.0,1.83,-0.12
6032.0,1.001,-0.02
4427.0,0.622,-0.32
3830.0,0.54,0.03
5849.0,1.06,-0.01
6024.0,1.187,
4025.0,0.521,
4797.0,0.653,-0.46
3855.0,0.53,-0.1
6080.0,1.1,
5666.0,0.84,
5816.0,1.34,0.12
4000.0,0.591,
4905.0,0.761,-0.04
5817.0,1.05,0.0
5620.0,1.34736,
5246.0,0.87,0.0
5546.0,0.81,-0.14
4779.0,0.67,
5699.0,1.415,0.3
4082.0,0.56,-0.23
5114.0,0.682,-0.4
5626.0,1.384,-0.12
4257.0,0.523,
6228.0,1.42,-0.1
5292.0,0.797,-0.02
5378.0,0.86,0.16
5642.0,0.839,
5831.0,0.921,0.0
6032.0,1.001,-0.02
5534.0,0.796,-0.22
4588.0,0.817544,
5700.0,1.006,0.16
6185.0,1.087,-0.12
5769.0,1.02,0.05
5378.0,0.732,-0.44
5289.0,0.84,
4040.0,0.57,-0.14
5493.0,0.982,
5535.0,0.92,0.08
4512.0,0.6564,-0.113
6003.0,2.193,-0.28
3553.0,0.92,
5527.0,0.981,0.31
6259.0,1.167,0.14
5326.0,0.785,
5729.0,0.939,0.21
3957.0,0.553,-0.16
3415.0,0.314,-0.46
5312.0,1.445,0.34
5850.0,1.0,-0.15
3972.0,,
3385.0,0.35,-0.02
4998.0,0.808,0.14
6150.0,1.26,-0.03
6382.0,1.11,
5546.0,0.886,0.06
5936.0,0.965,0.07
6250.0,1.04,
5558.0,0.85,0.1
5782.0,1.084,-0.034
5251.0,0.838,0.29
2960.0,0.171,-0.09
6740.0,1.56,
5324.0,0.791,-0.04
5522.0,0.984,0.37
3369.0,0.42,0.48
,1.43,
6250.0,1.543,0.32
5229.0,0.701,-0.36
4954.0,0.76,0.04
5311.0,0.788,-0.04
6134.0,1.042,-0.24
5467.0,0.856,-0.14
6337.0,2.02,0.04
5843.0,1.615,0.14
5426.0,0.78,
5779.0,1.087,-0.06
5888.0,1.03,0.0
4672.0,0.76,-0.04
5994.0,1.06,0.08
3903.0,0.523,-0.2
5749.0,1.17,0.1
5731.0,1.231,0.16
6115.26,1.97585,
5604.0,0.9,0.15
6032.0,1.03,-0.2
5663.0,1.005112,-0.11
6300.0,1.477,-0.17
5002.0,0.719,
5467.0,1.152,0.14
,1.083,
7130.0,2.02,0.0
4750.0,0.729,0.12
3618.0,0.436,-0.195
4910.0,0.892,0.56
6339.0,1.545,-0.03
,1.055,
4500.0,0.582488,-0.18
3548.0,0.42,-0.03
6327.0,1.175,-0.14
6096.0,1.435,
4503.0,0.676,
5670.0,0.95,-0.36
4994.0,0.745,0.272
4109.0,0.698,
6148.0,1.06,
5174.0,0.751,-0.12
5575.0,0.834,-0.08
5032.0,0.817,0.08
5661.0,1.15,
3579.0,0.33,-0.4
5291.0,0.866,-0.044
5185.0,0.803827,-0.05
3710.0,0.535,0.27
,1.241,
5106.0,0.7911,0.073
5715.0,1.082,-0.27
5408.0,0.861,-0.06
5975.0,0.9,-0.44
5793.0,1.01,0.06
3816.0,0.51,-0.05
6215.0,1.145,0.14
3434.0,0.492,-0.13
5949.0,0.937,-0.1
6394.0,1.125,
6100.0,1.083,-0.12
5275.0,0.845,-0.02
4684.0,0.708,0.04
5502.0,1.059,
4612.99,0.74,
5486.0,0.85,0.01
4947.0,0.868,0.36
6126.0,1.18,0.01
4347.0,0.524,-0.84
6128.0,1.51,
5150.0,0.8,0.09
5896.0,1.24,-0.36
6292.0,1.276,0.16
6003.0,0.932,-0.14
3068.0,0.17,-0.48
5997.0,1.11,0.02
5706.0,0.84,
5236.0,0.75,
5126.0,0.742,-0.12
5202.0,0.811,0.14
6179.0,1.468,
6177.0,2.749,0.247
6320.0,1.252,0.24
6100.0,1.083,-0.12
5525.0,0.88,-0.03
5578.0,0.92,-0.01
4820.0,0.664,
5843.0,0.742,-0.7
5800.0,1.01,
5367.0,0.897,0.124
5650.0,1.455,
5115.16,1.03,
6449.0,1.36,
4673.0,4.14,0.328
4374.0,0.614,-0.34
5614.0,0.827,-0.14
7358.0,4.037,-0.08
5363.0,0.84,-0.01
3834.0,0.496,
3758.0,0.64,
5988.0,0.934,-0.12
5837.0,1.02,0.06
5690.0,0.956941,
5658.0,0.815,-0.22
5950.0,1.1,0.15
5224.0,0.81,0.1
4663.0,0.663,-0.25
5592.0,1.451,0.16
5310.0,0.786,-0.08
5320.0,0.848,-0.02
6215.0,1.57,0.28
5168.0,0.769,-0.12
4780.0,0.761,0.34
5600.0,0.927,-0.25
6430.0,1.731,0.2
5798.0,0.92,-0.22
5644.0,0.908,-0.41
5948.0,0.994,-0.06
6449.0,1.273,-0.28
6153.0,1.25,
,0.808,
5731.0,1.1,0.19
6425.0,1.164,-0.08
3297.0,0.25,-0.33
4803.0,0.698,-0.08
6337.0,1.08,
6204.0,1.36,0.26
4896.0,0.679,
4710.0,0.699,-0.16
6075.0,0.969,-0.12
5697.0,1.639,
6054.0,1.234,0.02
5723.2,1.51811,
5817.0,0.962,0.14
5438.0,0.82,0.02
5723.0,0.99,
3965.0,0.603336,
,1.026,
,,
5640.0,0.83,
5245.0,0.75,-0.17
6300.0,1.46,-0.08
5720.0,1.08783,
6238.0,1.03,
5216.0,0.79,0.06
5742.35,1.25423,
3783.0,0.537,
5946.0,1.65,
6264.0,1.019,-0.24
6215.0,1.57,0.28
4079.0,0.6,0.03
5703.0,0.975,0.36
5576.0,1.289,0.16
4986.0,3.464,-0.04
6561.0,1.65,0.07
5672.0,1.204,0.2
5952.0,1.0,
5559.0,0.806,-0.18
5319.0,0.75,
6169.0,1.168,
6437.0,1.335,-0.18
5960.0,0.906,-0.2
6781.0,1.067,-0.58
5535.0,0.92,0.08
5032.08,0.86,
6300.0,1.48,-0.17
6013.0,1.03,
4211.0,0.642,
5714.0,1.015,0.16
6209.0,1.45,0.16
5485.0,0.867,0.21
4952.0,0.76,0.03
5542.0,0.872,-0.08
3900.0,0.53,0.0
,0.851,
6080.0,1.1,
5465.0,0.925,0.02
6230.0,1.491,0.14
3635.0,0.41,-0.2
5330.0,0.87,0.04
5742.0,1.212,
4050.0,0.523,
5860.0,1.046,-0.09
6550.0,2.058,-0.28
6177.0,1.24,0.03
5830.0,1.69,0.19
5246.0,0.805,-0.24
5625.0,0.96,-0.01
5815.0,1.133,0.0
5300.0,0.898,0.29
3828.0,0.633,
5929.0,1.04,-0.06
6164.0,1.09,-0.12
5495.0,0.853,-0.06
5108.0,0.76,-0.12
5524.0,1.0,
3990.0,0.6,
6103.0,0.949,-0.2
5450.0,0.842,0.1
5559.0,0.806,-0.18
4493.0,0.672,0.06
5936.0,1.084,-0.06
5608.0,0.985,
5255.0,0.83,0.03
5485.0,0.867,0.21
5968.0,0.881,-0.26
5527.0,0.995,
6106.0,0.966,-0.16
5561.0,0.836,-0.06
4622.0,0.674,-0.02
6119.0,0.981,-0.16
5569.0,0.93,0.04
5529.0,0.93,0.12
5812.0,1.03,0.06
4961.0,0.76,-0.01
5970.0,0.908,-0.18
,0.722,
,0.713,
5885.0,1.441,0.22
5750.0,2.541,0.38
6410.0,1.696,0.16
5735.0,1.0235,0.149
3893.0,0.52,-0.15
4387.84,0.676994,
5516.0,0.88,-0.05
5781.0,1.799,0.12
5611.0,1.4,0.16
3883.0,0.517,-0.24
,,
4226.0,0.8,
4702.0,0.686,-0.22
5296.0,0.74,
5377.0,0.841458,0.07
5749.0,0.98,
6466.0,1.74624,
3742.0,0.515547,
6333.0,1.816,
5441.0,0.87,
,1.24,
6112.0,1.21,0.06
5329.0,0.869,-0.14
5089.0,1.945,0.12
5858.0,0.963,0.1
,0.721,
6461.0,1.95,-0.14
5987.0,1.03,0.1
5814.0,0.881,-0.18
6297.0,1.031,-0.2
6152.0,1.255,-0.03
,0.865,
5539.0,0.89,0.0
5311.0,1.769,-0.46
5681.0,0.93,-0.07
3807.0,0.47,-0.26
5909.0,1.23,
6076.0,1.176,
6343.0,1.137,0.07
5796.0,0.871,-0.12
6466.0,1.183,-0.04
3879.18,0.581569,
5559.0,0.806,-0.18
5492.0,0.828,
5684.0,1.232,-0.16
,0.836,
5413.0,0.759,-0.28
5592.0,1.451,0.16
5684.0,0.808,-0.66
5299.0,0.826,
5741.0,1.05268,
6153.0,1.14582,
5938.0,1.184,0.16
5322.0,0.85,0.08
,0.371,
6075.0,0.916,-0.28
6306.0,1.472,0.044
5528.0,0.83,-0.23
5924.0,1.172,0.05
5881.0,0.848,-0.66
7092.0,1.449,-0.04
,0.561,
4149.0,0.657,
5543.0,0.813,-0.14
5741.0,0.946,0.12
5900.0,1.12783,
6209.0,1.048,
6158.0,1.237,0.17
5629.0,0.943,0.26
5508.0,0.84,0.07
5675.0,,0.0
5412.0,0.843,0.14
,,
5641.0,0.922,
5862.0,1.15,
6058.0,0.867,-0.4
3847.0,0.537,
3931.0,0.549,-0.02
5986.0,1.551,
5149.0,0.826,
4099.0,0.68,
4149.0,0.564,-0.32
3724.0,0.46,-0.2
4861.0,0.75,0.07
6200.0,1.448,-0.1
5973.0,0.935,-0.1
5660.0,1.02,0.04
5390.0,0.913,0.19
4461.0,0.585,-0.6
6054.0,1.257,
5897.0,1.265,0.035
5416.0,0.99,0.26
5497.0,0.9,-0.28
5042.0,0.778,0.19
6153.0,0.993,-0.14
6091.0,1.025,0.02
5311.0,0.922,0.0
5541.0,1.09,
4950.0,0.86,0.3
5050.28,0.966,
5482.0,0.79,
5149.6,0.77,
5094.0,0.791,0.21
6432.0,1.345,-0.34
5559.0,0.88,-0.1
5637.0,0.943,-0.3
3719.0,0.512361,
5943.0,1.13,0.12
5559.0,0.914,-0.02
3890.0,0.502,
5738.0,0.927,0.12
5876.0,0.89,
5316.0,0.804,0.0
5900.0,1.46,
3675.0,0.398,-0.32
4570.0,0.69,0.01
6148.0,1.828,0.034
4890.0,0.726,-0.03
,,
4784.0,0.665,
3894.0,0.541,-0.1
5203.0,0.825,
5363.0,0.759,
6239.0,1.358,-0.14
6266.98,1.47,
3585.0,0.429,-0.32
5749.0,0.982,-0.18
5825.0,1.662,0.14
5770.0,0.96,-0.06
5735.0,0.831,-0.3
5712.0,1.636,
5284.0,0.79,
6403.0,1.369,-0.52
5875.0,0.89,
5018.0,0.838,0.14
4986.0,0.833,0.16
5806.0,0.899,-0.04
5858.0,1.549,0.22
5825.0,0.965,0.21
3765.0,0.644,
6225.0,1.009,-0.18
4841.0,0.73,-0.04
4074.0,0.635754,
5035.0,0.791,-0.06
5581.0,1.07,
5684.0,1.112,-0.22
4811.0,0.708,
4775.0,0.711,-0.5
4951.0,0.77,0.1
4126.0,0.615,0.04
3903.0,0.523,-0.2
5588.0,1.21,0.01
5508.0,0.771,-0.28
4777.0,0.765,0.32
4302.0,0.586,-0.44
6098.0,0.922,
6343.0,1.137,0.07
4989.0,2.75,0.19
5922.0,1.057,-0.28
5898.0,1.774,
6260.0,1.64,
6081.0,1.24319,
,,
5534.0,0.875,0.0
6033.0,0.917,-0.64
6108.0,1.03,0.07
5497.0,0.909,0.36
5428.0,0.945,
6215.0,1.57,0.28
4965.0,0.784109,
5987.0,1.178,
3920.0,0.55,-0.07
5519.0,1.062,0.14
4797.0,0.653,-0.46
3485.0,0.461,0.3
5427.0,0.86,
5356.0,0.861,0.09
5327.0,0.82,-0.023
5941.0,1.692,0.04
5870.0,1.134,0.1
3517.0,0.37,-0.07
4905.0,0.682,-0.4
3623.0,0.348,0.068
5322.0,0.82,0.06
6025.0,0.878,
5289.0,0.98,0.24
5461.0,0.924,-0.12
6466.0,1.183,-0.04
4252.0,0.554,
3816.0,0.51,-0.05
5803.0,1.04,0.1
5738.0,1.407,-0.14
4166.0,0.77462,
5475.0,0.963,0.32
5498.0,0.95,0.18
3985.0,0.56,-0.12
6534.0,1.23,
6190.0,1.401,-0.1
6337.0,1.16,
4629.0,0.67,-0.14
5951.0,1.357,0.12
5720.0,1.51,
5345.0,0.86,-0.12
3131.0,0.245,0.39
5767.0,1.014,-0.12
5966.0,1.08,-0.26
5935.0,1.044,
5642.0,0.945,-0.14
5539.0,1.11,0.18
6266.0,1.39,
,,-0.47
5273.0,0.801,0.0
5914.0,1.141,0.32
5834.0,0.797,-0.5
6079.0,0.945,-0.2
4957.0,0.776,0.26
5775.0,1.031,-0.04
4591.0,0.64,-0.31
5653.0,,0.41
3342.0,0.34,0.03
5765.0,1.85,
5190.0,0.888,
5443.0,0.738,-0.38
5729.0,0.939,0.21
6011.0,1.03,-0.04
4769.0,0.714,0.12
5868.0,0.894,-0.12
5482.0,0.87,0.09
4944.0,0.781959,
6328.0,1.013,-0.28
5857.0,1.364,0.26
6550.0,2.058,-0.28
5017.0,0.797,-0.02
5162.0,0.809,
3919.0,0.611,0.33
5511.0,0.72,-0.5
5440.0,0.876,0.38
5120.0,0.728,
4723.0,0.765,0.16
5753.0,0.88,-0.34
4121.0,0.533,
6163.0,1.022,-0.08
3526.0,0.383,-0.08
6047.0,1.129,-0.08
5946.0,1.239,-0.257
4549.0,0.652,-0.2
5569.0,0.887,0.21
5563.0,0.927,0.014
5627.0,0.815,-0.48
5777.0,1.09,
5659.0,1.626,0.2
5126.0,0.742,-0.12
5692.0,1.064,0.04
5773.0,0.95,-0.07
4602.0,0.622,
3480.0,0.42,-0.07
6167.0,1.064,0.07
4934.0,2.05,
6056.0,1.209,0.16
5760.0,1.051,-0.42
5815.0,0.877,-0.12
5368.0,1.12772,
,,
6078.0,1.189,-0.16
3620.0,0.394,
4400.0,,
5703.0,1.08,
4316.0,0.651,-0.23
5871.0,1.46198,
5629.0,0.85,
5119.0,0.75,
6297.0,1.031,-0.2
5729.0,0.98,
5144.0,0.794,0.04
6464.0,1.12,
6256.0,1.32,0.02
5500.0,0.905,-0.03
4855.0,0.778,0.12
6106.0,0.844,-0.5
6293.0,1.682,-0.3
5219.54,0.943064,
6724.0,1.42,
5565.0,0.802,-0.2
3726.0,0.47,-0.12
6740.0,1.56,-0.02
6026.0,1.108,-0.02
4941.0,0.67,
5989.0,1.131,-0.16
,0.755,
4351.0,0.566,
5641.0,0.817,-0.3
6350.0,1.955,0.26
5497.0,1.046,0.38
6382.0,2.274,-0.84
6070.0,1.214,
6269.0,1.087,-0.12
4500.0,0.69,0.02
5527.0,0.995,
5319.0,0.75,
5175.0,0.782,
6015.0,1.211,
5908.0,1.829853,-0.45
6181.0,1.383,
5333.0,0.814,0.14
4116.0,0.7,-0.205
5665.0,1.19,0.23
5770.0,1.641,0.29
6259.0,1.167,0.14
6081.0,1.04,
4792.0,0.704,0.07
6068.0,1.533,0.22
6049.0,1.251,-0.1
4623.0,0.624,
5717.0,0.864,-0.08
3887.0,0.53,-0.08
3896.0,0.56,-0.32
5320.0,0.845,0.08
5630.0,1.045,0.35
5742.0,1.28,0.3
5192.0,0.79,
5947.0,1.39,
5741.0,1.008,-0.38
5880.0,0.89,
4723.0,0.747,0.08
5787.0,1.048,
5648.0,0.94,
5942.0,0.96,-0.15
4103.0,0.685,
4500.35,0.684655,
6362.0,1.1,
6388.0,1.661,0.15
5192.0,0.746,
4954.0,0.756284,
5071.0,0.78,
5911.0,0.914,-0.1
4611.0,0.69,-0.03
,,
5989.0,1.49,0.18
5611.0,1.791,0.02
6380.0,1.398,
5803.0,0.87,
5731.0,1.19,-0.24
6085.0,0.958,
5664.0,1.054,-0.34
6403.9,1.55,
5353.0,1.878,0.22
3628.0,0.483,
4645.0,0.713,0.02
,0.843,
,0.74,
6209.0,1.62,
,0.52,
5790.0,1.203,0.1
,0.78,
6982.0,1.582,-0.1
5774.0,0.941,0.12
6123.0,0.987,-0.14
4910.0,0.76,0.24
6210.0,1.033,-0.1
5494.0,0.982,0.07
5546.0,0.956,0.44
3914.0,0.53,-0.12
3871.0,0.49,-0.31
5253.0,0.73,
5684.0,0.808,-0.66
5122.0,0.76,
5806.0,0.899,-0.04
5735.0,0.852,-0.16
4681.53,0.772344,0.0341
5436.0,0.88,0.05
5638.0,0.883,-0.18
5744.0,0.96,-0.04
5668.0,0.868,-0.02
4271.0,0.66,
4909.0,0.724,0.11
6572.0,1.238,0.07
5678.0,1.303,0.2
4931.0,3.14,
5993.0,0.94,
4635.0,0.7558,0.328
5354.0,0.834,-0.04
3746.0,0.554,
5003.0,0.738,-0.06
6388.0,1.402,0.1
5277.0,0.782112,-0.2
5894.0,1.19,
4840.0,4.23,0.2
5887.0,1.843,-0.18
5303.0,0.828,0.18
5841.0,0.931,0.07
5713.0,0.893,0.07
3746.0,0.463205,
3821.0,0.595,0.3
5579.0,1.06,-0.12
6003.0,1.78,0.05
4674.0,0.649,
5825.0,1.03,0.06
5871.0,0.94,-0.17
6050.0,2.17,0.15
5465.0,0.925,0.02
5545.0,0.868,
3811.0,0.544,
5207.0,0.722,
5159.0,0.8,-0.16
5612.0,0.91,-0.01
4055.0,0.524,
6442.0,2.554,0.232
5735.0,0.852,-0.16
6221.0,1.064,
6310.0,1.19,
4870.0,0.717,0.1
5654.0,0.737,-0.56
2566.0,0.1192,
6103.0,1.11,
5888.0,1.019,0.1
4700.0,0.778,0.11
5404.0,0.892,
5695.0,0.872,-0.02
5860.0,1.049,
6210.0,1.27,0.0
5302.0,0.821,-0.22
6250.0,1.146,
4960.0,0.83,0.37
5812.0,1.01,-0.1
5866.0,1.439,0.32
,0.71,
3451.32,0.492584,
5822.0,1.081,-0.06
5970.0,1.015,0.1
5800.0,1.567,0.34
4924.0,0.74,-0.03
6405.0,1.39,
6106.0,0.98,
5631.0,0.92,-0.02
6042.0,1.574,-0.22
5209.0,0.81,0.04
6100.0,2.2,
6305.0,1.902,-0.03
5440.0,0.882,
6000.0,1.822,
5629.0,0.937,-0.16
4935.0,0.685,-0.42
,0.839,
5530.0,0.98,
5926.0,0.939,-0.04
4400.0,0.667,-0.05
5897.0,1.289,
3445.0,0.426676,
6047.0,1.37,0.1
6409.0,1.1,
3985.0,0.54,-0.22
6053.0,1.277,-0.1
5193.0,0.758,-0.22
4657.0,0.67,0.02
5228.0,0.811,0.21
5973.0,0.976,-0.06
6144.0,1.106,-0.06
3356.0,0.366,
5658.0,0.92,-0.09
5729.0,0.98,
4227.0,0.65,-0.1
,1.48,
6005.0,1.12,0.01
5271.0,0.960919,
3854.0,0.53,-0.1
4391.0,0.682,0.04
5381.0,0.848,-0.01
6210.0,1.033,-0.1
5032.0,0.593,-0.96
4934.0,0.71,
6098.0,1.297,-0.02
5667.0,1.603,-0.17
,0.649,
6298.0,1.611,0.17
5677.0,0.828,-0.18
5053.0,0.77,-0.06
,,
5739.0,1.02607,
5948.0,0.994,-0.06
4894.0,0.701,-0.22
5789.0,0.87,
5497.0,0.909,0.36
7717.0,2.641,0.07
5723.0,0.899,
5670.0,1.38,0.13
6021.0,0.94,
6313.0,1.122,-0.12
5461.0,0.94,
5585.0,0.835,-0.29
6152.0,1.268,
3691.0,0.318,
4048.0,0.524,
6030.0,2.55,0.14
,0.96,
4840.0,3.85,-0.01
5679.0,1.086,0.21
4200.0,0.691,-0.008
5253.0,0.773,-0.21
5262.0,0.816,0.21
6202.0,1.733,-0.1
5080.0,0.628,-0.86
5903.0,1.47,0.16
4749.0,0.72,0.05
5716.0,0.872,-0.04
,0.52,
6933.0,1.59944,
5256.0,0.832,-0.16
5043.0,0.881,0.3
4040.0,0.57,-0.14
5793.0,1.243,0.12
,1.25,
5141.0,0.78,
5903.0,1.08,0.07
4865.6,0.793476,
4056.0,0.56,-0.23
6452.0,1.195,0.0
5359.0,0.889,-0.04
6022.0,1.23,0.07
6072.0,1.01,-0.3
5131.0,0.855,0.03
5654.0,1.11,
5438.0,0.83,
5724.0,0.95,0.11
3862.0,0.5,
6278.0,1.17,
6343.0,1.58601,
5793.0,1.243,0.12
6088.0,0.958,-0.4
5675.0,1.657,0.14
5626.0,0.824,-0.16
6225.0,1.031,-0.12
6154.0,1.362,
5649.0,1.8,0.04
5251.0,0.854,
6282.0,1.609,0.21
6116.0,1.13,0.14
4988.0,0.723,
6071.0,1.107,-0.14
4340.0,0.602,-0.26
5265.0,0.781,-0.1
6245.0,1.065,-0.16
4557.0,0.67,-0.06
5693.0,0.816,-0.24
4325.0,0.56,-0.64
4922.0,0.823,0.2
5400.0,0.895,
5643.0,0.854,
3757.0,0.576,0.48
5739.0,1.081,0.35
5786.0,1.491,
5741.0,0.846,-0.16
4732.0,0.684,
5500.0,0.928,-0.16
5838.0,1.07,0.01
5219.0,0.851,0.16
6289.49,1.58202,
5444.0,0.78,
5354.0,0.842,
5495.0,0.871,
5725.0,1.072,0.0
5710.0,1.166,-0.1
3491.0,0.464,-0.05
6015.0,1.051,0.21
5739.0,1.62762,
5679.0,0.85,-0.17
6018.0,0.975,-0.04
5568.0,0.938,
5070.0,0.78,0.2
6329.0,1.39619,
5955.0,0.91,-0.16
5007.0,0.76,
5822.0,1.367,
4096.0,0.57,-0.17
4955.0,0.721,-0.1
4684.0,0.708,0.04
,0.255,
5289.0,0.98,0.24
5815.0,0.877,-0.12
,,0.13
,1.18,
6278.0,1.05,
6102.0,1.026,0.0
3369.0,0.42,0.48
4258.0,0.622,-0.18
5695.0,1.636,0.253
4775.0,0.73,
3896.0,0.52,-0.2
6036.0,0.902,
5819.0,1.045,0.01
6351.0,1.4,-0.157
5924.0,0.91,
6150.0,2.086,0.22
5010.0,0.68,
5771.0,1.382,-0.3
5808.0,1.01,0.03
4025.0,0.63,
5354.0,0.788,-0.08
4065.0,0.57,-0.13
3939.0,0.52,-0.25
5900.0,1.07,-0.12
5883.0,1.444,0.38
5638.0,1.34,0.27
6781.0,1.067,-0.58
5989.0,1.09,-0.02
5391.0,0.833805,-0.03
6000.0,1.044,0.16
5098.0,0.787,-0.14
5963.0,0.92,
6020.0,1.04,0.02
5650.0,0.812,-0.19
3898.0,0.54,-0.09
5990.0,1.179,
6650.0,1.579,-0.19
6075.0,0.858,-0.46
5298.0,0.868,0.27
3810.0,0.52,-0.02
3702.0,0.485948,
5534.0,0.8717,-0.09
,,
6326.0,1.126,
5601.0,0.94,-0.216
6528.0,1.155,-0.16
5456.0,2.154,-0.24
,,
5929.0,1.069,0.14
6086.0,1.092,-0.14
4500.0,0.646,-0.02
3433.0,0.426,-0.39
5815.0,0.954,-0.3
5520.0,0.884,
6000.0,1.46,0.2
6384.0,1.904,0.12
5043.0,1.15,
6046.0,1.410092,0.05
5372.0,0.916,-0.02
,1.98,
5733.0,0.855,-0.12
5325.0,0.866,-0.08
5576.0,0.829,-0.36
6089.0,1.13,-0.03
4797.0,0.653,-0.46
4817.0,0.833,0.42
6194.0,1.28,
5998.0,1.139,-0.12
6058.0,0.95,
5505.2,0.875,
6297.0,1.369,0.14
5802.0,1.071,
5422.0,0.885,0.0
3788.0,0.472,-0.28
,0.867,
5194.0,0.84,
5779.0,0.956,0.12
6169.0,1.471,
6036.0,1.213,0.12
5782.0,0.92,
5833.0,1.022,-0.04
5859.0,1.0,0.19
5519.0,0.87,0.0
5174.0,0.8,0.05
6299.0,0.983,-0.32
5461.0,0.782,
3369.0,0.3126,0.209
4234.0,0.639,-0.02
5515.0,0.86,-0.03
5456.0,0.943,0.14
6018.0,1.744,
5428.0,0.945,
5772.0,0.901,0.0
4500.0,0.677,-0.02
5866.0,1.0,0.18
5380.0,0.779,-0.14
5774.0,0.958,-0.1
5359.0,0.915,-0.06
6217.0,1.09,-0.04
5192.0,1.593,0.14
6426.0,1.154,-0.12
3900.0,0.537,-0.1
5730.0,0.92,-0.17
6220.0,1.066,-0.1
6725.0,1.385,-0.14
5311.0,0.92,
,,
4799.0,0.692,-0.02
5575.0,0.834,-0.08
5589.0,1.218,0.3
4750.0,0.729,0.12
4848.0,0.769,0.34
4625.0,0.663,
6179.0,1.468,
5747.0,0.86,
3735.0,0.4,-0.5
6010.0,0.949,
5838.0,1.065474,0.03
5970.0,0.908,-0.18
5221.0,0.815727,0.11
6032.0,0.929,-0.18
5860.0,1.046,-0.09
6090.0,1.264,
6501.0,1.854,0.1
6144.0,1.85,0.13
5578.0,0.794,-0.24
5008.0,0.74,-0.1
5649.0,0.913754,0.07
6329.0,1.39619,
4131.0,0.613,
6182.0,1.22,
5853.0,0.895,-0.1
5314.0,0.719,-0.34
5313.0,1.501,0.12
6240.0,1.079,-0.02
5635.0,0.93,-0.01
5200.0,0.88,-0.07
4987.0,0.716,-0.18
5751.0,1.071,0.21
6392.0,1.162,0.07
5889.0,0.924,-0.16
6020.0,1.008,-0.18
5818.0,0.986,0.1
6170.0,1.36,
4911.0,0.783,0.04
4838.0,0.74,0.09
5716.0,0.872,-0.04
4503.0,0.72,0.0
4255.0,0.554,
5883.0,1.529,0.2
3727.0,0.5,0.04
4508.0,0.68,-0.01
5060.0,0.788,0.3
5470.0,0.88,0.03
6225.0,1.584,0.0
5969.0,0.92,
4537.0,0.672,0.21
4040.0,0.57,-0.14
5588.0,1.467,-0.1
5041.0,0.857,0.18
,0.735,
5672.0,0.929,0.14
5620.0,0.85,0.07
6037.0,1.03,
5988.0,0.934,-0.12
3896.0,0.52,-0.2
4767.0,0.734,
6092.0,0.998,-0.06
5511.0,1.176,0.14
4702.0,0.686,-0.22
8241.0,3.177,-0.1
5540.0,1.05,0.14
3635.0,0.41,-0.2
5855.0,1.268,0.04
5483.0,0.851,
4927.0,0.8049,0.243
6363.0,1.035,-0.26
6066.0,1.0,
5884.0,1.08,0.06
5353.0,0.859,
6114.0,1.2,-0.02
5597.0,1.294,-0.02
5400.0,0.893,-0.07
5569.0,0.887,0.21
5569.0,0.829,-0.08
5940.0,1.392,-0.008
5206.0,0.831,
4859.0,0.707,-0.34
6106.0,0.844,-0.5
4621.0,0.668,-0.24
6352.0,1.36116,-0.04
5029.0,0.77,0.01
5075.0,0.769,-0.02
5688.0,0.998,0.42
5353.0,1.023,0.16
3068.0,0.17,-0.48
6239.0,1.358,-0.14
4978.0,0.808,0.07
4910.0,0.892,0.56
5749.0,1.47,
6395.0,2.048,0.12
5727.0,0.96,0.0
6122.0,0.964,-0.18
5147.0,0.85467,
5565.0,0.802,-0.2
6305.0,1.62,
5705.0,0.85,
6119.0,1.09,-0.06
6063.0,1.012,0.07
5156.16,0.854084,
,0.662,
5803.0,0.87,
5482.0,0.89,0.05
5794.0,1.496,0.14
5855.0,1.373,0.26
6053.0,1.09,0.04
5334.0,0.833,
6293.0,1.14586,
4348.0,0.625,-0.351
5446.0,0.72,-0.46
5437.0,0.804,-0.1
5184.0,0.77,
5778.0,0.98,0.0
6096.0,1.35672,
4021.0,0.462,
5402.0,0.865,-0.24
5436.0,1.57,
4766.0,0.699,
5255.0,0.716,-0.34
6343.0,1.137,0.07
,1.1,
,0.982,
6675.0,1.23733,
6470.0,1.27,
5887.0,1.177,-0.06
6440.0,1.653,0.16
5725.0,0.881,-0.26
2960.0,0.182,-0.09
6167.0,1.064,0.07
5740.0,0.98,0.03
5465.0,0.925,0.02
5792.0,0.864,-0.14
4622.0,0.674,-0.02
5876.0,0.98,
5640.0,1.08,0.23
5624.0,1.018,0.3
5015.0,1.643,0.36
5235.0,0.73,
,0.299,
5683.0,1.049,
5431.0,0.879,0.02
4458.0,0.658,-0.16
6032.0,1.03,-0.2
6122.0,1.439,0.02
6437.0,1.335,-0.18
4189.0,0.656,0.22
6068.0,1.533,0.22
5236.0,0.76,-0.16
3743.0,0.49,0.06
5838.0,0.793,-0.46
5854.0,1.602,
,1.278,
5960.0,0.906,-0.2
6060.0,0.925,-0.22
5559.0,0.806,-0.18
6123.0,1.716,-0.33
5767.0,0.99,0.02
4880.0,0.729,
3601.74,0.498029,
5576.0,1.11133,0.36
5751.0,0.848,-0.28
5455.0,0.909,-0.2
5778.0,1.332,0.4
5852.0,1.455,
6671.0,1.66402,
6088.34,1.58202,
5767.0,0.906761,
5132.0,0.886,0.16
5374.0,0.721,-0.68
5802.0,1.314,-0.01
5431.0,0.843,0.12
4057.0,0.529,-0.33
3926.0,0.607,0.28
5773.0,1.69,
5749.0,0.982,-0.18
5972.0,1.24,0.23
5402.0,0.865,-0.24
6122.0,0.964,-0.18
5731.0,0.89,
5722.0,1.185,0.07
4702.0,0.691,-0.18
3770.2,0.527,0.022
5553.0,1.11542,
,,
,1.0711,
6134.0,1.268,
,,
5630.0,1.226,
3820.0,0.552,0.12
5708.0,1.065,-0.15
3992.0,0.532439,
6600.0,1.51,0.03
5718.0,0.995,0.12
5403.0,0.906,-0.14
4963.0,0.826,0.16
4681.0,0.667422,-0.23
6164.0,1.446,0.38
5896.0,0.914,-0.1
6063.0,1.012,0.07
5376.0,0.836475,
5899.0,0.9,
6459.0,1.52,
6086.0,0.921,-0.26
5109.0,1.671,0.1
5377.0,0.877585,
5233.0,0.791736,-0.04
5699.0,0.971675,
3609.0,0.502498,
5074.0,0.788,
6153.0,1.71,
6214.0,1.035,-0.36
6340.0,1.393,-0.38
5432.0,0.78,
6108.0,1.03,0.07
6150.0,1.04,-0.12
6001.0,1.51284,
6258.0,0.933,
6064.0,0.96,
4993.0,2.59,
5900.0,1.694,0.0
5441.0,0.877,0.04
5780.0,1.0,
4632.0,0.666,
5541.0,1.617,-0.29
5269.0,0.801,-0.1
6405.0,1.1,
5731.0,1.19,-0.24
5159.0,0.8,-0.16
6237.0,1.683,-0.22
3258.0,0.175,-0.5
6108.0,1.03,0.07
5058.0,1.86,
6152.0,1.268,
5097.0,0.779,0.21
3793.0,0.53,-0.01
5642.0,1.79,
5151.0,0.785,-0.16
4148.21,0.571699,
3460.0,0.356,0.07
5670.0,1.022,0.06
5210.0,0.72,
5260.0,0.954,-0.07
6343.0,1.137,0.07
4713.0,0.687,-0.05
4907.0,0.739,0.04
5231.0,0.76,-0.24
5266.0,0.829,-0.18
5771.0,1.382,-0.3
3388.8,0.3697,0.264
6137.0,1.005,-0.32
4987.0,0.768,0.12
6263.0,1.05,
6805.0,1.79,0.04
5624.0,1.068,
5001.0,0.76,0.04
5794.0,1.03,-0.01
4922.0,0.823,0.2
5527.0,0.866,-0.18
5896.0,0.914,-0.1
6319.0,1.327,-0.21
5708.0,0.94,0.13
5737.0,1.179,-0.39
5296.0,0.82,-0.02
5111.0,3.33,-0.07
4476.0,0.637,-0.2
6008.0,1.003,-0.14
6063.0,1.001,-0.02
3970.0,0.583,
5321.0,0.86,0.12
5560.0,0.99,
4499.0,0.66,0.15
6197.0,1.06,-0.3
5548.0,0.729,-0.54
5500.0,1.238,0.14
5767.0,1.014,-0.12
5095.0,0.78,0.02
4800.0,0.78,0.0
4973.0,0.768,-0.08
5181.0,0.8,-0.02
6064.0,1.29,0.14
5718.0,1.005,
5296.0,0.852,0.3
5530.0,0.845,0.07
5265.0,0.781,-0.1
6200.0,1.448,-0.1
4910.0,0.892,0.56
5873.0,1.18,
3384.0,0.32,-0.02
4229.0,0.615,-0.12
6049.0,0.845,-0.46
6194.0,1.02,-0.12
3837.0,0.54,0.02
5236.0,0.92,0.237
5462.0,0.88,0.02
5073.0,0.804,
3840.6,0.542,
5685.0,0.893,-0.06
6327.0,1.175,-0.14
4339.0,0.62,-0.18
6341.0,1.033,-0.24
5897.0,1.081,-0.1
4650.0,0.706,-0.04
5076.0,0.78,0.1
5658.0,0.83,
5609.0,1.71761,
5973.0,0.937,-0.14
5483.0,0.851,
5602.0,1.1,0.12
5775.0,1.114,-0.34
4914.0,0.763,
5624.0,0.94,0.06
6200.0,1.448,-0.1
3900.0,0.53,0.0
5667.0,0.94,0.01
5513.0,0.724,-0.48
5794.0,1.216,0.14
5244.0,1.56,0.12
3770.0,0.638902,
6395.0,2.09,0.12
,1.416,0.11
6332.0,1.777,
3919.0,0.526,-0.42
5573.0,0.81,
4812.0,0.73,0.0
6251.0,1.35,0.18
5575.0,,-0.04
,1.508,
5315.0,0.87,0.0
5215.0,0.845,-0.06
5121.0,0.888,0.18
5855.0,1.613,0.4
5559.0,0.79,-0.64
6000.0,1.126,0.06
3871.0,0.49,-0.31
5225.0,0.815,
5745.0,1.07,0.04
6250.0,1.019,-0.22
3540.0,0.862,0.01
3926.0,0.62,0.0
5090.0,2.738,
5798.0,0.92,-0.22
5718.0,0.97,-0.01
6237.0,1.543,0.0
5866.0,0.999,0.01
6115.0,1.46701,
5465.0,0.925,0.02
5388.0,0.89,
,0.64,
5183.0,0.786,
6174.0,1.318,0.02
6012.0,1.024,
5976.0,1.035,
5009.0,0.79,0.21
5376.0,0.758,-0.22
5735.0,0.95,-0.02
5093.0,0.847,0.08
4455.0,0.696,-0.1
6120.0,2.0,0.02
5461.0,0.94,
5936.0,1.508,
6411.0,1.41,0.43
5424.0,0.8,-0.17
5687.0,0.86,-0.12
4569.0,0.653,-0.28
5162.0,0.795,0.06
5026.0,0.765,-0.021
3270.0,0.207,-0.12
4684.0,0.72,
5831.0,0.88,
6051.2,1.18,
5656.0,1.064948,-0.28
3485.0,0.461,0.3
5088.0,0.76,
5627.0,0.808,-0.24
4807.0,1.802,0.48
4680.0,0.72,0.04
5772.0,1.59521,
5420.0,0.868,0.0
5121.0,0.888,0.18
4261.0,0.633,-0.06
5305.0,0.818,-0.26
5634.0,1.393,
5543.0,0.813,-0.14
5887.0,1.843,-0.18
5226.0,0.813,
6330.0,1.85,-0.25
4197.0,0.6,-0.12
5822.0,0.898,-0.06
6101.0,1.0623,
5748.0,1.04,0.27
6890.0,1.409,
5824.0,1.723,
6102.0,1.026,0.0
5735.0,0.831,-0.3
5716.0,0.872,-0.04
5385.0,0.934,-0.138
3853.0,0.447,-0.5
5340.0,1.138,0.18
5953.0,0.926,-0.24
3676.0,0.513,-0.22
6351.0,1.0,-0.16
4720.0,0.712365,-0.06
5413.0,0.747,-0.34
5849.0,1.04,0.06
5616.0,1.2,0.4
3907.0,0.63,
6075.0,1.352,0.32
3022.0,0.242745,
6378.0,2.00068,
5902.0,1.171,
5871.0,0.993,-0.3
5592.0,0.782,-0.3
6212.0,1.12,
5201.0,0.834,0.36
5976.0,1.08,-0.08
5201.0,0.774,0.017
5354.0,0.76,
6225.0,1.009,-0.18
5187.0,0.802,
4890.0,0.726,-0.03
,0.708,
5522.0,1.018,0.1
5173.0,0.8,0.02
4356.0,0.572,
5686.0,1.101,
,1.82,
6086.0,0.97,
5820.0,0.952,-0.01
5739.0,0.922,0.1
3194.0,0.333,0.05
3495.0,0.31,
6238.0,1.054,-0.4
4783.0,0.741,0.18
5743.0,1.53,0.27
6269.0,1.04,
6137.0,0.994,-0.12
5582.0,1.158,0.3
4806.66,0.742779,
6198.0,1.048,-0.36
2703.0,0.118,0.0
5867.0,1.058,0.04
4847.0,0.781,0.14
5812.0,1.39,
5988.0,0.934,-0.12
4046.0,0.580337,
7668.6,1.91,
5856.0,1.092,0.16
5933.0,2.028,0.11
5624.0,1.0,
6086.0,1.111,0.06
5380.0,0.912,0.206
5476.0,0.865,
6061.0,0.97,-0.1
6722.0,1.466,-0.14
6173.0,1.041,-0.04
5142.0,0.745,-0.12
4970.0,1.806,0.32
6130.0,1.019,
5575.0,0.9,-0.04
3490.0,0.329,
,,
3906.0,0.56,0.03
5182.0,0.82,0.2
6075.0,0.916,-0.28
4909.0,0.724,0.11
,,
5400.0,0.843,
4715.0,0.65,-0.25
3476.0,0.47,0.18
6210.0,1.27,0.0
6432.0,1.175,-0.46
5451.0,0.839,-0.12
5883.0,1.03,-0.14
6099.0,1.146,0.0
3824.0,0.51,-0.14
5808.0,1.01,0.03
5029.0,0.93,0.48
6112.0,2.166,-0.06
5050.0,1.278,0.1
5576.0,1.15,0.36
6108.0,1.284,
5248.0,0.813,0.04
5904.0,1.82,
6031.0,1.0937,
5837.0,1.137,0.1
5607.0,0.886,-0.34
5499.0,1.748,-0.06
5629.0,0.85,
5911.0,1.04,-0.01
5174.0,0.78,
5643.0,0.915519,
5579.0,1.06,-0.12
5275.0,1.928,
4843.0,0.74,
5973.0,1.085,0.36
6074.0,0.94,
5100.0,0.874706,
3731.0,0.498,-0.02
6431.0,1.51,0.03
6735.0,1.604,-0.22
5793.0,0.992,0.22
4175.0,0.716312,
6347.0,1.373,-0.32
5256.0,0.81,-0.01
5253.0,0.787,0.11
6017.0,1.206,0.14
5275.0,0.787,0.0
3660.0,0.48,0.14
5900.0,1.2,-0.37
6461.0,1.529,-0.1
5865.0,1.79,-0.05
4661.0,0.636,
6189.0,1.403,
6687.0,1.78295,
5340.0,0.862,0.22
5400.0,0.9661,0.251
5492.0,0.809,-0.06
6178.0,1.021,-0.1
3903.0,0.523,-0.2
3931.0,0.56,-0.05
3816.0,0.51,-0.05
4243.0,0.629,-0.12
6158.0,0.99,
6077.0,0.999,-0.04
5970.0,1.131,0.06
5708.0,1.86,0.03
6277.0,1.207,-0.1
5491.0,1.677,-0.2
5675.0,1.38,
6117.0,1.027,-0.18
5231.0,0.86,0.0
5710.0,1.166,-0.1
6102.0,0.887,-0.38
5174.0,0.751,-0.12
5536.0,0.875,
5984.0,1.12,
5730.0,1.122,0.16
5763.0,1.086,0.05
6582.0,1.25,
5933.0,2.028,0.11
5196.0,0.772,-0.3
5325.0,0.863,0.36
6056.0,1.46,0.02
5735.0,1.175,0.04
5422.0,0.88,-0.09
5324.0,0.81,
5963.52,1.20944,-0.441
5688.0,0.971,-0.12
6131.95,1.08841,-0.25
4903.0,0.728,
6343.0,1.137,0.07
5671.0,1.084,0.16
5166.0,0.678,-0.42
6072.0,1.659,-0.09
6014.0,1.413,-0.07
5686.0,0.95,
5108.0,0.743,-0.1
4664.0,0.662,-0.12
5825.0,1.49,0.02
6213.0,1.477,
3767.0,0.48,-0.1
5595.0,0.796,-0.24
6116.0,1.25,0.06
4922.0,0.823,0.2
4496.0,0.579,
5585.0,1.06,0.1
6452.0,1.195,0.0
6000.0,1.519,-0.12
4056.0,0.56,-0.23
5391.0,0.79137,-0.3
6049.0,1.251,-0.1
5451.0,0.85,
6080.0,1.94,0.22
,0.66,
5648.0,0.905,
4024.0,0.553,-0.2
3842.0,0.526,-0.1
5450.0,0.842,0.1
5435.0,0.873,-0.02
5977.0,1.075,-0.1
6004.0,0.977,-0.02
6138.0,1.04,
6057.0,0.96,
5806.0,0.87,
4345.0,0.521,-0.86
5545.0,1.174,0.07
5632.0,1.155,0.06
5078.0,0.797,0.17
5947.0,1.655,
5765.0,0.99,0.02
6126.0,1.079,-0.3
5744.0,0.879321,
5593.0,1.485,
5976.0,1.619,
4798.0,0.71,-0.08
6132.0,1.22,0.24
5983.0,1.07,-0.04
5002.0,0.706,0.06
5901.0,1.06,0.04
5131.0,0.77,
6007.0,0.961,-0.24
6030.0,1.53,-0.18
3650.0,0.441,-0.7
5543.0,0.813,-0.14
5343.0,0.809,0.06
4939.0,0.769,
5957.0,0.971,0.07
5750.0,0.96,0.0
7511.0,1.70169,
5342.0,0.83,
6040.0,1.686,-0.44
6220.0,1.066,-0.1
5940.12,0.948492,
4794.4,0.85,
4653.0,0.71,0.05
4807.0,0.601,
4555.0,0.638,-0.3
4385.0,0.706,0.38
5099.0,0.76,
6096.0,1.09,-0.03
5283.0,0.839,0.134
5632.0,0.857,-0.02
6248.0,0.886,-0.5
5749.0,0.982,-0.18
4696.0,0.644,-0.3
3915.0,0.633367,
3240.0,0.2317,-0.15
,0.696,
5918.0,0.863,-0.26
5196.0,0.657,-0.54
5986.0,1.115,
6086.0,1.052,-0.08
5574.0,0.94,
6153.0,1.255,0.26
5058.0,0.798764,-0.37
3299.0,0.26,0.04
5817.0,1.05,0.0
,,
5720.0,1.4,0.2
6514.0,1.15,
3678.0,0.47,0.0
5683.0,1.472,0.1
5705.0,0.976,0.36
5907.0,0.973,-0.16
5861.98,1.53278,-0.112
5958.0,1.71,
5412.0,0.843,0.14
5798.0,0.941,0.1
5957.0,0.91,
5741.0,0.956,0.16
5911.0,1.24,0.02
3780.0,0.511,-0.02
5865.0,1.066,0.07
6320.0,1.273,-0.1
5840.0,0.849,-0.24
5294.0,0.761,-0.16
5678.0,1.303,0.2
6224.0,0.969,-0.72
4096.0,0.57,-0.17
5294.0,0.75,
3801.0,0.529,
5476.0,1.673,-0.56
5447.0,0.93,
3240.0,0.27,
5746.0,0.98,0.02
5782.0,1.084,-0.034
6314.0,1.09,
6004.0,0.977,-0.02
5253.0,2.361,
5629.0,0.9,-0.11
6200.0,1.62,
4843.0,0.658,
5744.0,0.861,
5751.0,0.767,-0.52
5273.0,0.79,-0.17
5867.0,1.356,0.24
5453.0,1.0,
5637.0,0.943,-0.3
5662.0,1.922,-0.38
5653.0,0.949,0.1
5630.0,0.92,-0.03
6150.0,2.086,0.22
5373.0,0.83,-0.08
4929.0,0.71,
5790.0,1.203,0.1
6030.0,1.1,
5261.0,0.872,0.04
3457.0,0.4445,
5755.0,0.993,-0.14
5662.0,1.21,0.27
5812.0,0.923,0.02
4865.0,0.75,0.11
6324.0,1.115,-0.28
6024.0,1.434,
5882.0,1.002,-0.06
5587.0,1.423,-0.1
3727.0,0.5,0.04
,0.785,
6185.0,0.991,-0.18
5467.0,0.906,
6022.0,1.345,0.32
5267.0,2.555,0.02
5754.0,1.46,0.27
,,
5564.0,1.063,
4042.0,0.49,-0.62
3387.0,0.3,-0.09
6272.0,1.363,0.1
5973.0,0.935,-0.1
4742.0,0.66,-0.33
,,
6353.0,1.139,-0.14
,,
3903.0,0.523,-0.2
3896.0,0.561,-0.32
5355.0,0.84,-0.01
5002.0,0.753,-0.18
5731.0,1.19,-0.24
5058.0,0.797,0.05
5945.0,1.041,
3410.0,0.345,0.0
5951.0,1.06,0.2
6050.0,1.216,
5576.0,1.198,0.14
6069.0,0.96,
5370.0,2.72,0.18
5806.0,0.899,-0.04
5488.0,1.713,
6063.0,1.001,-0.02
4859.0,0.72,0.0
5568.0,0.92,0.04
6150.0,1.04,-0.12
4857.0,0.72,-0.11
4526.0,0.675,0.04
4911.0,0.783,0.04
6297.0,1.031,-0.2
6229.0,1.204,0.15
6174.0,1.103,0.1
5387.0,0.755,-0.24
4710.0,0.699,-0.16
5513.0,1.047,
,,
5675.0,1.657,0.14
5170.0,0.86,0.24
3950.0,0.493,-0.46
4662.41,0.696274,0.2291
6181.0,1.331,-0.02
3903.0,0.523,-0.2
4238.0,0.61,-0.12
4345.0,0.521,-0.86
3521.0,0.343358,
5687.0,1.034,
5246.0,0.805,-0.24
5596.0,0.778,-0.32
5513.0,0.915,0.08
5533.0,0.89,0.04
5255.0,0.776,
6056.0,1.209,0.16
5877.0,0.991,
5565.0,0.97,
5413.0,0.759,-0.28
4984.0,0.636,
3765.0,0.52,
6484.0,1.173,-0.08
5257.0,0.821,0.12
5750.0,2.541,0.38
5100.0,0.84,0.27
5514.0,1.043,0.02
6162.0,1.597,
5102.0,0.77,-0.09
3578.0,0.382,-0.051
5561.0,1.06,0.16
5477.0,1.698,
5569.0,0.887,0.21
5711.0,0.95,-0.01
5133.0,0.744,
6728.0,1.73,
5103.0,0.787,0.04
5614.0,0.827,-0.14
5620.0,1.02,0.29
5520.0,0.934,0.08
5677.0,0.828,-0.18
3939.0,0.52,-0.25
5344.0,1.013,0.16
5219.0,0.851,0.16
5280.0,0.796,-0.02
5650.0,1.13732,
6093.0,3.913,-0.18
5775.0,1.031,-0.04
4854.0,1.749,0.56
5107.0,0.723,-0.2
5106.0,0.7911,0.073
5737.0,0.872,-0.06
6840.0,1.91,
5989.0,1.219,0.06
4801.0,0.7,-0.18
4645.0,0.693766,
4724.0,0.646,
4661.0,0.645652,-0.33
5409.0,0.77,
6207.39,1.72725,
6341.0,1.033,-0.24
6238.0,1.054,-0.4
5072.0,0.662,-0.1
6368.0,2.06072,
5258.0,0.785,-0.32
5191.0,0.755,0.13
5763.0,0.99,
5554.0,1.01,
5322.0,0.82,0.06
5246.0,0.891,0.14
5052.0,0.48,-0.5
3996.0,0.515,
5583.0,1.007,0.02
5752.0,0.96,
6602.0,1.685,-0.12
5755.0,1.177665,0.07
6366.0,1.34,0.12
5942.0,0.938,-0.06
5630.0,1.226,
5529.0,0.925,0.0
5772.0,1.0,0.03
5410.0,0.85,-0.03
5751.0,0.767,-0.52
5058.0,0.75,
5681.0,0.775,
3733.0,0.51,0.07
6046.0,0.927,-0.2
5905.0,1.257,-0.09
5120.0,0.748,0.1
4709.0,0.685,-0.08
4628.0,0.628,
3757.0,0.576,0.48
5601.0,0.999,0.08
5435.0,0.869,0.14
5271.0,0.960919,
4505.0,0.666,-0.1
6063.0,1.001,-0.02
5986.0,0.93,
5886.0,1.05,0.0
4771.0,0.633,
5417.0,0.77,-0.32
4040.0,0.57,-0.14
5691.0,1.092,
4648.0,0.674,
5385.0,0.741,-0.38
5741.0,1.008,-0.38
5352.0,0.809,-0.08
5789.0,1.257,
6722.0,1.466,-0.14
4910.0,0.892,0.56
3895.0,0.576,-0.12
6220.0,1.39,0.09
5359.0,1.002,0.14
4999.0,0.76,0.06
6047.0,1.129,-0.08
5511.0,0.72,-0.5
,0.773,
4048.0,0.524,
6251.0,2.323,
6280.0,2.093,
4859.0,0.651,-0.52
,1.66,
5681.0,0.9,
5695.0,0.95,0.14
6475.0,1.178,-0.06
6486.0,1.485,-0.34
5689.0,1.039,
5746.0,1.0,
3916.0,0.573,0.0
5823.0,0.972,0.06
4695.0,0.63,
5926.0,0.939,-0.04
5666.0,0.756,-0.5
6115.0,1.467,
6161.0,1.72,0.3
6246.0,1.092,0.07
5867.0,1.304,
5792.0,1.005,-0.26
5888.0,1.019,0.1
6210.0,1.1,-0.02
6063.0,1.012,0.07
5885.0,1.089,0.13
5886.0,1.15,0.03
5465.0,0.925,0.02
5697.0,1.574,0.1
6037.0,0.95,
5849.0,1.225,0.22
,,
5909.0,1.3409,
5497.0,0.936,0.26
6373.0,1.41886,
6201.0,1.31,-0.14
6020.0,1.07,-0.14
6528.0,1.155,-0.16
4584.0,0.69,0.0
6428.0,1.156,-0.1
5828.0,1.548,
5897.0,0.891,-0.16
4972.0,1.001,-0.23
5324.0,0.791,-0.04
5324.0,0.853,0.21
5230.0,0.807,0.02
6085.0,1.005,-0.3
5728.0,1.02917,
5216.0,0.79,0.06
5808.0,0.902,-0.06
5878.3,1.06066,0.135
5334.0,0.83,-0.03
3585.0,0.437,
4385.0,0.65,-0.05
5767.0,0.881,-0.06
,1.0849,
6554.0,1.754,-0.07
5434.0,0.85,0.0
6299.0,0.983,-0.32
4500.0,0.633,-0.32
5481.0,0.856226,
5559.0,0.881,
5652.0,0.885,0.06
3791.0,0.574432,
5573.0,0.827,-0.12
3490.0,0.329,
5617.0,1.032,
6050.0,1.013,-0.04
5877.0,1.265,-0.04
3698.0,0.444,-0.2
6205.0,1.689,-0.28
4812.0,0.713,-0.04
4941.0,4.885,0.4
4045.0,0.603,
5476.0,0.901,0.12
5329.0,0.869,-0.14
5819.0,0.99,0.14
5461.0,0.924,-0.12
4817.0,0.74,0.1
6115.0,0.98,
5752.0,1.358,
5274.0,0.762,-0.14
5817.0,1.29661,
5603.0,0.91,-0.05
5981.0,1.066,
5029.0,0.9,
,1.02,
4242.0,0.63,0.0
,1.756,
5325.0,0.871,-0.02
5957.0,1.08,0.01
5079.0,0.827,0.12
5332.0,0.714,-0.42
6021.0,1.141,
3490.0,0.329,
5910.0,1.038,-0.2
4854.0,1.749,0.56
5987.0,1.287,0.32
5500.0,0.894,
5789.0,1.252,0.14
,0.95,
5900.0,1.694,0.0
5871.0,0.945,-0.11
5076.0,0.799,0.1
3927.0,0.58,
5607.0,1.14,0.12
5250.0,,
3688.0,0.544769,
5201.0,0.759,-0.1
3841.0,0.371,
,1.07,
5002.0,2.791,0.33
5850.0,0.95,-0.15
5821.0,0.848,-0.22
6122.0,0.996,-0.1
4988.0,0.766,0.1
5996.0,0.96,
5973.0,1.305,-0.34
5500.0,0.9,0.05
5130.0,0.756,-0.12
3568.0,0.482,
5796.0,1.01,0.04
5178.0,0.778,-0.26
5456.0,2.154,-0.24
4907.0,0.7,
5015.0,0.826,0.1
5696.0,0.921,0.14
5316.0,0.719,-0.38
4227.0,0.672,-0.1
4546.0,0.7152,0.186
5376.0,0.94,0.28
5931.0,1.101,-0.24
4163.9,0.63,
5348.0,0.94,-0.15
,,
5910.0,0.94,-0.02
5719.0,1.21,
5021.6,0.76,
4960.0,0.756,
5969.0,0.92,
5758.0,0.847,-0.28
5743.0,1.21,0.42
5253.0,0.785,
5815.0,0.954,-0.3
5925.0,1.03,
5518.0,0.88,-0.05
5097.0,0.79,0.02
3794.0,0.63,
5280.0,0.796,-0.02
5873.0,1.11,
5313.0,1.501,0.12
5755.0,1.361,-0.52
3793.0,0.53,-0.01
5275.0,0.787,0.0
3207.0,0.2932,0.15
6043.0,1.097,-0.16
6189.0,1.425,0.1
6051.18,1.17839,0.1578
5631.0,0.802,
6008.0,0.875,-0.32
5921.0,1.05,0.01
5688.0,0.971,-0.12
6277.0,1.378,-0.06
6018.0,0.975,-0.04
5881.0,1.029,-0.16
5814.0,0.881,-0.18
4116.0,0.675624,
5604.0,1.21,
4958.0,0.75,-0.06
6213.0,1.195,0.36
5868.0,1.042,-0.22
6090.0,1.19,0.08
5822.0,0.851,-0.28
6184.0,1.188,0.12
5654.0,0.737,-0.56
5903.0,1.03,
5964.0,1.49,
5013.0,0.693,0.04
5903.0,1.47,0.16
5771.0,1.382,-0.3
4137.0,0.612,0.0
5068.0,0.79,
5889.0,1.17,-0.27
5780.0,0.978,
5861.0,0.872,-0.18
6246.0,1.233,0.0
5400.0,0.895,-0.12
5372.0,0.843,-0.4
6110.0,,
5477.0,0.977,0.078
6635.0,1.4,
5549.0,0.912927,
5931.0,1.17,0.18
5933.0,1.2,0.14
9071.0,2.7,
6229.0,1.22,
5684.0,0.819,-0.24
4803.0,0.793235,
5630.0,1.45,
4773.0,0.686,0.06
5741.0,0.833,-0.24
3676.0,0.513,-0.22
5484.0,0.92,0.23
5069.0,0.74,-0.19
5381.0,0.953,
4755.0,0.72,0.02
5159.0,0.8,-0.16
6306.0,1.67,
3841.0,0.5,-0.18
6432.0,1.175,-0.46
5600.0,0.945,
5850.0,0.785,-0.52
5941.0,0.911,-0.14
6893.4,1.57,
3517.0,0.37,-0.07
4831.0,0.724,-0.14
5791.0,1.083,0.16
4848.0,0.697,
5906.9,1.22,
5033.0,0.821,0.06
6098.0,1.297,-0.02
6009.0,1.673,-0.09
6338.0,0.847,-0.8
6082.0,1.201,
6190.0,1.17,0.05
6020.0,1.057,-0.06
6781.0,1.067,-0.58
5720.0,0.92,
5705.0,1.141,0.235
5929.0,1.03,
5208.0,0.772,-0.14
6091.0,0.967,-0.14
5949.0,1.09,0.05
6063.0,1.012,0.07
5906.0,1.145,0.22
3834.0,0.48,-0.25
5720.0,1.146,0.13
3775.0,0.31,-0.1
5295.0,0.84,0.05
5956.0,1.251,
4402.0,0.572,-0.58
5761.0,1.208,0.48
6207.0,1.23,-0.16
4584.0,0.69,0.0
5886.0,1.5,
5175.0,0.782,
,,
6014.0,0.993,0.07
4723.0,0.691,0.02
5326.0,0.832,-0.41
6149.0,2.06,0.01
6653.0,1.356,
6208.0,1.009,-0.16
5677.0,0.828,-0.18
5738.0,0.927,0.12
,1.694,
6181.0,1.536,-0.08
5068.0,0.743,-0.02
4850.0,0.81,0.2
5191.0,0.902,0.152
5514.0,1.043,0.02
6020.0,1.008,-0.18
3390.0,0.348,0.3
6643.0,1.216,-0.1
6111.0,0.98,
4066.55,0.622034,-0.4136
5018.0,0.676,
5831.0,1.238,0.1
4974.0,0.79,0.23
4762.0,0.688,
5233.0,0.843,
4663.0,0.638,
6188.0,1.331,
5552.0,0.833,-0.08
3767.0,0.48,-0.1
5742.0,0.91,-0.12
4619.0,0.654,
5413.0,0.759,-0.28
5440.0,0.882,
5675.0,1.38,0.0
5634.0,0.91,-0.07
5311.0,0.788,-0.04
5661.0,1.655,0.39
5420.0,0.871,-0.06
4780.0,0.82,
6142.0,1.2,-0.04
3726.0,0.47,-0.12
4347.0,0.7,
5675.0,0.885,
6115.0,1.291,-0.04
6231.0,2.397,-0.18
6132.0,1.14172,
5862.0,1.586,0.27
5177.0,0.802,0.16
6308.0,1.153,-0.08
6139.0,1.194,-0.18
4550.0,0.7,
5707.0,0.957,
5323.0,0.9839,0.332
3972.0,0.565,-0.1
6130.0,1.594,0.07
5581.0,0.941,0.136
6054.0,1.868,-0.04
3349.0,0.388609,
5526.0,0.903,
3655.0,0.47,
6280.0,1.21,
6217.0,1.247,-0.32
4255.0,0.651,-0.28
6201.0,0.989,-0.2
3568.0,0.42,0.02
4700.0,0.506,-1.44
5895.0,0.94,-0.02
,1.525,
4636.0,0.647947,-0.29
5550.0,1.76,0.08
,0.576,
5796.0,0.87,
6400.0,1.36,0.0
5971.0,1.239,0.16
5680.0,0.95,-0.02
6266.0,1.522,-0.28
4661.0,0.715,
5106.0,0.795,
10500.0,,
4218.9,0.622512,
5545.0,1.184,
,,
5779.0,0.956,0.12
5125.0,0.856,0.15
6244.0,1.017,-0.18
6209.0,1.45,0.16
5834.0,1.01733,
4208.0,0.696,
3919.0,0.526,-0.42
4613.0,0.637,
5200.0,0.744,-0.02
5821.0,1.114,
5910.0,1.038,-0.2
,0.837,
5227.0,0.874131,
5598.0,1.063,-0.12
5741.0,1.008,-0.38
5780.0,0.729,
5167.0,0.787,-0.04
6283.0,1.531,-0.06
5592.0,0.782,-0.3
5847.0,0.959,
5962.0,1.028,0.0
5795.0,1.36,
4612.0,0.7,0.04
6167.0,1.107,-0.06
5416.0,0.896,0.12
6341.0,1.033,-0.24
6006.0,1.257,0.06
6321.0,1.41189,
5512.0,0.87,
5740.0,1.62,0.0
5602.0,0.904,
4885.0,0.725626,-0.09
4955.0,0.721,-0.1
5650.0,0.96,-0.01
3816.0,0.51,-0.05
5769.0,0.98,-0.04
6226.0,1.299,0.0
6018.0,1.52,0.09
5232.0,0.93,0.37
5690.0,0.98,-0.06
5579.0,1.06,-0.12
5413.0,0.86,
4924.0,0.74,-0.03
5093.0,0.69,
6000.0,1.822,
6007.0,0.998,0.02
5297.0,0.929,
5325.0,0.992,0.01
6167.0,0.913,-0.5
5311.0,0.701,
5381.0,0.953,
5845.0,1.436,0.07
5130.0,0.8,0.05
6060.0,1.22,0.06
5420.0,0.85,0.14
4935.0,0.685,-0.42
5767.0,0.932,
5559.0,0.873,-0.1
5630.0,1.59,0.34
,1.102,
6238.0,1.054,-0.4
4985.0,0.808,0.11
3211.0,0.313932,
5700.0,1.215,-0.01
6050.0,0.95,
4461.0,0.585,-0.6
5465.0,0.736,-0.4
,0.68,
5805.0,0.95,
5796.0,0.871,-0.12
5356.0,0.861,0.09
6046.0,1.007,0.07
5851.0,0.918,-0.04
5781.0,1.21,0.18
5658.0,1.104,
5923.0,1.143,0.11
5843.0,0.742,-0.7
6202.0,1.438,0.182
5737.0,1.575,
5390.0,0.876,0.06
4151.0,0.63,
6728.0,1.484,-0.44
5438.0,0.83,-0.16
5710.0,1.238,
5914.0,0.955,-0.06
4925.0,0.736,-0.107
5324.0,0.712,
5535.0,0.92,0.08
5657.0,1.046,0.0
6220.0,1.328,0.02
6109.0,1.029,0.0
5342.0,0.83,
3760.0,0.46,-0.27
5567.0,0.875,0.18
6055.0,1.03,
6400.0,,
4528.0,0.624,-0.3
8450.0,1.858,-0.059
5476.0,1.673,-0.56
5324.0,0.791,-0.04
4540.0,0.678,0.04
4189.0,0.656,0.22
6137.0,2.001,
5377.0,0.9,0.17
5841.0,0.931,0.07
5511.0,0.941,
5907.0,0.973,-0.16
6692.0,1.351,-0.14
4486.0,0.577,
5976.0,1.619,
5300.0,0.748,0.0
4797.0,0.653,-0.46
5461.0,0.87,-0.02
5436.0,0.819,0.0
6137.0,0.994,-0.12
5888.0,1.233,0.051
5273.0,0.79,-0.17
7000.0,1.79,0.1
6400.0,1.466,0.0
5442.0,0.879,-0.1
3230.0,0.234,-0.53
6483.0,1.31,-0.18
5705.0,0.96,0.02
4252.0,0.559,
5968.0,0.999,-0.12
4768.0,0.779,0.18
6033.0,1.021,
5693.0,0.802,-0.3
,0.54,
5651.75,1.40959,
6094.0,1.042,
5634.0,1.796,0.07
4400.0,0.588,-0.03
5639.0,0.82,
5671.0,1.06,-0.17
5588.0,0.796,-0.3
6304.0,1.7,0.05
6086.0,1.111,0.06
5836.0,0.88,
5445.0,0.937,0.16
,1.115,
3572.0,0.426,-0.12
6052.0,1.028,-0.12
5995.0,1.12,0.04
6350.0,1.4,0.1
6102.0,1.026,0.0
5561.0,1.051,-0.021
,0.919,
5354.0,0.765,-0.18
5265.0,1.002,0.46
27730.0,0.203,
6418.0,1.171,0.07
5870.0,0.89,
5709.0,1.507,0.26
5571.0,0.802,
4540.0,0.678,0.04
5163.0,0.774,0.04
4597.0,0.66,-0.25
6225.0,1.58,0.03
4509.0,0.602,
5836.0,1.166,0.3
7143.0,1.785,-0.14
5387.0,0.84,-0.06
6285.0,1.348,
5772.0,0.899,-0.22
5440.0,0.86,-0.01
5359.0,0.915,-0.06
5765.0,0.86,
5266.0,0.829,-0.18
3903.0,0.504,
4465.0,0.582,
5194.0,0.769,
4802.0,0.701,-0.22
5537.0,0.88,0.21
5809.0,1.37,0.06
5573.0,0.988,0.39
,0.8988,
4972.0,3.39,-0.04
6080.6,1.99793,-0.0014
5774.0,1.044,
5982.0,0.879,-0.28
4671.0,0.67,-0.19
5266.0,0.788,-0.2
5962.0,1.028,0.0
5657.0,0.947,-0.08
4350.0,0.625,-0.26
5516.0,0.88,-0.05
4401.0,0.58,
3568.0,0.397,0.169
5699.0,0.96,0.01
4975.0,0.72,-0.31
,1.247,
6392.0,1.1,
6245.0,2.106,-0.28
5836.0,0.834,
6201.0,0.989,-0.2
6056.0,1.46,0.02
4812.0,0.755,0.02
5570.0,1.88,
5472.0,0.9,0.12
3638.0,0.382,-0.3
,0.577,
5185.0,0.91,0.16
5696.0,1.001,0.04
5762.0,1.143,0.06
5081.0,0.799,0.15
5612.0,1.2,0.194
3842.0,0.604,-0.03
5845.0,1.314,-0.02
6217.0,1.28,0.04
5456.0,0.908,0.11
3492.0,0.442,0.08
5744.0,1.0,0.25
6165.0,1.383,
5590.0,0.906429,0.08
4470.0,0.579,
5905.0,1.317,
6169.0,1.27,
5333.0,0.749,
5994.0,1.13,
4859.0,0.697,
3841.0,0.442,-0.28
5806.0,0.899,-0.04
5796.0,0.87,
5798.0,1.019,0.0
6031.0,1.046,0.07
6125.0,1.27,
5776.0,0.849,-0.18
6139.0,0.976,-0.22
5663.0,0.971,
5427.0,0.929,0.16
6077.0,1.288,
5871.0,1.703,0.17
3983.0,0.54,-0.2
5280.0,0.751,-0.42
5793.0,1.24,0.12
5787.0,0.851,-0.18
5853.0,1.05,
6022.0,0.97,
5834.0,1.594,-0.02
6534.0,1.9,-0.26
6180.0,1.33,
4943.0,0.939,
4983.0,0.807,0.06
4081.0,0.527,
4109.0,0.651,-0.02
4031.0,0.362,-0.01
6343.0,1.137,0.07
5463.0,0.869,-0.04
6113.0,1.21,0.07
,0.257,
6102.0,0.887,-0.38
5109.0,0.741,-0.13
,1.046,
5866.0,1.06,0.03
5914.0,1.45,-0.3
5491.0,0.95,0.17
,1.269,
6220.0,1.39,0.09
4662.0,0.72,0.19
6040.0,0.962,
,,
5670.0,0.765,-0.62
5858.0,1.04,-0.12
5000.0,0.82,
5875.0,1.442,0.0
5887.0,1.235,0.16
5502.0,1.059,
4272.0,0.557,
5372.0,0.916,-0.02
,0.257,
5371.0,0.943,
5239.0,0.826,0.0
5633.0,0.885,
,,
5219.0,0.774,
5806.0,0.899,-0.04
5911.0,1.216,
6031.0,1.056,-0.06
5916.0,1.09,0.01
6650.0,1.572,-0.19
5386.0,0.883,-0.04
3900.0,0.54,-0.1
5190.0,0.87,0.14
5714.0,0.85,
3778.0,0.51,-0.05
5600.0,0.976,
5059.0,1.657,0.24
5780.0,1.0,
5830.0,0.96,0.16
5637.0,1.234,
4495.0,0.599,
5504.0,0.894974,-0.01
5870.0,0.89,
5475.0,1.003,0.34
5149.0,0.803,-0.14
5500.0,,0.0
6327.0,1.43,0.04
3648.0,0.282,-0.048
5789.0,0.9,
5385.0,0.934,-0.138
6406.0,1.46,0.25
5783.0,1.253,0.21
6982.0,1.582,-0.1
5708.0,1.065,-0.15
4494.0,0.659,-0.04
3157.0,0.3,
5227.0,0.898,0.15
6053.0,1.26,0.06
5459.0,0.86,0.08
4786.0,0.757,
6014.0,0.94,
5461.0,0.937,0.44
4852.0,2.25,
5316.0,0.915,0.16
5900.0,1.61,0.05
6250.0,1.36,-0.1
4768.0,0.749,0.08
4569.0,0.653,-0.28
5465.0,0.925,0.02
5659.0,1.47,
6419.0,1.188,-0.2
6121.0,1.249,-0.13
5861.0,0.835,-0.32
5250.0,0.9,
5074.0,0.702,-0.38
5870.0,0.867,-0.2
5418.0,0.888,0.36
6403.0,1.369,-0.52
5243.0,0.744,-0.2
6235.0,2.43,
3809.0,0.606,
5900.0,1.694,0.0
4796.0,0.72,-0.03
5065.0,0.728,-0.14
5585.0,0.91,-0.38
6022.0,1.98,
5257.0,0.97,
4204.0,0.52,
6140.0,1.277,0.0
5416.0,0.933,0.133
6054.0,2.163,0.16
6642.0,1.846,-0.02
5135.0,0.8183,0.06
3581.0,0.44,0.14
5605.0,0.95,0.1
5001.0,0.76,-0.03
5825.0,1.003,-0.22
6100.0,1.083,-0.12
3750.0,0.704,
5633.0,0.91,-0.05
5257.0,0.874,-0.02
5564.0,0.908,
5743.0,1.41374,
5403.0,0.906,-0.14
5838.0,0.98,
4560.0,0.568,-0.7
5023.0,0.78,0.21
4900.0,0.68,-0.04
5075.0,0.743,0.26
5257.0,0.83,
6102.0,0.97,
5665.0,1.095,0.48
6187.0,1.052,-0.1
6189.0,1.425,0.1
6102.0,1.026,0.0
6389.0,2.0,0.26
5255.0,0.82,0.22
5739.0,0.81,
5904.0,1.71105,
3367.0,0.312,-0.5
6251.0,1.119,-0.06
5993.0,0.986,0.07
6392.0,1.1,
3720.0,0.495,-0.26
5220.0,0.828,
5774.0,1.727,
5675.0,0.915,-0.18
5239.0,0.792,-0.26
5746.0,0.98,0.02
6568.0,1.18,
6140.0,1.438,
6103.0,0.949,-0.2
5951.0,1.357,0.12
4092.0,0.6,0.01
4559.0,0.65,
5699.0,0.89,-0.25
5598.0,0.92,-0.01
5289.0,0.838,-0.18
6102.0,1.026,0.0
5677.0,0.94,0.01
5185.0,0.79,0.02
5465.0,0.925,0.02
5547.0,0.922,
5762.0,1.69,0.27
5735.0,1.028,-0.2
4956.0,3.38,
5354.0,0.788,-0.08
5428.0,0.815,
5527.0,0.866,-0.18
4766.0,0.695,0.13
5505.2,0.875,
6088.0,0.958,-0.4
5986.0,1.04,
4843.0,0.658,
5827.0,0.999,-0.08
5613.0,1.063,
4397.0,0.577,-0.58
5969.0,0.93,
5422.0,0.746,-0.34
6570.0,1.39,-0.03
6065.0,1.39,0.15
5577.0,0.96,-0.11
6063.0,1.001,-0.02
3258.0,0.2869,-0.07
6120.0,2.0,0.02
6159.0,1.25,0.03
4550.0,0.66,-0.18
5414.0,0.812,
5160.0,0.896858,0.2
5837.0,1.09,0.01
6315.7,1.50876,
5742.0,0.91,-0.12
4747.0,0.72,-0.04
5267.0,2.555,0.02
3131.0,0.215535,
5318.0,0.86,
5106.0,0.787,0.13
3879.0,0.537,-0.12
5625.0,1.06,
6201.0,0.989,-0.2
6089.0,1.06,
5960.0,1.167,0.24
5845.0,1.104,
5735.0,1.028,-0.2
5432.0,1.707,0.21
5795.0,0.853,-0.3
5853.0,1.007,0.18
5129.0,0.763,0.02
3776.0,0.4565,-0.062
5933.0,0.861,-0.28
6461.0,1.529,-0.1
5557.0,0.774,-0.3
5731.0,1.039,
5614.0,0.827,-0.14
3488.9,0.32067,
6260.0,1.04,-0.06
5165.2,0.784618,
5620.0,0.974,-0.32
6513.0,1.01,
5783.0,0.842,-0.28
6173.0,1.03,-0.28
6550.0,2.058,-0.28
5592.0,0.953,0.16
4734.0,0.657,
3880.0,0.59,0.14
5934.0,1.013,0.21
3628.0,0.497905,
5311.0,0.788,-0.04
5982.0,0.96,-0.04
4762.0,0.673,0.17
6095.0,1.038,-0.22
5356.0,1.055,0.2
6149.0,2.06,0.01
6302.0,1.511,-0.06
,0.66,
5543.0,0.813,-0.14
5570.0,0.81,
6112.0,1.233,-0.06
5565.0,0.871,0.1
5335.0,0.712,
5343.0,0.809,0.06
6297.0,1.031,-0.2
6270.0,1.309,-0.04
5662.0,0.789,-0.34
4969.0,0.7325,-0.133
6174.0,1.51,0.41
5897.0,1.51,
6077.0,0.999,-0.04
5911.0,1.626,-0.2
4878.0,4.11,-0.11
6418.0,1.31,
5378.0,0.86,0.16
,0.88,
5822.0,1.081,-0.06
,0.972,
5191.0,0.755,0.13
5618.0,0.897,-0.22
5923.0,1.022,0.0
6002.0,1.095,-0.08
4347.0,0.492,
5216.0,0.94,
5670.0,1.022,0.06
6010.0,1.26,0.08
5431.0,0.866,0.02
5543.0,0.566,-0.543
5911.0,0.887,-0.2
5674.0,0.87,0.047
5430.0,1.902,0.16
6432.0,1.345,-0.34
6669.0,1.69675,
7216.0,2.043,-0.36
5769.0,1.066,0.22
4068.0,0.513,
5986.0,1.1,-0.02
6455.0,1.496,-0.36
4935.0,0.711,0.06
4920.0,0.71,
5610.0,1.171,0.38
5520.0,0.873,0.14
5926.0,0.887,-0.2
5850.0,1.003,-0.15
5256.0,0.832,-0.16
6272.0,2.05979,
,1.309,
8038.68,1.54416,
3474.0,0.46126,
5713.0,0.893,0.07
5631.0,0.912206,-0.19
5032.0,0.593,-0.96
6078.0,1.189,-0.16
4261.0,0.633,-0.06
3030.0,0.2075,0.164
4198.0,0.574,-0.32
5748.0,0.995,0.03
3871.0,0.553,
6067.0,1.196,0.2
3506.0,0.378,-0.2
4861.0,0.732,-0.08
5306.0,0.948,0.23
5960.0,0.906,-0.2
3689.0,0.61,
3477.0,0.494,
,1.908,
5985.0,1.410373,0.08
4821.0,0.68,
6165.0,1.383,
4664.0,0.662,-0.12
5641.0,0.831,-0.16
6490.0,1.241,-0.24
,1.013,
5106.0,0.803,-0.08
6327.0,1.43,0.04
5911.0,0.914,-0.1
5827.0,1.374,0.16
5330.0,0.88,-0.07
5933.0,0.861,-0.28
5233.0,0.835,0.18
,1.43,
5854.0,2.192,0.31
3406.0,0.388,0.0
5688.0,0.939,
5988.0,0.934,-0.12
5439.0,1.209,0.04
5258.0,0.793,0.04
5594.0,0.935,-0.32
5188.0,0.973,0.32
4699.0,0.668,
5499.0,0.86,-0.1
5106.0,0.787,0.13
5741.0,0.833,-0.24
3591.0,0.41,-0.1
3485.0,0.461,0.3
6026.0,1.09703,
6136.0,1.22,0.01
7138.0,1.554,-0.2
5953.0,1.415,0.08
5548.0,1.614,0.18
4842.23,0.80095,
5865.0,1.11,0.01
4478.0,0.651,-0.22
5788.0,0.86,
5576.0,1.16,0.36
5733.0,0.855,-0.12
2703.0,0.118,0.0
5952.0,0.92,
5738.0,0.981,-0.06
5793.0,1.243,0.12
4910.0,0.892,0.56
,0.757,
4876.0,0.673,-0.02
5327.0,0.82,-0.023
,0.226,
6092.0,1.314,
5501.0,0.747,-0.48
3358.0,0.38,0.06
,0.824,
6008.0,1.003,-0.14
5049.84,0.777785,-0.013
6205.0,0.973,-0.58
5697.0,0.973,0.28
5631.0,0.851957,
6444.0,0.956,-0.5
6004.0,1.092,0.07
5712.0,1.304,
6197.0,1.07,
3613.0,0.48,0.09
5513.0,0.753,-0.36
5289.0,0.738,
4653.0,0.66,-0.04
6461.0,1.46,
,0.82,
4678.0,0.709927,
4486.0,0.571,
6269.0,1.155,0.21
5735.0,0.833,-0.22
5667.0,1.02,0.31
6995.0,2.274,-0.12
5178.0,0.777,0.02
,0.758,
5980.0,1.263,
5088.0,0.724,
5176.0,0.738,-0.18
5350.0,0.934,0.139
5767.0,0.881,-0.06
3864.0,0.604708,
6422.0,1.989,-0.01
6210.0,1.033,-0.1
4392.0,0.61,-0.25
6915.0,1.448,0.02
3214.0,0.288,0.26
5498.0,0.95,0.18
6125.0,1.02,
4184.0,0.57,-0.3
5900.0,0.951,0.07
5956.0,0.92,
5880.0,1.32,
4852.0,0.701,0.01
5248.0,0.813,0.04
4710.0,0.699,-0.16
6638.0,1.352,
5995.0,1.118,-0.04
5684.0,1.415,0.02
5650.0,0.8235,-0.19
5851.0,1.411,0.27
4970.0,1.314,
3413.0,0.32,
5771.0,0.86,
5264.0,0.82,0.03
6039.0,1.11,-0.07
5866.0,0.91,
3750.0,0.45,-0.23
5887.0,1.138,-0.16
6274.0,1.062,-0.1
4478.0,0.651,-0.22
5477.0,0.865,0.21
5368.0,0.855055,0.15
5195.0,0.699,-0.36
6283.0,1.768,-0.06
5723.87,0.864173,
4079.0,0.6,0.03
5279.0,0.8,-0.07
4402.0,0.598,-0.37
6189.0,1.382,
5825.0,0.923,0.02
5225.0,0.859,0.14
5328.0,0.84,0.14
3248.0,0.275364,
5464.2,1.02592,
6041.0,1.36388,
6057.0,1.0,-0.1
6072.0,1.659,-0.09
3359.0,0.217,
5428.0,0.92,
5312.0,1.445,0.34
,,
6492.0,1.678,
5602.0,1.009,0.1
5352.0,0.764,-0.18
5759.0,1.916,-0.6
5365.0,1.274,
5583.1,0.995254,
5549.0,0.89,-0.05
5533.0,1.166,0.16
5496.0,0.995,0.06
5624.0,0.95,0.08
5649.0,1.029,0.12
6020.0,1.256,0.146
5841.0,0.88,
5347.0,1.08,
5465.0,0.75,-0.34
5754.0,0.96,0.2
5387.06,0.817114,
5169.0,0.8,-0.02
6173.0,1.38,0.08
6550.0,2.058,-0.28
5594.0,0.935,-0.32
5400.0,0.873418,
6354.0,1.55,
4075.0,0.52,
6060.0,0.953,-0.14
5796.0,1.123,
6540.0,1.698,0.068
6190.0,1.36,0.01
5971.0,1.239,0.16
4653.0,0.74,0.34
5453.0,0.86,-0.04
5141.0,0.861,0.07
5484.0,0.92,0.23
6304.0,1.31,0.13
5399.0,0.919,
5215.0,0.8,-0.05
5672.0,1.204,0.2
4634.0,0.7,-0.03
5674.0,0.82,0.05
5736.0,1.008,0.34
5749.0,0.864,-0.1
6225.0,1.37,0.24
5561.0,1.19,0.16
5823.0,1.072,0.18
5897.0,0.834,-0.34
6190.0,1.068,-0.16
3679.0,0.441,
6354.0,1.25,-0.36
5860.0,1.3,0.12
4432.0,0.90484,
,1.548,
5265.0,1.002,0.46
3096.0,0.2159,-0.15
6190.0,2.196,
3690.0,0.578,-0.02
5834.0,0.797,-0.44
5958.0,1.09,0.04
5046.0,0.752,-0.55
4968.8,0.84,
6477.0,1.459,0.1
4534.0,0.69,
5627.0,1.099,-0.33
6763.0,1.424,-0.32
5773.0,0.95,-0.07
5459.0,2.129,
6020.0,1.13,0.03
4304.0,0.563,
5539.0,0.925,0.1
6351.0,1.404,
5871.0,0.993,-0.3
5352.0,0.83,-0.04
4689.0,0.655,
5315.0,0.87,0.0
5159.0,0.8,-0.16
,0.577,
5657.0,0.83,
4505.0,0.658,-0.2
5439.0,1.233,
6076.0,1.15,-0.06
6248.0,1.086,
5970.0,1.046,0.12
5500.0,0.682,-0.82
5477.0,1.571,0.07
6210.0,1.533,
5579.0,1.06,-0.12
4927.0,0.765,0.132
4211.0,0.691,
5789.0,0.907,-0.292
5126.0,0.742,-0.12
5813.0,1.05,0.01
5873.0,1.92,
5575.0,0.92,0.0
5933.0,1.115,-0.06
5192.0,0.802,0.16
5106.0,0.7827,-0.03
3783.0,0.537,
3749.0,0.524,0.16
4925.0,0.742,0.0
6277.0,1.31,0.199
5258.0,0.873,-0.04
4859.0,0.711,
5800.0,1.05,
,2.178,
5788.0,1.124,0.0
5881.0,1.294,0.16
5923.0,1.041,
6144.0,1.57,0.04
4927.0,0.753,
2930.0,0.13,0.164
5564.0,0.898,0.14
5896.0,0.916,-0.08
5185.0,0.91,0.16
5427.0,0.85,-0.03
3435.0,0.384,-0.06
5457.0,0.963518,
3376.0,0.269427,
5105.0,0.794,
5458.0,0.973,
5793.0,1.242,
5429.0,0.852,0.22
5463.0,1.01,0.36
4045.0,0.595,
4608.62,0.737189,
6444.0,0.956,-0.5
5977.0,1.459,0.15
5098.0,0.794,
3297.0,0.331472,
5950.0,1.37,0.0
5927.0,1.05,-0.01
6194.0,1.14,
6031.0,1.169,
5566.0,0.85,
3765.0,0.5441,-0.71
5200.0,0.822,
5680.0,1.1,0.0
6292.0,1.85,-0.16
4683.75,0.768675,
5193.0,0.758,-0.22
6184.0,1.038,-0.06
6158.0,1.55,
,0.582,
6185.0,1.087,-0.12
4305.0,0.602,-0.26
4200.0,0.639,
6142.0,1.454,
5779.0,0.9,
,0.782,
3410.0,0.44,0.14
5503.0,0.931,
5826.0,1.236,0.16
5710.0,1.258,-0.21
4891.0,0.805,0.16
6113.0,1.28,-0.02
6012.0,1.18,-0.14
5551.0,0.812,-0.42
,,
5581.0,0.882675,
5178.0,0.8,-0.03
6212.0,1.74,
5922.0,1.07,
5877.0,1.963,0.04
3887.0,0.53,-0.08
5105.0,0.868,0.14
5584.0,0.92,0.01
5530.0,0.95,-0.09
5045.0,0.761,
5582.0,0.862368,-0.11
5691.0,0.887,0.07
,,
5600.0,0.858,-0.37
5600.0,0.888,
6486.0,1.485,-0.34
5616.0,1.2,0.4
6161.0,0.862,-0.5
5032.0,0.593,-0.96
5644.0,0.806,-0.24
5670.0,0.93,
5385.0,0.978,
5961.0,1.28,0.05
5879.0,1.408,-0.04
6007.0,1.334,0.08
5858.0,0.903,-0.2
5683.0,1.024,-0.27
4852.0,0.737,0.23
5988.0,0.934,-0.12
6427.0,1.574,
5498.0,0.879,
5032.0,0.593,-0.96
3977.0,0.54,-0.2
6354.0,1.25,-0.36
5602.0,1.326,0.14
4224.0,0.603,-0.2
5438.0,0.82,0.02
5332.0,0.843,-0.08
5702.0,1.429,0.092
5852.0,0.837,-0.3
5822.0,0.866,
4910.0,0.892,0.56
5893.0,0.866,-0.26
,,-0.47
5046.0,0.727,0.17
5915.0,1.5,
,1.07,
6214.0,1.076,0.07
4201.0,0.544,
5930.0,0.923,
6052.0,1.028,-0.12
5514.0,0.978,0.36
6102.0,1.026,0.0
5214.0,0.785,
5988.0,1.236,-0.12
6173.0,1.506,0.17
4812.0,0.755,0.02
5745.0,0.97,0.0
5807.0,1.433,
5976.0,1.012,0.0
4648.0,0.674,
6436.0,1.35,0.06
4749.0,0.72,0.05
4736.0,0.63,-0.46
5645.0,1.11,
5141.0,0.861,0.07
5649.0,0.91,0.02
5747.0,1.099,0.0
3591.0,0.41,-0.1
5789.0,1.02,0.07
,0.972,
4222.06,0.646783,
4911.0,0.783,0.04
3823.0,0.492,-0.2
4971.0,2.3895,
,0.96,
5821.0,0.848,-0.22
5614.0,0.827,-0.14
5830.0,1.23,0.14
6300.0,1.44,-0.17
,0.576,
6239.0,1.358,-0.14
6090.0,1.025,-0.2
5146.0,0.905,0.2
5759.0,0.97,
5793.0,1.25,-0.45
5674.0,0.782,-0.38
6065.0,1.229,
5825.0,0.965,0.21
5929.0,1.363,0.3
5805.0,0.936,-0.03
6400.0,1.517,0.2
,,
3887.0,0.48,-0.36
6114.0,1.328888,-0.32
3973.0,0.54,-0.18
5582.0,0.81,
5712.0,1.615,0.29
6010.0,1.15,0.05
5852.0,1.455,
3544.0,0.421,-0.12
6000.0,1.01,
5739.0,1.081,0.35
5427.0,0.86,
5438.0,0.83,-0.1
4551.0,0.672,-0.14
3751.0,0.443,-0.34
5258.0,0.793,0.04
6400.0,1.415,0.09
,,
5180.0,0.8,0.0
5574.0,1.037,0.34
6341.0,1.76,0.09
6250.0,1.48,0.432
6102.0,0.97,
5589.0,0.836,-0.3
5113.0,0.714,-0.08
5949.0,1.18,
6350.0,1.991,0.26
5314.0,0.86,
6032.0,0.973,-0.06
,1.0,
4791.0,0.742,0.07
6169.0,1.424,0.09
5516.0,0.967,-0.06
5208.0,0.806,
5477.0,0.815,-0.06
5080.0,0.628,-0.86
5681.0,0.923,0.21
6137.02,1.91334,
3841.0,0.371,
5493.0,0.782,
3521.0,0.43,0.12
5700.0,1.472,
4806.0,0.72,0.0
5670.0,0.93,
4806.0,0.729,-0.1
5788.0,0.96,-0.36
4881.0,2.97,0.32
6239.0,1.358,
6409.0,1.622,-0.22
4528.0,0.624,-0.3
6052.0,0.967,-0.26
6475.0,1.178,-0.06
5402.0,0.793,-0.1
5781.0,1.21,0.18
6202.0,1.05,
5818.0,0.9,
5038.0,2.879,0.04
5509.0,0.836,0.02
4386.0,0.63,-0.26
5851.0,1.115,-0.26
5571.82,1.29921,
6652.0,1.699,-0.32
6207.0,1.82,
6197.0,2.188,-0.32
5731.0,0.93,
4909.0,0.724,0.11
5717.0,0.897,-0.3
6210.0,1.1,-0.02
,,
6085.0,0.973,-0.28
5842.0,1.03,0.04
3490.0,0.329,
4175.0,0.769,
6086.0,1.092,-0.14
6180.0,0.92,
6123.0,0.987,-0.14
5773.9,1.21,
5561.0,0.956,-0.1
5417.0,0.831063,
6086.0,1.092,-0.14
5780.0,1.128,0.04
6680.0,1.319,0.07
6205.0,0.973,-0.58
5939.0,1.136,0.17
5785.0,1.08,-0.01
6167.0,0.913,-0.5
6317.0,1.07,
5569.0,0.887,0.21
5748.0,1.01,
,,
5350.0,0.872,
4883.0,1.667,0.56
4127.0,0.623,
,,
7115.0,1.85,
4932.0,0.492,-2.5
4302.0,0.758608,
5238.0,0.851,-0.08
4374.8,0.74,
5326.0,0.785,
5917.0,1.239,-0.08
6003.0,2.193,-0.28
5835.0,0.88,
4919.0,0.74,-0.04
6338.0,1.091,-0.1
6018.0,0.969,-0.2
5897.0,0.891,-0.16
5574.0,1.065,0.12
5332.0,1.01,0.43
6103.0,1.66,
5323.0,0.846,
5294.0,0.85,0.25
8000.0,2.36,0.29
5616.0,0.999,-0.02
5551.0,0.899,0.1
4750.0,0.729,0.12
4905.0,0.682,-0.4
5316.0,0.864673,0.3
5580.0,0.94,0.05
4800.0,0.67,
5869.0,1.52905,
5683.0,1.624,0.0
5449.0,1.041,0.27
5224.0,0.82,
6075.0,0.916,-0.28
4837.0,0.731146,
6440.0,1.653,0.16
5477.0,0.88,0.03
4500.0,0.594,
5881.0,1.029,-0.16
5440.0,1.0,-0.1
5663.0,0.91,-0.12
5853.0,1.76,
6042.0,0.899,-0.58
5569.0,0.9,-0.02
4045.0,0.603,
5679.0,0.841,-0.14
5330.0,1.013,0.18
5646.0,1.045,-0.27
5973.0,0.96,
3424.0,0.22,-0.5
5683.0,0.95,-0.01
4954.0,0.719,
5954.0,1.13,0.09
5301.0,0.977,0.16
3846.0,0.503,-0.24
,,
4894.0,0.72,-0.06
6065.0,1.061,0.21
5910.0,1.69,0.22
4990.0,0.82,0.23
5894.0,1.06,
4079.0,0.6,0.03
3797.0,0.527,
5443.0,0.939,
5019.0,0.778,0.33
,0.634,
5146.0,0.840217,0.03
5923.0,1.044,
6140.0,1.417,0.05
3793.0,0.656,0.43
3591.0,0.41,-0.1
6458.0,1.142,-0.14
5910.0,0.94,-0.02
5402.0,0.793,-0.1
6616.0,1.298,0.07
5543.0,0.813,-0.14
5984.0,0.906,-0.2
5118.0,0.801,0.4
6166.0,1.2,-0.01
5682.0,0.862,0.06
6350.0,1.39,0.24
7216.0,2.043,-0.36
3880.0,0.49,-0.28
5888.0,1.0,-0.23
4841.0,0.779,0.1
6088.0,1.211,-0.09
4236.0,0.58,-0.29
4813.0,0.69,
5861.0,0.835,-0.32
5775.0,0.768,-0.52
5823.0,0.972,0.06
5906.0,0.85,-0.76
6305.0,1.011,-0.26
4736.0,0.73,0.11
5815.0,0.877,-0.12
6484.0,1.173,-0.08
,0.6629,
,0.184,
6277.0,1.031,-0.18
6179.0,1.14,
3763.0,0.447336,
5882.0,1.07,0.03
,0.507,
5712.0,0.906367,-0.09
5821.0,1.085,-0.02
6430.0,1.75,0.176
6184.0,1.36,0.35
5980.0,1.12,0.04
5673.0,0.940806,
5553.0,1.25,0.16
5831.0,1.04,0.06
6062.0,1.14,-0.06
4399.0,0.684,
5257.0,0.77,
6240.0,1.025,-0.38
5523.0,0.946,0.02
6086.0,1.111,0.06
6327.0,1.175,-0.14
5093.0,0.831,
3702.0,0.485948,
3517.0,0.37,-0.07
6145.0,1.503,
6215.0,1.02,
3747.0,0.524,0.1
5791.0,1.07,0.04
4094.0,0.53,-0.45
5739.0,1.384,0.3
5550.0,0.879,
5289.0,0.838,-0.18
4078.0,0.588,
5378.0,0.86,0.16
5614.0,0.827,-0.14
6225.0,1.03,
5702.0,1.125,-0.28
5540.0,0.91,-0.03
5791.0,0.9,
4211.0,0.691,
5233.0,0.835,
6071.0,1.12,
5583.0,1.007,0.02
4841.0,0.779,0.1
6135.5,1.4,
3972.0,0.565,-0.1
5583.0,1.1146,
5996.0,0.956,-0.1
5153.0,0.759,-0.04
6150.0,1.331,
5337.0,0.87,
5975.0,1.21,
6060.0,0.953,-0.14
5016.0,0.679,-0.34
6478.0,1.702,-0.06
5814.0,0.881,-0.18
5653.0,0.949,0.1
6249.0,1.076,-0.04
4208.0,0.59,-0.19
5386.0,1.076,0.18
5808.0,0.902,-0.06
7010.0,1.95,0.01
6422.0,1.173,-0.06
6201.0,0.989,-0.2
5587.0,0.938,0.194
6063.0,1.012,0.07
,,
5776.0,0.849,-0.18
6253.0,0.927,-0.42
4895.97,0.668,
5770.0,1.653,0.29
4722.0,0.527,-1.38
5252.0,0.779,-0.02
4905.0,0.761,-0.04
5238.0,0.752,-0.16
5806.0,0.899,-0.04
3841.0,0.535,-0.18
6088.0,1.259,
5854.0,1.76,
3973.0,0.54,-0.18
5660.0,1.275,
4734.0,0.726,0.05
5760.0,1.73,
6240.0,1.025,-0.38
4463.0,0.638,-0.28
5777.0,1.012,
6354.0,2.15,0.09
5542.0,1.02,0.31
5956.0,0.92,
5178.0,0.818,0.16
3717.0,0.605,
5880.0,1.57,0.03
4995.0,0.781,0.34
5464.0,0.88,
4463.0,0.638,-0.28
,0.616,
6309.0,1.27132,
6111.0,1.06,
5663.0,1.065,
5520.0,0.82,
3799.0,0.492,-0.2
6240.0,1.025,-0.38
6026.0,0.992,-0.36
5865.0,1.11,0.01
6007.0,1.11,0.01
6204.0,0.984,-0.3
3271.0,0.292425,
5736.0,0.91,
5931.0,0.93,-0.28
5330.0,0.726,-0.32
6532.23,1.99356,0.2326
4212.0,0.547,
5656.0,0.955,
5530.0,0.821,-0.15
5850.0,1.04,0.14
6263.0,1.315,-0.22
5352.0,0.809,-0.08
5938.0,0.898,
5923.0,1.735,-0.07
,1.06,
5525.0,0.88,0.12
5845.0,1.436,0.07
5509.0,0.759,-0.6
5721.0,0.979,
5903.0,1.784,0.48
5582.0,0.9,0.05
6177.0,1.31,0.35
5640.0,1.06,0.23
5028.0,3.42,-0.03
,,
4154.0,0.655,
5187.0,0.774,0.0
5920.0,1.588,
,0.371,
4800.0,0.808,
,0.739,
6079.0,1.487,0.24
5818.0,1.384,0.23
6363.0,1.035,-0.26
5216.0,0.804,0.14
5747.0,0.982,
5135.0,0.874,0.12
6184.0,1.038,-0.06
5993.0,0.986,0.07
5480.0,0.949,0.25
6026.0,0.992,-0.36
6175.0,1.472,
5229.0,0.701,-0.36
5067.0,0.83,
5652.0,0.891,
5700.0,0.946,
,1.2,
4738.0,0.73,
4915.0,0.812,0.16
5500.0,0.877,0.03
,,
5715.0,0.96,0.02
6260.0,1.614,-0.14
5684.0,1.232,-0.16
5600.0,1.112,0.12
4807.0,1.802,0.48
5696.0,0.982,
5544.0,0.764,-0.36
6170.0,1.316,0.09
3903.0,0.523,-0.2
4484.0,0.619,-0.225
3837.0,0.541,
5335.0,0.784,-0.171
6035.0,1.135,-0.14
5900.0,0.951,0.07
5887.0,1.177,-0.06
5663.0,0.971,
5379.0,0.767,
5850.0,0.952,-0.15
5504.0,0.89,0.01
5678.0,0.99,-0.28
5570.0,1.666,
6080.0,1.1,
,0.956,
5868.0,1.042,-0.22
4359.0,0.659,-0.06
6038.0,1.088,-0.24
3580.0,0.485,
5177.0,0.83,
6130.0,1.141,-0.21
5782.0,0.99,0.01
6136.0,0.992,
5949.0,1.09,0.05
5646.0,0.841,-0.14
3700.0,0.75,
6616.0,1.298,0.07
6181.0,1.368,0.07
6231.0,0.955,-0.32
5065.0,0.728,-0.14
5450.0,0.73,-0.2
5874.0,1.297,0.16
6136.0,1.005,-0.36
5536.0,0.87,-0.11
6330.0,1.308,0.017
4083.0,0.519,-0.5
6570.0,2.297,-0.12
6120.0,2.0,0.02
5794.0,1.03,-0.01
5190.0,0.85,0.24
4653.0,0.659,
,,
5303.0,0.828,0.18
4977.0,0.759,
6295.0,1.19,
5178.0,0.68,
5246.0,0.837,0.0
5990.0,1.09,-0.15
6353.0,1.139,-0.14
6004.0,0.98,-0.18
5035.0,2.162531,0.07
6096.0,1.132,
5551.0,0.812,-0.42
6270.0,1.395,-0.16
3673.0,0.479,
4684.0,0.673,-0.137
5683.0,1.472,0.1
5615.0,0.9,0.01
5970.0,0.908,-0.18
5696.0,1.15281,
5620.0,0.917,
5840.0,0.849,-0.24
4812.0,0.755,0.02
,1.692,
5506.0,0.914,0.04
5513.0,0.753,-0.36
5635.0,0.93,0.0
4599.0,0.63,-0.26
5880.0,1.27,0.04
6431.0,1.29,0.13
6215.0,1.02,
5897.0,1.51,
5816.0,0.884,0.08
5185.0,0.824,0.27
6032.0,0.973,-0.06
4812.0,0.755,0.02
5052.0,0.855,0.16
6425.0,1.186,-0.02
5707.0,2.2,
6106.0,1.359,0.33
,0.668,
5990.0,1.842,0.208
5831.0,1.287,
4762.0,0.683,-0.21
5958.0,1.219,
5100.0,0.78,-0.06
4792.0,0.614,
4210.0,0.6,
6484.0,1.173,-0.08
5934.0,1.0072,-0.05
5660.0,1.24,0.0
5720.0,0.802,
5565.0,1.15,0.43
5316.0,0.804,0.0
3853.0,0.62326,
5413.0,0.861,0.0
5834.0,0.797,-0.44
6053.0,1.09,0.04
5835.0,1.103,
3959.0,0.54,-0.17
5020.0,0.85,
4371.0,1.36687,
4895.0,0.759,0.16
6150.0,1.04,-0.12
,0.75,
5035.0,0.724,
5710.0,1.166,-0.1
3871.0,0.553,
3880.0,0.49,-0.28
,,
5860.0,1.049,
6063.0,1.001,-0.02
5657.0,0.947,-0.08
6321.0,1.125,0.07
6033.0,1.788,-0.1
6190.0,1.068,-0.16
5841.0,1.235,0.12
5443.0,0.939,
5671.0,1.36,-0.36
3683.0,0.515263,
6199.0,1.4,-0.11
6110.0,1.51,0.28
5760.0,1.85,
5900.0,0.951,0.07
4500.0,0.69,
5592.0,0.953,0.16
5371.0,0.797,0.07
5418.0,0.888,0.36
6050.0,1.013,-0.04
5178.0,0.777,0.02
4396.27,0.713832,
5557.0,0.752,-0.42
6144.0,0.99,
5817.0,0.87,-0.14
5678.0,1.303,0.2
5838.0,1.079,
6032.0,0.935,-0.78
4450.0,0.59,
5750.0,0.92,
4992.0,0.76,
5094.0,0.791,0.21
6157.0,1.0,
5539.0,1.106,0.16
5624.0,0.94,0.06
6112.0,1.09,-0.03
5252.0,0.898,0.04
5404.0,1.167,0.24
6475.0,1.77,
7358.0,4.037,-0.08
5142.0,0.77,
5072.0,0.825,0.14
6015.0,1.081,-0.12
3419.0,0.344,0.04
6096.0,1.077,-0.04
5132.0,0.75,
6178.0,1.021,-0.1
,0.946,
5996.0,0.956,-0.1
5593.0,0.97,
5569.0,0.887,0.21
5723.87,0.864173,
4844.0,0.761,-0.224
5043.0,1.15,
3517.0,0.37,-0.07
5538.0,1.11,
5757.0,1.068,-0.02
6353.0,1.139,-0.14
5817.0,0.87,-0.14
3767.0,0.479,-0.2
5600.0,0.836,-0.25
5099.0,0.76,
5060.0,0.788,0.3
5541.0,0.81,0.02
6095.0,0.991,-0.1
6060.0,0.953,-0.14
5594.0,0.941,-0.09
3660.0,0.51,0.1
5468.0,1.306,0.14
5800.0,1.07,-0.24
5455.0,0.852,-0.34
5010.0,0.713,-0.34
5493.0,0.8401,0.017
5903.0,1.784,0.48
6234.0,1.375,-0.14
5500.0,0.955,0.0
4236.0,0.58,-0.29
5442.0,0.974,0.1
5312.0,1.445,0.34
6123.0,0.987,-0.14
5693.0,0.875,-0.11
4189.0,0.587,-0.24
5013.0,0.657,-0.54
5430.0,1.71,0.2
5500.0,0.682,-0.82
6164.0,1.09,-0.12
6200.0,1.57,0.01
5888.0,0.944,0.02
3972.0,0.565,-0.1
6091.0,0.967,-0.14
6012.0,1.468,
4706.0,0.649,
6123.0,0.98,
3555.0,0.4,-0.07
4812.0,0.713,-0.04
3449.0,0.427389,
6053.0,1.287,0.21
5127.0,0.79,0.01
4500.0,0.633,-0.32
6167.0,1.064,0.07
5622.0,0.91,-0.02
5880.0,1.471,
,1.046,
6388.0,1.037,-0.28
5762.0,1.06,0.06
5832.0,1.192,
6071.0,1.107,-0.14
5413.0,0.759,-0.28
4791.0,0.73,0.01
5474.0,0.749,-0.34
5177.0,0.746,-0.22
4726.0,0.71,-0.05
5583.0,0.79,-0.26
6000.0,1.036,-0.05
5046.0,0.752,-0.55
5428.0,0.853,0.21
6412.0,1.39,0.07
6011.0,1.03,-0.04
6460.0,2.082,0.072
5804.0,1.01,
5271.0,0.838,0.14
4234.0,0.639,-0.02
5356.0,1.69,
5414.0,2.306381,0.48
6026.0,1.108,-0.02
5402.0,0.865,-0.24
5724.0,0.94,-0.08
3748.0,0.552,0.005
6018.0,0.969,-0.2
5862.0,1.67,0.16
5226.0,0.75,-0.16
5706.0,1.08974,
,1.766,
6057.0,0.95,
6250.0,1.98,-0.06
5653.3,1.03,
5293.0,0.84,
6206.0,1.603,-0.116
4434.81,0.726565,
5274.0,0.846,0.07
5975.0,1.107,
3816.0,0.51,-0.05
5926.0,0.963,0.07
5355.0,0.84,-0.03
5664.0,0.83,
5063.0,0.785,0.04
5657.0,0.93,0.0
5175.2,0.841842,
6498.0,1.2427,
5625.0,1.16,0.34
5302.0,,0.24
5461.0,0.819,
5677.0,1.11563,
6321.0,1.21,
5886.0,1.145,
4806.0,0.72,0.0
6034.0,0.95,
6826.0,1.85,0.04
5948.0,1.208,
4765.0,0.768675,
6765.0,1.439,0.21
5649.0,0.797,-0.3
6174.0,1.103,0.1
3691.0,0.484,
5323.0,0.995,0.16
3608.0,0.4,-0.2
5374.0,0.721,-0.68
5933.0,0.861,-0.28
4922.0,0.823,0.2
6108.0,0.997,-0.08
3068.0,0.17,-0.48
5846.0,0.998,0.1
5818.0,1.205,-0.02
6097.47,1.78076,
5499.0,0.76,
5080.0,0.628,-0.86
5650.0,0.96,-0.01
4499.0,0.639,-0.26
5356.0,0.685,-0.66
5560.0,1.096,
,0.61,
3558.0,0.37,-0.23
5903.0,1.137,-0.16
6063.0,1.001,-0.02
6429.0,2.13,-0.177
5568.0,1.02805,
6290.0,1.64,0.14
3727.0,0.5,0.04
4478.0,0.651,-0.22
5370.0,0.88,0.24
5525.0,0.9,0.09
6172.0,1.197,
5644.0,0.967,
6060.0,1.291,
5361.0,0.819,
,1.0,
4838.0,0.7,
4182.0,0.542,-0.58
3430.0,0.394,0.0
5312.0,0.986,0.16
3697.0,0.48,-0.24
5700.0,1.0941,
3767.0,0.48,-0.1
6065.0,1.006,-0.28
6327.0,1.175,-0.14
4345.0,0.521,-0.86
5327.0,0.87,0.15
5838.0,0.793,-0.46
5098.0,0.747608,-0.15
4327.0,0.566,
4912.0,4.142,
3837.0,0.517,-0.06
4109.0,,
2559.0,0.117,0.04
6020.0,1.008,-0.18
4102.0,0.478,
7138.0,1.554,-0.2
5057.0,0.817,
5638.0,1.18,
6352.33,1.30883,
5593.0,0.93,0.03
5904.0,1.06,0.03
5173.0,0.939,0.26
5475.0,0.982,0.24
4760.0,0.76,
6003.0,0.932,-0.14
5513.0,0.818,-0.16
5010.0,3.051,0.24
6071.0,1.216,0.08
5393.0,0.834,0.14
5167.0,0.737,-0.18
5774.0,0.818,-0.3
5825.0,1.49,0.02
4762.0,0.781,0.2
4500.0,0.59,-0.21
6295.0,1.236,-0.14
6032.0,1.001,-0.02
4929.0,0.861,0.36
5626.0,1.389,0.14
6087.0,1.42,
6229.0,1.3,0.04
,,
5871.0,1.46198,
5390.0,0.913,0.19
5354.0,0.788,-0.08
6129.0,1.108,-0.02
7350.0,1.883,
6167.0,0.913,-0.5
4238.0,0.61,-0.12
3369.0,0.315,0.0
4944.0,0.824284,
5533.0,0.956,-0.07
5110.0,1.8,
6338.0,1.672,0.26
3941.0,0.56,-0.03
5295.0,0.8,-0.1
4098.0,0.61,0.02
,1.08,
5378.0,0.85,-0.01
5940.0,1.68,-0.15
4661.0,0.671,
6362.0,1.46,
4141.0,0.608,-0.04
6070.0,1.09036,
5805.0,1.50416,
,,
4955.0,0.721,-0.1
5507.0,0.9,0.06
5096.0,0.785,0.14
5961.52,1.18439,
6013.72,1.24959,0.108
5330.0,0.87,0.04
5656.0,1.162,
6069.0,1.06,
6725.0,1.74,0.02
5656.0,1.129,-0.2
5644.0,0.91,-0.07
,0.936,
4460.0,0.975,
4852.0,0.804,0.2
5334.0,0.86,0.02
4935.0,0.685,-0.42
5936.0,0.965,0.07
6000.0,1.13152,
5693.0,0.889,-0.29
6110.0,1.436,0.06
5376.0,0.806,-0.02
6409.0,1.32,-0.1
5451.0,0.897,0.16
5796.0,0.871,-0.12
5238.0,0.752,-0.16
4210.0,0.6,
4954.0,0.885,0.44
5500.0,0.884,0.23
4559.0,0.78,
6122.0,1.047,-0.14
6300.0,1.433,0.21
5662.53,1.17834,
4836.0,0.706,
5130.0,0.8,0.05
5192.0,1.593,0.14
5720.0,0.85,
5350.0,0.83,
6255.0,1.681,
4208.0,0.59,-0.19
3458.0,0.391,0.1
4779.0,0.71,-0.07
6338.0,0.847,-0.8
4542.0,0.71,
5325.0,0.863,0.36
3887.0,0.48,-0.36
5989.0,1.01,
5243.0,0.784,
,0.86,
5211.0,0.895,0.08
3500.0,0.446,0.0
6015.0,1.051,0.21
5345.0,0.86,-0.12
5887.0,1.041,
5216.0,0.79,0.06
5657.0,1.046,0.0
5945.0,0.859,-0.3
5735.0,0.852,-0.16
5667.0,0.781,-0.36
6032.0,0.935,-0.78
5326.6,1.01342,-0.03
7221.0,4.24,-0.18
5918.0,0.969,-0.17
4316.0,0.651,-0.23
5315.0,0.801,0.33
4097.0,0.6,-0.05
6101.0,1.564,0.181
4970.0,1.806,0.32
6036.0,1.131,-0.18
5297.0,0.83,
5850.0,1.482,
6202.0,1.11,0.0
6321.0,1.319,
6000.0,1.502,0.021
5563.0,0.927,0.014
6028.0,1.022,-0.14
5938.0,0.883,-0.24
3464.0,0.328,-0.14
4590.0,0.595,-0.64
5007.0,0.783,-0.033
5759.0,1.0,
,,
6084.0,0.944,
4244.0,0.672,
5759.0,1.116,
5651.0,0.95,0.04
5173.0,0.939,0.26
5577.0,0.9,
5251.0,0.778,-0.04
5595.0,0.839,
5509.0,1.116,0.16
6227.0,1.32,0.04
6397.0,1.53,-0.04
4709.0,0.72,0.11
5730.0,0.888,-0.3
5299.0,0.78,
3400.0,0.451,0.0
6164.0,1.26,
5210.0,0.72,
4132.0,0.554,-0.38
6167.0,1.064,0.07
5560.0,1.108,0.26
4978.0,0.72,
6147.0,1.29,0.36
6412.0,1.04,-0.3
5469.0,0.902,
3503.0,0.394,0.09
3678.0,0.47,0.0
6012.0,1.468,
5286.0,0.835,0.03
4623.0,0.698,-0.06
5477.0,1.664,-0.06
6004.0,0.977,-0.02
5900.0,0.951,0.07
5855.0,0.94,
5880.0,1.448,0.22
6220.0,1.066,-0.1
5165.0,0.78,
5992.0,0.989,-0.32
6088.0,0.958,-0.4
5141.0,0.876154,
6583.0,1.53,0.08
6122.0,0.964,-0.18
3950.0,0.56,-0.1
6000.0,1.768,0.34
5626.0,1.389,0.14
6025.0,1.56,
6460.0,1.59,0.41
3853.0,0.447,-0.5
5382.0,0.818403,-0.07
5983.0,1.07,-0.04
6053.0,1.277,-0.1
6036.0,1.569,-0.38
5604.0,0.82,
6256.0,1.29,
5991.0,1.293,-0.2
5993.0,0.986,0.07
,1.6,
5550.0,0.91,0.01
4078.0,0.611,
6075.0,1.52,0.28
6026.0,1.12,0.0
5565.53,0.957,
5898.0,1.774,
5325.0,1.012,
5103.0,0.787,0.04
6184.0,2.00852,
6282.0,1.107,
5945.0,1.089,0.16
3950.0,0.493,-0.46
5884.0,1.127,-0.22
5180.0,0.866,0.12
4357.0,0.7321,-0.439
6235.0,2.43,
5178.0,0.713,
4781.0,0.709,
5983.0,1.176,
5349.0,0.695,-0.52
5660.0,1.47,
6035.0,1.21,0.05
5726.0,1.243,-0.06
4947.0,0.834,
6035.0,1.02,-0.09
5372.0,0.83,
5594.0,1.037,0.37
3219.0,0.347,0.27
4996.0,0.79,0.16
5822.0,0.898,-0.06
6280.0,2.016,0.07
4848.0,0.769,0.34
5759.0,2.127,0.3
5320.0,0.858,
5605.0,0.95,0.1
5833.0,1.03,0.02
5670.0,0.765,-0.62
5480.0,0.865,-0.04
6191.0,1.01,-0.14
5778.0,0.968,0.14
,,
5738.0,0.981,-0.06
5298.0,0.85,
5945.0,1.14,0.09
5126.0,0.751,-0.06
5603.0,0.82,
5010.0,0.715,-0.16
6063.0,1.001,-0.02
4897.0,1.826,0.24
6325.0,1.361,0.01
6801.0,1.56,0.02
5400.0,0.801,-0.06
5899.0,1.58,
5510.0,0.879,0.16
4816.0,0.757,0.24
5822.0,0.837,-0.28
6419.0,1.362,-0.48
5890.0,0.985,0.071
6220.0,1.328,0.02
5660.0,0.877,-0.28
5274.0,1.094,
5733.0,1.03,0.11
5657.0,1.046,0.0
3506.0,0.378,-0.2
5952.0,1.19,-0.02
5968.0,1.1174,-0.07
5900.0,1.167,0.0
4636.0,0.647947,-0.29
6115.0,1.291,-0.04
6190.0,1.09,
6010.0,1.403,
5356.0,1.22,
5642.0,0.96,
4675.0,0.63,-0.343
5762.0,1.06,0.06
,,
4343.0,0.732,-0.102
5350.0,0.872,
3914.0,0.512,-0.13
5099.0,0.76,
5388.92,0.890046,
5260.0,0.755,
6431.0,1.26,0.11
6446.0,1.155,-0.1
3842.12,0.491598,
5573.0,1.004,
5798.0,0.999,-0.16
6302.0,1.269,-0.18
5743.0,1.21,0.42
5529.0,0.803,0.1
5616.0,1.111,0.14
5618.0,0.9603,0.007
4299.0,0.511,-0.96
5683.0,1.624,0.0
5760.0,0.92,
5513.0,0.915,0.08
6210.0,1.486,-0.055
,0.816,
5137.0,0.92,
5237.0,0.851,0.05
5144.0,0.8,0.04
6018.0,1.17,0.1
5499.0,0.88,0.0
6108.0,1.011,-0.08
5335.0,0.81,0.07
3514.0,0.37,-0.1
5973.0,0.976,-0.06
5172.0,3.04,
5229.0,0.877,0.07
6426.0,1.775,-0.24
6034.0,1.592,-0.14
5464.0,0.836,
5926.0,1.048,
5876.0,0.89,
5887.0,1.029,0.08
5506.0,0.82,
5559.0,0.856,-0.25
4918.0,0.87,
5811.0,0.9,
5368.0,0.85,-0.08
5105.0,0.78,-0.03
5656.0,0.94,0.02
6315.0,1.07,
6181.0,1.424,0.14
5643.0,1.065,-0.15
5900.0,1.694,0.0
4128.0,0.725,
6474.0,1.242,-0.16
5130.0,0.745,-0.01
5744.0,1.068173,0.44
3834.0,0.48,-0.25
5741.0,1.008,-0.38
4723.0,0.747,0.08
5860.0,1.08,0.08
5044.0,0.734,
,4.23,
5661.0,1.691,
5733.0,1.183,0.06
5432.0,0.78,
6425.0,1.186,-0.02
5839.0,1.227,0.12
4255.0,0.58,-0.32
3707.0,0.622,0.501
5751.0,0.854,-0.14
5899.0,0.996,-0.105
6060.0,1.095,-0.26
5468.0,0.84,-0.04
6003.0,2.672,0.14
5425.0,0.792,0.0
5794.0,1.225,0.07
5641.0,1.827,
5568.0,0.966,-0.04
3896.0,0.52,-0.2
5465.0,0.925,0.02
5807.0,1.57,
4988.0,0.766,0.1
3439.0,0.420028,
5914.0,1.59,
4316.0,0.651,-0.23
5335.0,0.83,-0.04
,0.845,
5952.0,0.991,
5649.0,0.797,-0.3
6238.0,1.054,-0.4
5731.0,0.85,
6337.0,1.4,0.04
5904.0,1.82,0.025
6108.0,1.284,
6446.0,1.29,
5132.0,0.77,-0.06
5708.0,0.893,-0.02
3900.0,0.537,-0.1
5250.0,0.81,
5613.0,1.044,0.39
4805.0,0.688,-0.06
5046.0,0.752,-0.55
4965.0,0.71,-0.25
5501.0,0.747,-0.48
5682.0,0.94,-0.07
5356.3,0.863,0.14
3950.0,0.584,0.41
5110.0,0.69,-0.65
5475.0,0.87,-0.02
6429.0,1.262,-0.46
3272.0,0.401575,
4377.0,0.651,
3577.0,0.45,0.16
5956.0,0.92,
6004.0,1.12,-0.38
5611.0,1.4,0.16
6429.0,1.262,-0.46
6353.0,1.139,-0.14
6040.0,1.686,-0.44
5569.0,0.927,0.07
4508.0,0.6701,-0.059
6343.0,1.137,0.07
5832.0,0.884,-0.44
4884.0,0.749,0.02
5539.0,0.949,
4864.0,2.73,
6014.0,1.433,
5874.0,3.006,0.12
6146.0,1.26,0.06
4382.0,0.600869,-0.35
6012.0,1.024,
5517.0,0.95,
5559.0,0.79,-0.64
4000.0,0.591,
5900.0,0.951,0.07
5190.0,0.96,
4970.0,1.32,
6771.0,1.63,
5977.0,0.911,
5838.0,1.079,
5085.0,0.739,
6015.0,1.211,
6311.0,1.35,-0.07
6421.0,1.296,-0.03
5485.0,0.867,0.21
,,
6079.0,0.945,-0.2
5618.0,1.54,
5229.0,0.877,0.07
,0.603,
5692.0,0.909,
5576.0,1.198,0.14
6010.0,1.404,
4560.0,0.568,-0.7
5185.0,0.799,0.27
6765.0,1.439,0.21
6248.0,0.751,
5731.0,1.231,0.16
5011.0,0.851,0.2
5675.0,1.116,0.16
5380.0,0.779,-0.14
4306.0,0.63,-0.1
,0.59,
5248.0,0.795,
6495.0,1.168,-0.1
5597.0,0.9882,0.001
6084.0,1.04,-0.22
4818.0,0.856,0.56
4245.0,0.637,0.0
5070.0,0.75,
6353.0,1.139,-0.14
5611.0,0.9,-0.06
5599.0,1.75,0.33
3678.2,0.666652,
,0.256,
5350.0,0.824,0.03
6077.0,1.072,0.21
,1.03,
5423.0,1.404,0.08
6101.0,2.06,0.14
5450.0,0.897,0.01
5923.0,1.735,-0.07
5700.0,1.646,
5374.0,0.83,-0.08
4962.0,0.767,-0.08
5854.0,1.091,
5196.0,0.772,-0.3
5960.0,1.165,0.24
5326.0,0.771,-0.03
5942.0,1.142,-0.04
6121.0,1.2,-0.11
5319.0,0.75,
6534.0,1.23,
6046.0,0.927,-0.2
4684.0,0.71,-0.2
6483.0,1.229,-0.22
6165.0,1.115,-0.08
6126.0,1.186,-0.28
5900.0,0.951,0.07
5007.0,0.748,0.01
5216.0,0.81,0.03
4282.0,0.559,
5977.0,1.022,0.21
4941.0,4.885,0.4
6190.0,1.346,-0.114
6620.0,1.676,
4888.0,0.880213,
3269.0,0.3043,0.23
,,
6010.0,1.037,-0.16
5575.0,0.834,-0.08
5837.0,0.798,-0.44
5778.0,1.332,0.4
5187.0,0.802,
4847.0,0.737,0.0
4981.99,3.96613,0.0446
5143.0,0.778,-0.06
5376.0,0.758,-0.22
4769.0,0.714,0.12
6112.0,1.037,-0.2
3751.0,0.443,-0.34
5058.0,0.798764,-0.37
5897.0,1.081,-0.1
3901.0,0.542,-0.1
4974.0,0.827279,
4397.0,0.577,-0.58
6154.0,1.636,0.14
5401.0,0.835,0.2
5849.0,0.9,
5289.0,0.76,
5513.0,0.753,-0.36
6165.0,1.115,-0.08
4900.0,0.741,0.08
5691.0,0.887,0.07
5721.0,0.908,0.0
6403.0,1.369,-0.52
5078.0,0.806,
5694.0,0.94,-0.05
6217.0,2.63,0.21
5969.0,0.92,
6517.0,1.375,-0.16
5986.0,1.27,
6091.0,0.967,-0.14
4455.0,0.676,0.113
5476.0,0.854,
6563.0,1.632,0.06
5598.0,0.745,-0.48
6254.0,1.706,-0.26
5386.0,0.793,-0.2
6040.0,1.22,-0.11
6010.0,1.037,-0.16
3709.0,0.469,0.0
6915.0,1.448,0.02
5565.0,0.871,0.1
6169.0,1.424,0.09
5560.0,1.21,0.14
6086.0,0.921,-0.26
5667.0,1.631,
5629.0,0.937,-0.16
5046.0,0.732,
6478.0,1.402,-0.28
5975.0,0.9,-0.44
5500.0,0.87,0.16
4868.0,1.816,0.32
4455.0,0.730261,
6020.0,1.04,0.02
5630.0,1.205,-0.22
5790.0,1.269,
5705.0,0.976,0.36
5772.0,0.901,0.0
6028.0,0.844,-0.54
4904.0,0.74,-0.04
4232.0,0.71,0.14
5945.0,1.163,-0.4
4790.0,0.774,0.09
6072.0,1.01,-0.3
5554.0,0.803,
4153.0,0.581,-0.22
4643.39,6.37872,
3944.0,0.485,
5896.0,0.914,-0.1
5806.0,0.899,-0.04
6850.0,1.732,-0.1
5734.0,0.883,-0.02
6458.0,1.142,-0.14
5531.0,0.955,
5754.0,0.905,0.07
4661.0,0.645652,-0.33
,0.544,
4814.0,0.781,
3469.0,0.31416,
5870.0,1.134,0.1
6000.0,1.65,0.12
5653.0,0.91,-0.04
5776.0,0.726,-0.72
5016.0,0.679,-0.34
,1.0306,
4871.0,0.69,
5897.0,1.157,
6274.0,1.925,0.119
6226.0,1.14,
5374.0,2.584,
6138.0,1.053,
4396.0,0.68,
6732.0,1.927,-0.42
6087.0,1.41,0.03
6225.0,1.06,
6563.0,1.668,
5845.0,0.972,
5825.0,0.965,0.21
5608.0,0.83,
3655.0,0.455,
5716.0,1.259,0.48
5501.0,0.913,
3382.0,0.369306,
5842.0,1.41,0.14
5618.0,0.996,0.0
5715.0,1.107,0.02
4400.0,0.6,-0.05
5776.0,0.726,-0.72
6167.0,1.064,0.07
5010.0,0.713,-0.34
6225.0,1.031,-0.12
4362.0,0.58,
3910.0,0.424,
6034.0,1.592,-0.14
6003.0,0.932,-0.14
6079.0,1.15,-0.12
6429.0,1.262,-0.46
3660.0,0.473,-0.013
5367.0,0.897,0.124
4350.0,0.695,0.3
5022.0,0.77,
4521.0,0.68,-0.02
4998.0,0.76,
6549.0,1.438,-0.16
5417.0,0.901,-0.08
5706.0,0.93,-0.09
4861.0,0.732,-0.08
6070.0,0.812,-0.76
6190.0,1.466,0.22
5988.0,1.3,0.24
5065.0,0.74,-0.13
4620.0,0.71,
,,
5851.0,1.04,0.05
3517.0,0.37,-0.07
5641.0,1.783,0.12
6181.0,1.368,0.07
5100.0,0.714,-0.24
5307.0,0.974,-0.04
3721.0,0.52,0.19
6388.0,1.037,-0.28
5931.0,0.91,
,1.25,
6174.0,1.302,-0.0731
5252.0,0.898,0.04
5759.0,1.0,
6517.0,1.159,-0.14
6500.0,,-0.1
5656.0,1.41,
5895.0,2.014,0.14
6100.0,2.46,-0.35
6212.0,1.47,
4901.0,0.758,-0.06
5731.86,0.959792,
5523.0,0.887,0.05
4675.0,0.775,0.03
5613.0,1.063,
6215.0,1.02,
,1.341,
6371.0,1.306,0.046
5738.0,0.981,-0.06
5420.0,0.871,-0.06
6230.0,1.508,
6046.0,1.007,0.07
5567.0,1.069,-0.35
5173.0,0.939,0.26
3741.0,0.45,-0.16
5601.0,0.999,0.08
,0.9,
6375.0,1.727,
5450.0,0.87,
5600.0,0.97,-0.23
5766.0,0.853,-0.32
4699.0,0.655,
5066.0,0.78,-0.01
6108.0,1.03,0.07
6164.0,1.825,-0.1
5271.0,0.77,
4680.0,0.642,
4044.0,0.61,0.12
5627.0,0.808,-0.24
6388.0,1.209,0.02
6170.0,1.021,-0.28
5952.0,1.323,-0.08
4914.0,0.723,
5391.0,0.79137,
5178.0,0.8,-0.03
6050.0,2.112,0.0
5106.0,0.803,-0.08
6522.0,1.528,-0.54
6050.0,1.43,
6123.0,0.987,-0.14
6362.0,1.144,0.07
4493.0,0.653,
5015.0,1.643,0.36
5094.0,0.667,-0.5
,0.83,
5788.0,0.722,
5295.0,0.821,-0.24
4820.0,0.732,
5922.0,1.08,0.05
5514.0,0.95,0.12
3692.0,0.5,
5980.0,1.12,0.04
6108.0,1.03,0.07
5170.0,0.807,0.18
5482.0,0.79,
4595.0,0.694,0.35
3887.0,0.53,-0.08
3875.75,0.547001,
3415.0,0.314,-0.46
6300.0,1.252,-0.2
5966.0,1.499,0.18
5970.0,0.908,-0.18
5978.0,0.855,-0.42
6086.0,1.111,0.06
6163.0,1.022,-0.08
6007.0,1.124,-0.08
4265.0,0.556,
5522.0,0.928158,0.11
5798.0,0.958,-0.02
5513.0,0.915,0.08
5751.0,0.854,-0.14
5763.0,0.904,0.02
3733.0,0.674,
5534.0,0.959,0.07
3622.0,0.452,
5754.0,1.0504,0.03
6616.0,1.298,0.07
5559.0,0.931,
6090.0,1.071,0.21
6003.0,0.986649,
5722.0,1.561446,0.04
,,
5967.0,1.56966,
4918.0,0.87,
6100.0,1.083,-0.12
4741.0,0.688,-0.24
5880.0,0.917,-0.06
6480.0,2.219,0.1
5723.0,0.85,
5565.0,0.802,-0.2
5324.0,0.791,-0.04
5569.0,0.887,0.21
5400.0,0.87,0.2
3944.0,0.51,-0.36
3457.0,0.411,0.123
5744.0,0.86,
3834.0,0.539,-0.02
5251.0,0.838,0.29
5970.0,0.908,-0.18
5848.8,1.79,
,,
5794.0,0.99,-0.02
5511.0,0.889,
3068.0,0.17,-0.48
5151.4,0.86,
,0.57,
5717.0,0.96,0.01
5441.0,0.923,
5863.0,1.05,0.02
6241.0,1.031,-0.14
6115.0,2.05,
6038.0,1.191,-0.16
5732.0,1.324,-0.11
,,
5629.0,0.937,-0.16
5739.0,0.928,-0.02
6131.0,1.24,0.04
5166.0,0.638,-0.71
4805.0,0.688,-0.06
3201.0,0.242,0.12
5923.0,1.735,-0.07
5862.0,1.307,-0.1
6122.0,0.996,-0.1
5083.0,0.714,
5782.0,0.822,-0.3
5865.0,1.05,0.06
6157.0,1.392,-0.26
5154.0,0.85,
5583.0,1.007,0.02
5579.0,1.06,-0.12
5108.0,0.743,-0.1
5412.0,0.843,0.14
3506.0,0.38,
4040.0,0.57,-0.14
5201.0,0.759,-0.1
4212.0,0.547,
5350.0,0.75,
4069.0,0.525,
3682.0,0.48,
,0.88,
5356.0,1.055,0.2
5266.0,0.824,
6126.0,1.302,
6173.0,1.108,0.21
5751.0,0.767,-0.52
6742.0,1.7,
5250.0,0.85,
5205.0,0.792,-0.06
5600.0,1.03,0.17
5950.0,1.11,-0.3
4326.0,0.67,
6108.0,1.03,0.07
4859.0,3.98,
5620.0,0.97,
5568.0,0.966,-0.04
6263.0,2.02,0.2
4355.0,0.740712,
6086.0,1.13,
6180.0,1.76,0.21
5960.0,0.906,-0.2
5455.0,0.989,
5780.0,0.954,
6027.0,1.962,0.1
5764.0,1.105,
6119.0,1.03,
4145.0,0.571,-0.14
5127.0,0.75,
5425.0,0.844,-0.15
5692.0,1.265,-0.04
5975.0,0.9,-0.44
3640.0,0.59,
5223.0,0.885,0.32
6014.0,1.141,
5638.0,0.83,
5057.0,0.704,-0.44
6475.0,1.318,
4269.0,0.613,-0.5
5841.0,0.931,0.07
5934.0,1.46,0.09
5582.0,0.81,
4182.0,0.542,-0.58
3901.0,0.599,
5584.26,,0.3261
5463.0,0.88,
6022.0,0.97,
5553.0,1.25,0.16
6017.0,0.931,-0.16
5325.0,0.871,-0.02
6028.0,1.047,0.21
6900.0,,-0.03
6169.0,1.471,
6129.0,1.108,-0.02
3750.0,0.46,-0.18
3806.0,0.5,-0.06
3979.0,0.513,
5177.0,0.892685,
3333.0,0.27,
5734.0,1.51,0.14
5534.0,0.918,
5921.0,1.045,-0.26
6528.0,1.155,-0.16
3967.0,0.587,0.06
5860.0,1.3,0.12
4991.0,2.935,
5045.0,0.753,-0.04
6407.0,1.337,0.0
5718.0,1.094,
4989.0,0.786,
5192.0,0.796,0.02
5885.0,0.9,
5595.0,0.741,-0.48
5975.0,0.9,-0.44
5770.0,1.75,
5346.0,0.933,0.33
3526.0,0.383,-0.08
5349.0,0.695,-0.52
5303.0,0.753,-0.4
5755.0,0.99,0.03
5975.0,1.21,
6156.0,1.188,0.12
5560.0,0.94,
5863.0,1.05,0.02
4119.0,0.74,
4655.0,0.635,
5017.0,0.797,-0.02
3834.0,0.48,-0.25
5814.0,0.881,-0.18
5698.0,0.78,-0.54
6197.0,1.214,
5401.0,0.854,
5822.0,1.081,-0.06
5942.0,0.956,-0.45
5497.0,1.052,0.36
6277.0,1.207,-0.1
3879.0,0.537,-0.12
6398.0,1.35,
5952.0,0.971,0.02
5818.0,0.87,
6367.0,1.31,
5800.0,1.567,0.34
3212.0,0.189,0.0
6215.0,1.57,0.28
5596.0,1.466,0.14
5637.0,0.821,-0.18
,,
6045.0,1.689,0.0
,1.084,
5325.0,0.863,0.36
5497.0,1.052,0.36
,0.984,
5585.0,0.91,-0.38
4699.0,0.778,0.11
5859.0,1.013236,0.19
3924.0,0.688,
5888.0,1.097,-0.1
5526.0,1.085,
6129.0,1.108,-0.02
5550.0,0.954,0.46
5430.5,1.02,
4580.0,0.675,0.08
5604.0,0.943,0.0
5770.0,1.2148,
4014.0,0.596,0.02
5738.0,0.981,-0.06
,,
4258.0,0.622,-0.18
5888.0,1.0,-0.23
5474.0,0.763,-0.28
3983.0,0.54,-0.2
4097.0,0.6,-0.05
4745.0,0.698,-0.1
5185.0,0.803827,-0.05
5800.0,1.633,
5890.0,1.03,-0.02
6449.0,1.55,0.04
5585.0,1.45054,
4500.0,0.633,-0.32
5227.0,0.8,0.0
3767.0,0.479,-0.2
6061.0,1.57,0.1
3652.0,0.526987,
5403.0,0.85,0.0
5640.0,0.978,0.14
6050.0,0.95,
6305.0,1.011,-0.26
5602.0,1.425,0.16
6280.0,1.396,0.011
3157.0,0.305,
5900.0,1.06,-0.2
4668.0,0.667,
6040.0,0.999,-0.02
4667.2,0.720551,
5129.0,0.754,-0.2
4500.0,0.633,-0.32
6163.0,1.022,-0.08
5851.0,1.411,
6256.0,1.269,-0.08
3799.0,0.492,
6096.0,1.293,0.14
4786.0,0.667,
5619.0,0.915,
6235.0,1.03,
3698.0,0.444,-0.2
5002.0,0.711,0.128
5395.0,0.734,-0.34
5165.0,0.761,0.02
5592.0,0.782,-0.3
5866.0,1.008,
5688.0,0.998,0.42
5257.0,0.874,-0.02
5324.0,0.81,
5320.0,0.852,
4664.8,0.65,
5860.88,1.90361,-0.029
5460.0,0.83,
5554.02,0.848906,
5130.0,0.75,
6201.0,0.989,-0.2
5316.0,0.719,-0.38
6136.25,1.4874,
5759.0,2.127,0.3
6241.0,1.1,0.01
4386.0,0.63,-0.26
5014.0,0.674,-0.54
5720.0,1.064,
6133.0,0.99,
3688.0,0.497,0.0
6052.0,0.967,-0.26
5500.0,,
4016.0,0.599,0.02
5877.0,1.963,0.04
6343.0,1.115,-0.16
5497.0,0.909,0.36
5632.0,0.846,-0.08
5451.0,0.85,
4938.0,1.221,
5426.0,0.88,
5778.2,1.4,
6397.0,0.989,-0.58
4079.0,0.591335,
4987.0,0.768,0.12
3937.0,0.675707,
5757.0,1.15,0.14
6163.0,1.198,
,0.863,
5389.0,0.954,
5483.0,0.833,0.1
4405.0,0.61,-0.34
5555.0,0.76,
6208.0,1.009,-0.16
4790.0,0.708,-0.09
5966.0,1.499,0.18
6070.0,1.199,-0.18
3900.0,0.54,-0.1
5443.0,0.939,
5030.0,0.76,
5721.0,1.212,-0.06
5885.0,0.9,
6282.0,1.048,-0.28
5499.0,1.0,-0.23
5841.0,1.235,0.12
5203.0,0.774,0.0
4935.0,0.685,-0.42
5910.0,0.94,-0.02
6311.0,1.35,-0.07
6148.0,1.217,-0.04
5455.0,0.909,-0.2
5665.0,0.94,0.01
5271.0,0.821,0.21
5135.0,0.651,
5595.0,0.82,
5470.0,0.85,
5376.0,0.806,-0.02
5688.0,0.99,
5603.0,0.898,
,1.468,
5837.0,1.125,
5886.0,1.42,0.2
4302.0,0.586,-0.44
,,
6522.0,1.215,-0.22
5321.19,0.834386,
6109.0,1.17,0.01
6330.0,1.07,
5910.0,1.43,0.21
5888.0,1.097,-0.1
3799.0,0.492,-0.2
6001.0,1.255,-0.47
5516.0,0.895,-0.2
6535.0,1.283,0.21
4812.0,0.713,-0.04
,,
5079.0,0.739,-0.1
5725.0,0.92,-0.21
3972.0,0.565,-0.1
5522.0,1.018,0.1
5106.0,0.8,0.04
3903.0,0.54,-0.07
5695.0,0.872,-0.02
4591.0,0.64,-0.31
4859.0,0.72,0.0
6016.0,1.11,-0.15
6405.0,1.1,
3485.0,0.461,0.3
6363.0,1.012,-0.32
5735.0,1.028,-0.2
5861.0,0.865,-0.2
4699.0,0.778,0.11
5948.0,1.363,-0.1
4055.0,0.524,
,0.739,
5356.0,0.88,
4380.0,0.53,-0.92
6140.0,1.027,-0.04
6086.0,0.921,-0.26
6010.0,1.26,0.08
6263.0,1.315,-0.22
6499.0,1.095,-0.34
5990.0,1.375,-0.2
5890.3,1.28018,-0.35
5599.0,1.087,
6000.0,1.393,-0.09
6319.0,1.4,0.06
6180.0,1.09,
5403.0,0.906,-0.14
5640.0,2.789,0.1
6147.0,1.45,0.36
5211.0,0.77,
5658.0,1.104,
5741.0,1.008,-0.38
5896.0,0.914,-0.1
6131.0,0.989,-0.2
4897.0,0.772,
9565.0,2.286,0.07
5770.0,0.968,0.07
3575.0,0.516105,
5798.0,0.941,0.1
5408.0,0.861,-0.06
3100.0,0.204,-0.38
,,
5048.0,3.549,-0.03
5058.0,1.86,
3499.0,0.46,
7717.0,2.641,0.07
5190.0,0.888,
6210.0,1.32,0.37
5376.0,0.806,-0.02
5662.0,0.806,-0.44
,0.849,
5921.0,1.045,-0.26
,0.968,
6191.0,1.007,-0.24
5321.0,0.858,-0.16
5946.0,1.08,-0.1
5066.4,,0.12
5705.0,0.96,0.02
3026.0,0.216,0.39
3398.0,0.33,-0.01
6245.0,1.065,-0.16
,1.083,
,0.276,
5135.55,0.929771,0.2502
3862.0,0.5,
6321.0,1.273595,-0.23
6256.0,1.31,-0.276
6123.0,0.987,-0.14
,,
5970.0,0.908,-0.18
6065.0,1.769,
4171.0,0.64,
5262.0,0.761,-0.14
5460.0,0.818,-0.1
5564.0,0.898,0.14
3758.0,0.474,-0.2
5419.0,0.831,
5146.0,0.779,0.03
5302.0,0.821,-0.22
6366.0,1.697,-0.2
6029.0,0.95,
,0.9757,
5669.0,1.09,
5952.0,1.11,-0.19
5742.0,2.04,0.287
3359.0,0.325729,
3820.0,0.552,0.12
5871.0,1.703,0.17
4231.0,0.62,-0.09
5903.0,1.156,-0.1
5805.0,1.50416,
5396.0,0.898,
5090.0,0.792,
5522.0,1.12,0.26
4439.0,0.67,-0.03
5462.0,0.764,-0.28
,0.904,
5802.0,1.314,-0.01
5686.0,0.86,-0.18
5377.0,0.971,0.018
5770.0,1.088,0.09
6309.0,1.614,0.28
2566.0,0.1192,
6080.0,1.953,0.01
5745.0,1.07,0.04
3587.0,0.41,-0.1
4676.0,0.69,-0.14
4413.0,0.667,
5903.0,1.368,-0.12
6223.0,1.31,0.0
4631.0,0.7,0.03
5979.0,2.164,-0.12
,0.82,
4687.0,0.715,0.014
5485.0,0.776,
5031.0,0.848,0.16
5693.0,0.802,-0.3
5527.0,0.88,-0.08
5789.0,0.96,0.1
4752.8,0.679343,
5604.0,1.375,
5288.0,0.836,0.1
5565.0,1.439,0.16
6481.0,2.55,0.06
6090.0,1.39,
3506.0,0.38,
4505.0,0.72,-0.08
4766.0,0.769,0.306
5726.0,1.058,-0.238
5085.0,0.712,-0.36
5150.0,0.765,-0.05
5354.0,0.788,-0.08
6053.0,1.09,0.04
5495.0,0.9639,0.07
5448.0,0.734,-0.38
4806.0,0.72,0.0
5703.0,0.92,
5058.0,0.814,0.07
6137.0,1.19,0.0
5617.0,1.032,
6071.0,1.41,0.1
5214.0,0.72,
4701.0,0.775,0.24
5638.0,0.883,-0.18
5350.0,0.75,
5438.0,0.825,0.07
5460.0,0.818,-0.1
5125.0,0.856,0.15
5050.0,1.278,0.1
6086.0,1.111,0.06
5236.0,0.76,-0.16
4601.0,0.67,
5718.0,1.099,-0.06
5126.0,0.742,-0.12
5679.0,1.53012,
5349.0,0.889,
3430.0,0.272,-0.25
6484.0,1.064,
6300.0,1.379,
5027.0,0.88,
5570.0,0.92,-0.01
6290.0,1.746,0.04
6419.0,1.362,-0.48
5981.0,1.22,
6652.0,1.699,-0.32
5188.0,0.79,-0.04
5806.0,0.899,-0.04
5739.0,0.928,-0.02
5724.0,1.192,
6350.0,1.439,-0.32
5842.0,0.99,-0.04
5937.0,1.291,0.1
4774.0,0.823,0.2
6248.0,0.886,-0.5
5553.0,0.934,-0.07
5445.0,0.929,0.48
4910.0,0.892,0.56
5044.0,0.83,0.19
6155.0,1.323,0.11
5700.0,1.00957,
5570.0,1.06,
5700.0,0.93,-0.02
5121.0,0.792,-0.46
6033.0,2.276457,0.15
6236.0,1.378,0.12
3949.0,0.607,
4132.0,0.726119,
6461.0,1.19,-0.12
5823.0,1.491,-0.09
5122.0,0.784,0.1
5425.0,1.529,
5173.0,0.939,0.26
6008.0,0.875,-0.32
6398.0,1.101,-0.14
6678.0,1.24,
5099.0,0.76,
6018.0,1.723,-0.07
5015.0,0.826,0.1
6325.0,1.07,
5254.0,1.514,0.21
6282.0,1.28,
6097.0,1.215,-0.02
4486.0,0.460589,-0.21
5228.0,0.811,0.21
4042.0,0.523,
5970.0,1.2,0.1
5142.0,0.755,-0.06
6156.0,1.34,
6461.0,1.131,-0.14
5641.0,0.831,-0.16
6080.0,2.206,
5695.0,0.872,-0.02
6520.0,1.478,0.0
5973.0,1.12,0.15
4803.0,0.737189,
3735.0,0.4,-0.5
2988.0,0.2134,-0.262
5455.0,0.909,-0.2
5259.0,0.8,-0.12
4786.0,0.704,-0.2
5505.0,0.871,0.21
4072.0,0.68,
5999.0,1.086,
6088.0,1.096,0.05
5627.0,0.808,-0.24
5296.0,0.808,-0.1
4962.0,0.767,-0.08
6300.0,1.241,
5700.0,0.87,-0.18
5431.0,0.843,0.12
4665.0,0.685,-0.01
4963.0,0.67,
5680.0,1.12,0.28
5700.0,0.959022,
5191.0,0.764,-0.06
5324.0,0.791,-0.04
4508.0,0.62,
6388.0,1.209,0.02
6309.0,1.044,-0.18
3327.0,0.189,-0.38
4670.0,0.682,0.06
6430.0,1.98,0.11
5903.0,1.784,0.48
5511.0,0.87,0.1
4716.0,0.69,-0.47
6011.0,1.03,-0.04
5365.0,1.533,-0.06
5711.0,1.22959,
5680.0,1.1,0.0
6210.0,1.309,0.18
5147.0,0.81,0.07
5468.0,0.911,
5391.0,0.833805,-0.03
5806.0,0.899,-0.04
5510.0,0.762,-0.32
4750.0,0.729,0.12
4498.0,0.635,-0.08
,0.9,
3855.0,0.498,
3385.0,0.33,
3765.0,0.544068,
5470.0,0.884,-0.08
,0.976,
5933.0,1.026,-0.09
6400.0,1.712,0.16
5669.0,0.919,-0.18
5783.0,1.072,
5295.0,0.818,0.12
3712.0,0.46,-0.11
,,
5560.0,0.939,
5593.0,0.871,
5557.0,1.616,0.16
3679.0,0.47,-0.02
5866.0,1.459,
6602.0,1.397,0.36
6063.0,1.012,0.07
6340.0,2.26,0.06
3075.0,0.229824,
5792.0,1.0,0.0
5189.0,0.765,-0.06
6024.0,1.009,-0.88
6084.0,1.984,0.19
,0.657,
5943.0,1.7,0.19
,,
5763.0,1.457,0.26
5700.0,1.618,0.15
5160.0,0.87,
6031.0,1.27,
5881.0,0.848,-0.66
,0.583,
5370.0,1.055,0.18
4457.16,0.717414,
,,
6728.0,1.484,-0.44
3558.0,0.37,-0.23
5639.0,0.95,
5800.0,1.012,-0.08
4972.0,0.627,-0.58
5592.0,1.451,0.16
6488.0,1.66,-0.04
6091.0,1.26,
5854.0,1.01613,
5417.0,0.88,
5496.0,0.827,-0.46
6367.0,1.09,
6444.0,0.956,-0.5
5788.0,0.848,-0.34
5332.0,0.714,-0.42
5754.0,1.67,0.272
4493.0,0.613,
5285.0,0.78,-0.06
5989.0,1.098,0.2
5585.0,0.835,-0.29
4391.0,0.682,0.04
5505.0,0.871,0.21
4850.0,0.731,0.2
5881.0,1.029,-0.16
4818.0,0.856,0.56
6292.0,1.276,0.16
5708.0,1.76693,
5935.0,1.08,
3898.0,0.54,-0.09
6105.0,1.287,
5017.0,0.797,-0.02
4391.0,0.682,0.04
5778.0,1.332,0.4
5905.0,1.25,
5886.0,1.08,
5873.0,0.843,-0.3
6461.0,1.529,-0.1
,1.2247,
5467.0,0.856,-0.14
3820.0,0.55,0.28
5313.0,1.501,0.12
5992.0,1.125,0.18
5274.0,0.856,
5968.0,0.881,-0.26
5999.0,1.78,0.02
5822.0,0.898,-0.06
5501.0,0.913,
5208.0,0.693,-0.38
5124.0,2.67,
6148.0,1.488,-0.1
6013.0,1.03,
6299.0,0.983,-0.32
6023.0,1.1,-0.13
5380.0,0.779,-0.14
,,
5507.0,0.856,
4159.0,0.583,-0.24
5757.0,0.762,-0.5
5650.0,1.044,-0.28
5099.0,0.78,-0.01
4702.0,0.686,-0.22
4928.0,1.022,-0.221
5070.0,0.69,
5446.0,1.593,-0.36
6202.0,1.01,
6373.0,1.322,-0.16
5641.0,1.601,
5823.0,0.89,
5211.0,0.8,
5314.0,0.719,-0.34
4024.0,0.553,-0.2
6495.0,1.145,-0.26
6131.0,1.24,0.04
3547.0,0.42,
6212.0,0.945,-0.82
5486.0,0.89,0.04
5672.0,1.286,-0.3
5288.0,0.836,0.1
5664.0,1.058,-0.24
5854.0,1.27,0.05
4967.0,0.67,-0.36
5267.0,1.08,
5194.0,0.89,0.17
5798.0,1.535,
4631.0,0.628,
6184.0,1.038,-0.06
3810.0,0.52,-0.02
5759.0,0.95,-0.2
5977.0,1.022,0.21
4728.0,0.72,
5700.0,0.991,-0.1
,0.937,
5888.0,0.958,
5588.0,1.467,-0.1
5820.0,1.09,-0.05
4356.0,0.572,
6220.0,1.066,-0.1
5349.0,0.82,-0.12
5569.0,1.019,-0.02
5614.0,0.827,-0.14
4258.0,0.58,-0.3
3950.0,0.56,-0.1
6858.0,1.34,
5835.0,1.103,
5656.0,1.129,-0.2
5906.0,1.073,-0.16
5779.0,0.956,0.12
5395.0,1.071,0.16
5638.0,0.903,0.14
3399.8,0.49012,
5281.0,0.86,
6131.0,1.24,0.04
4827.0,0.823,0.32
6046.0,0.972,-0.08
5712.4,1.18,
5052.0,0.816,0.02
5968.0,0.881,-0.26
5674.0,0.87,0.047
5977.0,1.022,0.21
5561.0,1.19,0.16
5172.0,0.767,0.07
5461.54,0.897403,
5058.0,1.86,
5732.0,1.324,-0.11
5615.0,0.936,0.24
6789.0,1.732,0.139
5549.0,0.81,
6028.0,1.022,-0.14
4377.0,0.766495,
5052.0,0.48,-0.5
5495.0,0.985,0.12
7400.0,,-0.5
3315.0,0.28,0.09
6266.0,1.63,0.26
5929.0,1.04,-0.06
5716.0,0.866,
3972.0,,
6091.0,0.967,-0.14
5700.0,0.87,-0.18
5431.0,0.717,-0.44
,0.83,
6300.0,1.126,-0.1
5557.0,0.752,-0.42
,,
5993.0,1.14,0.09
5994.0,1.436,
5245.0,0.903,
5608.0,0.95,0.08
5832.0,1.03,
5151.0,0.86,0.17
5840.0,1.02,0.04
5778.0,0.98,0.0
5898.0,1.752,-0.01
4987.0,0.722,-0.12
5569.0,0.93,0.04
5417.0,0.901,-0.08
,,
6096.0,1.077,-0.04
3457.0,0.411,
5129.0,1.781,-0.16
3414.0,0.260187,
4739.0,0.654,
5547.0,0.92,0.04
6221.0,1.44854,-0.13
4336.0,0.669,
4674.13,0.634663,
6004.0,0.85,-0.48
5795.0,1.36,
6330.0,1.5,0.05
5802.0,1.0,0.01
5717.0,1.057,0.18
6164.0,1.045,-0.02
6046.0,0.972,-0.08
5920.0,1.588,
,0.582,
5550.0,1.213,0.35
4833.0,0.679,
5076.0,0.763,0.1
6021.0,1.065,-0.03
,0.948,
5846.0,1.65,
6332.0,0.981,-0.36
,1.046,
5404.0,1.55,
4072.0,0.65,
5705.0,1.065,
5576.0,1.593,0.3
5599.0,0.84,0.06
5720.0,1.166,
6388.0,1.037,-0.28
6159.0,1.23,0.05
5178.0,0.778,-0.26
5775.0,1.053,0.16
5663.55,0.895095,
4625.0,0.663,
3386.96,0.492759,
6712.0,1.525,-0.06
5023.0,0.73,
4225.0,0.693431,
6369.0,1.09,
5814.0,2.476,-0.26
5871.0,1.14,0.1
5996.0,0.93,
5650.0,0.829,-0.19
5788.0,1.495,0.26
5659.0,1.407,-0.22
6234.0,1.21,
3519.0,0.33,-0.31
4778.0,0.87,
5818.8,1.09,
5470.0,0.919,-0.2
4243.0,0.629,-0.12
5657.0,1.182,0.14
5987.0,1.07,
5919.0,1.0,-0.08
5862.0,1.307,-0.1
6098.0,1.297,-0.02
5730.0,1.341,0.15
6142.0,1.87,
4945.0,0.91,
3485.0,0.461,0.3
6154.0,1.362,
6045.0,2.112,
6188.0,1.38,
5782.0,1.22,0.16
5431.0,0.717,-0.44
4377.53,0.640675,
5300.0,0.849,-0.16
5080.0,0.771,0.09
4269.0,0.613,-0.5
5160.0,0.805,
5235.0,0.73,
6212.0,1.47768,-0.01
5455.0,0.849,-0.33
5500.0,0.89,0.0
5480.8,1.02,
7717.0,2.641,0.07
5008.0,3.584,
4739.0,0.71,-0.02
5609.0,0.944,0.16
4069.0,0.525,
5586.0,1.079,
5590.0,0.92,0.0
5869.0,0.911,-0.38
5252.0,0.898,0.04
6208.0,1.238,
5216.0,0.79,0.06
5306.0,0.83,-0.01
5208.0,0.755,-0.32
4014.73,0.569359,
6184.0,1.038,-0.06
3600.0,0.547,0.2
5542.0,1.02,0.31
5700.0,1.176,0.34
5877.0,1.18,
5245.0,0.79,
5311.0,0.701,
5970.0,1.355,
6327.0,1.175,-0.14
5575.0,0.834,-0.08
5177.0,0.8,-0.02
7308.0,1.55,0.0
4869.0,0.77,-0.09
5926.0,1.437,
5906.74,1.54571,-0.4146
5663.0,1.065,
5141.0,0.861,0.07
4729.0,0.525,-1.42
5914.0,1.135,0.46
5438.0,0.83,0.0
5636.0,0.963,-0.25
3972.0,0.7,
5596.0,0.9,-0.08
4786.0,0.748,
5157.0,0.82,0.13
5880.0,0.993,0.21
6032.0,1.001,-0.02
6313.0,1.122,-0.12
6036.0,1.909,0.1
4621.0,0.668,-0.24
4103.0,0.445,
5858.0,1.21,0.18
5094.0,0.644,-0.58
5833.0,1.21,
5820.0,1.474,-0.012
5927.0,0.93,
6353.0,1.139,-0.14
4685.0,0.71,0.02
5029.0,0.93,0.48
4121.0,0.533,
4258.0,0.555,
5085.0,1.08,
6156.0,1.188,0.12
6590.0,1.83,
5123.0,0.779,-0.2
5254.0,0.81,-0.07
5765.0,0.93,-0.39
5533.0,0.89,-0.03
5400.0,1.18,
,,
5662.0,0.806,-0.44
5648.0,1.611,
5896.0,0.916,-0.08
3424.0,0.445372,
5438.0,0.83,0.0
5920.0,1.75,
6143.0,1.23,-0.01
3225.0,0.355309,
6509.0,1.137,
,0.99,
6086.0,1.122,0.06
4725.0,0.687,
4166.0,0.54,
5589.0,0.91,-0.02
5787.0,0.851,-0.18
5847.0,1.135,-0.12
5754.0,0.905,0.07
6035.0,1.257,-0.28
3622.0,0.452,
6100.0,1.186,-0.25
5190.0,2.5,0.17
5739.0,1.02607,
5173.0,0.822,0.16
5374.0,0.721,-0.68
4719.0,0.502,-1.7
5178.0,0.777,0.02
5371.0,0.852,0.0
5717.0,0.864,-0.08
5242.0,0.722,-0.54
6251.0,1.22,0.14
5677.0,0.84,
3769.0,0.56,0.4
4494.0,0.659,-0.04
6152.0,1.19,-0.02
5804.0,0.845,-0.5
6099.0,1.308,-0.3
6388.0,1.037,-0.28
5171.0,0.72,
5243.0,0.831,0.14
4987.0,0.768,0.12
5888.0,0.889347,
5300.0,0.81,-0.1
3789.0,0.48,-0.21
5776.0,0.97,-0.03
3200.0,0.24,
4049.0,0.604,
6000.0,1.502,0.021
4008.0,0.657,
5658.0,0.87,
5660.0,0.877,-0.28
5910.0,0.94,-0.02
6400.0,1.216,0.0
3563.0,0.43,
6404.0,1.81,
,0.53,
6195.0,1.124,0.12
6337.0,1.07,
5167.0,0.737,-0.18
5462.0,0.915391,
6163.0,1.022,-0.08
6063.0,1.001,-0.02
4913.0,0.75,0.01
5713.0,0.893,0.07
6347.0,1.373,-0.32
5684.0,1.012,
6035.0,1.309274,-0.07
4727.0,0.653,
4969.0,0.893,0.0
5365.0,1.533,-0.06
5637.0,0.821,-0.18
6110.0,1.871,0.06
4500.0,0.582488,-0.18
4723.0,0.747,0.08
6003.0,1.109,-0.38
4079.0,0.528,
6000.0,2.31,0.29
5208.0,0.693,-0.38
5880.0,1.471,
5505.0,0.873,-0.04
4962.0,0.709,-0.11
4954.0,0.885,0.44
5654.0,0.95,0.03
5105.0,0.78,0.12
4500.0,0.594,
5739.0,0.922,0.1
5132.0,0.77,-0.06
5872.0,1.153,0.1
5759.0,1.105,0.24
3726.0,0.47,-0.12
5295.0,0.83,0.03
6054.0,1.08,
4587.0,0.7,0.03
6220.0,1.453,
,,
6217.0,1.247,-0.32
5788.0,1.474,0.1
3552.0,0.366,
6200.0,1.89,0.1
6096.0,1.176,0.14
6019.0,1.15,0.03
5758.0,1.06,
6167.0,1.107,-0.06
5182.0,0.861,0.18
4799.0,0.668753,-0.34
6320.0,1.252,0.24
5647.0,1.261,0.34
5105.0,0.801,
6250.0,1.019,-0.22
5483.0,0.871,-0.04
6115.0,1.237,0.128
5190.0,2.912,-0.12
6119.0,0.938,-0.26
5364.0,0.754,-0.54
5428.0,1.07,
4156.0,0.545,-0.44
5970.0,0.908,-0.18
5452.0,0.9,0.36
6220.0,1.328,0.02
5239.0,0.785,0.0
5080.0,0.75,-0.05
3387.0,0.3,-0.09
5525.0,0.888,0.08
6210.0,1.033,-0.1
6032.0,0.929,-0.18
5764.0,1.407,0.07
5271.0,0.86,-0.06
6225.0,1.584,0.0
5676.0,1.256,
5973.0,0.976,-0.06
5731.0,1.06,0.26
3731.0,0.574,
6068.0,1.533,0.22
,0.799,
5592.0,0.782,-0.3
5682.0,0.94,-0.07
5395.0,1.071,0.16
6094.0,1.803,0.09
5114.0,0.878,0.16
5938.0,0.883,-0.24
5490.0,1.663,0.372
5917.0,2.22,
5774.0,0.976,
6223.0,1.31,0.0
3747.0,0.524,0.1
6127.0,1.08,-0.3
5555.0,0.872,-0.4
6303.0,1.06,-0.24
5991.0,1.092,-0.02
3944.0,0.51,-0.36
5509.0,1.116,0.16
5200.0,0.77,-0.09
5966.0,1.248,0.027
5911.0,1.626,-0.2
5208.0,0.806,
6302.0,1.26867,
5576.31,0.940603,
4972.0,0.627,-0.58
5010.0,0.68,
5711.0,0.93,
4505.0,0.658,-0.2
5900.0,1.694,0.0
4526.0,0.606,
5420.82,0.874078,
5825.0,1.003,-0.22
4263.0,0.643,
5580.0,1.211,
4973.0,0.786,
5881.0,1.067,0.14
5787.0,0.851,-0.18
,1.66,
6179.0,1.468,
6200.0,1.95,0.0
5823.0,0.96,-0.24
,1.312,
4126.0,0.602,-0.06
6133.0,1.24,
5627.0,1.056,-0.15
4868.0,0.736,0.03
4072.0,0.57,-0.17
5654.0,1.588,
5159.0,3.062,-0.04
5203.0,0.774,0.0
5873.0,0.972,0.33
4632.11,,-0.046
5535.0,0.88,-0.05
5416.1,0.95,
3226.0,0.2056,-0.3443
5503.0,0.95,0.07
6161.0,1.053,0.07
4976.0,0.76,0.02
5541.0,0.931,
4141.0,0.608,-0.04
6009.0,1.673,-0.09
5790.4,1.02,
5776.0,0.849,-0.18
5513.0,0.935,
6302.0,1.098,-0.14
5459.0,2.129,
6150.0,1.2,0.15
6231.0,2.397,-0.18
5800.0,1.06,-0.46
5839.0,1.04,0.04
5372.0,0.916,-0.02
5895.0,1.56257,0.12
3815.0,0.498,-0.2
6042.0,0.899,-0.58
3861.0,0.52,-0.05
5705.0,0.905,-0.06
3726.0,0.47,-0.12
6078.0,1.239,-0.06
6956.0,1.744,-0.06
5528.0,1.839,-0.3
5779.0,0.98,-0.2
,1.659,
6085.0,0.962,-0.26
6181.0,1.368,0.07
,1.012,
5571.0,1.02,0.12
5610.0,1.104,-0.04
5693.0,0.96,0.04
4345.0,0.521,-0.86
5240.0,0.863,
5751.0,1.247,0.14
6167.0,1.064,0.07
5228.0,0.811,0.21
,,
3959.0,0.561356,
4141.0,0.582,-0.2
5664.0,0.95,0.04
3688.0,0.463,-0.1
6298.0,1.611,0.17
5073.0,0.748,0.07
4944.0,0.74,-0.04
5390.0,0.84,-0.07
5780.0,1.199,0.28
3405.0,0.4783,0.17
5576.0,0.929,0.3
6122.0,1.047,-0.14
5602.0,0.89,
2550.0,0.117,0.04
6081.0,1.485,
4074.0,0.635754,
3807.0,0.47,-0.26
6466.0,1.183,-0.04
4854.0,1.749,0.56
6064.0,2.9,
6344.0,1.596,-0.07
5936.0,0.965,0.07
3914.0,0.53,-0.12
5015.0,0.826,0.1
6056.0,1.209,0.16
5896.0,0.916,-0.08
5489.0,0.798,-0.16
6128.0,1.295,
6022.0,1.084,-0.04
5549.0,1.64,
3471.0,0.38,0.0
5356.0,1.055,0.2
6079.0,1.19653,
5392.0,0.893,0.02
4770.0,0.684,
5315.0,0.87,0.0
5341.0,0.795,
5106.0,0.803,-0.08
5791.0,1.336,0.02
5897.0,1.081,-0.1
5956.0,0.943,
5553.0,0.81,
6003.0,1.144,-0.12
5103.0,0.789,0.04
5388.0,0.84,-0.06
5708.0,0.882,
3514.0,0.37,-0.1
5870.0,0.867,-0.2
6119.0,0.938,-0.26
6108.0,1.03,0.07
5437.0,0.804,-0.1
4249.1,0.82,
5242.0,0.82,
4536.0,0.693,0.2
5354.0,0.788,-0.08
5905.0,1.105,0.22
3385.0,0.35,-0.02
5464.0,0.88,
5387.0,0.755,-0.24
5070.0,0.783982,0.12
3807.0,0.47,-0.26
3365.0,0.326568,
4665.0,0.681,
4969.0,0.72,
5568.0,0.921,0.15
5592.0,0.782,-0.3
6014.0,1.115,0.0
6034.0,1.16,0.03
5583.0,1.007,0.02
4675.0,0.63,-0.343
4926.0,0.71,
6054.0,1.257,
5866.0,0.93,
,,
5845.0,1.436,0.07
5312.0,0.779,
3793.0,0.585,0.79
5079.0,0.739,-0.1
5085.0,0.755,
4650.0,0.688,-0.1
6214.0,1.297,-0.16
5635.0,0.804,-0.26
4696.0,4.21059,
5848.0,1.246,
5382.0,0.827,0.1
4677.0,0.64,
6299.0,0.983,-0.32
5373.8,0.919,0.19
5203.0,0.8,-0.02
4400.0,0.757649,
5064.0,0.823883,
6366.0,1.34,0.12
5731.0,0.906,-0.32
5121.0,0.888,0.18
5540.0,0.798,
5919.0,1.0,0.21
6218.0,2.146,0.25
6090.0,1.264,
4687.0,0.69,0.0
5499.0,0.88,0.0
5984.0,0.906,-0.2
4272.0,0.557,
3157.0,0.18,0.26
3903.0,0.523,-0.2
5497.0,0.809,-0.1
5880.0,1.57,0.03
6010.0,1.13,0.03
6237.0,1.393,-0.013
5271.0,0.86,-0.06
5469.0,0.95,
5846.0,0.98,
6310.0,1.43,-0.16
5988.0,2.073,0.04
3737.0,0.6,
4604.0,6.221,0.3
5009.0,0.787,0.18
5930.0,1.47,
5678.0,0.921,-0.4
4650.0,0.706,-0.04
6219.0,1.29,0.1
5973.0,0.976,-0.06
3920.0,0.550856,
3809.0,0.455,-0.4
4134.0,0.661,
3894.0,0.5,-0.28
4758.0,0.661,0.07
6306.0,1.38,0.05
6505.0,1.163,-0.12
5378.0,0.95,
3841.0,0.5,-0.18
4863.0,0.687,
5854.0,1.012,-0.12
5650.0,0.899,-0.04
6106.0,1.656,0.1
6069.0,1.21,
5294.0,0.761,-0.16
5900.0,0.951,0.07
5588.0,0.881,
3400.0,0.266,-0.16
5613.0,0.95,0.01
6004.0,0.98,-0.18
3838.0,0.625,
5580.0,0.863,
5335.0,0.81,0.07
6344.0,1.383,0.02
5512.0,1.003,
5529.0,0.832,-0.2
6306.0,1.06,
5646.0,0.841,-0.14
4996.0,1.95,
6335.0,1.42,0.05
6343.0,1.137,0.07
5312.0,0.83,0.0
3579.0,0.33,-0.4
5850.0,1.1,-0.14
,0.8,
5142.0,0.789,-0.18
5918.0,0.969,-0.17
3472.0,0.45,0.19
5642.0,1.009,0.052
6400.0,1.36,0.0
3446.0,0.38,0.1
5106.0,0.796,
5541.0,0.931,
4904.0,0.772,0.0
4847.0,0.737,0.0
4883.0,2.69,0.16
5746.0,1.189,
3929.0,0.55,-0.02
3657.0,0.505,0.196
4452.0,0.74,
5387.0,1.671,-0.42
6089.0,0.886,
5619.0,0.796,-0.7
5858.0,0.963,0.1
4893.0,0.761,-0.04
6466.0,1.183,-0.04
6058.0,0.867,-0.4
5375.0,0.876,0.3
5878.0,0.998,-0.02
5560.26,0.962324,
6082.0,1.09,
6035.0,1.303,-0.16
4925.0,0.702,-0.01
5257.0,0.83,
5775.0,1.114,-0.34
5960.0,1.0,
3517.0,0.37,-0.07
5429.6,0.96,
6086.0,0.97,
5871.0,1.04,
5910.0,0.94,-0.02
5745.0,0.908,-0.52
4868.0,0.743,
6210.0,1.32,0.37
5653.0,0.679,-0.84
3841.0,0.5,-0.18
5406.0,0.879,0.2
5527.0,0.866,-0.18
6047.0,1.092,0.0
6069.0,1.13,0.0
5119.0,0.74,
5592.0,0.953,0.16
6188.0,1.465,-0.08
3101.0,0.2162,0.24
,0.904,
5069.2,0.79,
5956.0,0.92,
5043.0,0.77,-0.01
10000.0,0.0123,
5196.0,0.72,
4949.0,0.741,-0.18
5516.0,0.967,-0.06
6278.0,1.04,
3341.0,0.32,-0.21
4137.0,0.612,0.0
4818.0,0.856,0.56
5770.0,1.653,0.29
5865.0,0.944,0.04
6170.0,1.499,0.24
6027.0,1.962,0.1
5185.0,0.87,0.27
5419.0,0.77,
3860.0,0.551,
3737.0,0.6,
5568.0,1.034,0.06
5305.0,1.154,
6343.0,1.137,0.07
5582.0,1.03,0.37
4040.0,0.57,-0.14
5473.0,0.741,-0.49
5212.0,0.781,
5953.0,0.926,-0.24
3957.0,0.553,-0.16
5866.0,1.03,-0.01
6400.0,1.432,0.0
5080.0,0.628,-0.86
5936.0,0.965,0.07
5327.0,0.82,-0.023
3450.0,0.33819,
5185.0,0.793,-0.06
5958.0,0.99,
6392.0,1.98,0.41
3640.0,0.503,0.21
5774.0,0.864,-0.22
,,
5895.0,2.014,0.14
4327.0,0.566,
6475.0,1.178,-0.06
5781.0,1.533,0.09
4859.0,0.72,-0.04
5368.0,0.85,-0.08
6052.0,1.50633,
3672.0,0.554,0.19
6140.0,1.048,0.07
,0.35,
6214.0,1.4,
5778.0,1.0,0.06
5128.0,0.789,0.022
4656.0,0.618,
6366.0,1.697,-0.2
5456.0,0.943,0.14
5826.0,0.837,
3753.0,0.511,
5473.0,1.061,0.18
5904.0,1.09,0.05
3787.0,0.506,-0.1
5149.0,0.803,-0.14
5123.0,0.779,-0.2
5960.0,1.12,
5406.0,0.879,0.2
6108.0,1.03,0.07
4074.0,0.635754,
5569.0,1.09,
5914.0,0.955,-0.06
5941.0,0.911,-0.14
5286.0,0.84,
6177.0,1.043,-0.14
6045.0,1.73,
5659.0,0.83,
5322.0,0.82,0.06
,,
5423.0,0.828,-0.06
5770.0,0.853,-0.16
6045.0,1.689,0.0
4987.0,0.739,0.12
5602.0,0.894,0.1
4511.0,0.65,0.0
5931.0,0.93,-0.28
5372.0,0.916,-0.02
3688.0,0.497,0.0
5855.0,1.373,0.26
4294.0,0.579,-0.26
4975.0,0.734,-0.14
5079.0,0.838,
5080.0,0.771,0.09
4858.0,0.671,
5187.0,0.842,0.1
5653.0,0.857,-0.04
6004.0,1.12,
5999.0,1.78,0.02
4268.0,0.6,-0.23
,0.599,
4726.0,0.71,-0.05
,1.083,
6131.0,2.134,0.13
5588.0,1.498,0.12
5722.0,0.992,0.33
7398.5,1.60242,
5933.0,1.115,-0.06
5947.0,1.609,0.14
5205.0,0.792,-0.06
3944.0,0.51,-0.36
5931.0,1.101,-0.24
,,
6513.0,1.104,-0.28
6223.0,1.24,
,1.72,
5513.0,0.915,0.08
4098.0,0.61,0.02
5666.0,0.677,-0.86
5763.0,1.38,0.11
7300.0,1.95,-0.1
5918.0,1.068,-0.22
4958.0,0.754,0.13
5738.0,1.407,-0.14
5718.0,1.48,-0.18
5900.0,0.9,
4200.0,0.639,
4969.0,0.719,-0.01
6037.0,1.993,
5945.0,0.859,-0.3
5672.0,1.204,0.2
5501.0,0.951,
3750.0,0.51,0.08
3864.0,0.604708,
5739.0,0.922,0.1
5033.0,0.71,-0.09
5637.0,1.234,
4230.6,0.77,
3202.0,0.226407,
4570.0,0.7007,-0.238
4132.0,0.554,-0.38
6597.0,1.491,0.0
6440.0,1.653,0.16
5530.0,0.892,-0.34
5527.0,0.981,0.31
8241.0,3.177,-0.1
6295.0,1.81,0.28
6031.0,1.046,0.07
5642.0,0.839,
5145.0,0.767,0.0
6194.0,1.129,0.21
5817.0,0.89,
5325.0,0.866,-0.08
5835.0,0.869,-0.16
6149.0,1.5092,0.16
4498.0,0.586,
5480.0,1.05,0.29
6517.0,1.159,-0.14
5300.0,0.871,0.037
6130.0,1.79,0.05
5260.0,0.965,
6052.0,1.582,-0.02
4861.0,0.725,
3887.0,0.48,-0.36
5355.0,0.803,0.0
,,
6297.0,1.031,-0.2
4279.0,0.74,
6086.0,1.13,
5671.0,1.084,0.16
5767.0,1.01,
5447.0,0.88,
5723.87,0.864173,
6298.0,1.23,0.06
5781.0,1.233,
6182.0,1.178,
5684.0,1.761,
,,
6066.19,1.4457,0.2142
6453.0,1.328,-0.02
5655.0,0.99,0.44
4619.0,0.654,
5831.0,0.921,0.0
5550.0,1.058,-0.08
5214.0,2.41,
5105.0,0.801,
,0.593,
6037.0,1.11,-0.02
6062.0,1.12,
5649.0,0.96,
6154.0,1.318,-0.08
5722.0,0.821,-0.36
5427.0,0.92,
5794.0,1.225,0.07
3450.0,0.33819,
,0.718,
4769.0,0.664,
5681.0,1.29,0.37
5962.7,1.15,
3866.0,0.598,0.26
5853.0,0.83,-0.36
5504.0,0.942,
5443.0,0.911,-0.18
5098.0,0.78,-0.02
6016.0,0.99,
5903.0,1.156,-0.1
6444.0,1.112,-0.22
6086.0,1.122,0.06
6160.0,1.25,0.05
4786.0,0.704,-0.2
6331.0,1.42,0.07
5733.0,0.855,-0.12
5431.0,0.86,0.02
5446.0,0.821,-0.2
4769.0,0.742,0.0
5856.0,0.997,0.22
,,
,0.757,
6210.0,1.033,-0.1
5260.0,0.767,0.04
5863.0,1.053,0.018
4495.0,0.699,0.08
5265.0,0.781,-0.1
5066.0,1.659,0.22
5837.0,1.698,-0.35
5983.0,1.07,-0.04
5162.0,0.78,-0.1
,0.811,
6458.0,1.089,-0.42
,1.437,
5591.0,0.892,-0.06
6081.0,1.66,-0.03
3834.0,0.496,
5632.0,0.853,-0.04
5360.0,0.84,-0.03
5740.0,1.59,0.0
6224.0,1.29,0.03
5750.0,0.882,-0.04
5666.0,1.071,
5737.0,1.558,-0.25
5511.0,1.93,0.1
6133.0,1.765,0.36
5490.0,0.85,0.02
4883.0,0.808,0.18
5576.0,0.852,0.02
5420.0,0.871,-0.06
5256.0,0.832,-0.16
5116.06,0.95255,
5166.0,0.791,0.1
5588.0,1.467,-0.1
,0.898,
3724.0,0.596801,
5969.0,1.674,0.29
6064.0,1.05,
6431.0,2.08,-0.08
5961.0,1.28,0.05
6217.0,1.247,-0.32
6102.0,0.887,-0.38
5376.0,0.806,-0.02
6290.0,1.06,
3655.0,0.54,0.44
,,
5599.0,0.848,
6858.0,1.346,
6466.0,1.183,-0.04
5896.0,0.916,-0.08
5243.0,0.784,
5280.0,0.82,-0.01
5575.0,0.834,-0.08
4528.0,0.624,-0.3
3794.0,0.63,0.52
5171.0,0.866,0.2
5272.0,0.943,0.37
6484.0,1.173,-0.08
6223.0,1.28,
6099.0,1.226,0.15
5705.0,0.976,0.36
5979.0,1.205,
5929.0,1.03,
5046.0,1.88,
5714.0,1.015,0.16
6038.0,1.191,-0.16
5735.0,1.028,-0.2
3466.0,0.420908,
4868.0,0.736,0.03
6001.0,1.14,-0.02
5662.0,0.84,-0.12
5903.0,1.784,0.48
4681.0,0.667422,-0.23
3821.0,0.486,-0.28
5926.0,0.939,-0.04
5191.0,0.826,0.08
5653.0,0.965,0.02
5871.0,1.703,0.17
5165.0,0.78,
6343.0,1.137,0.07
6122.0,0.964,-0.18
,0.658,
5699.0,0.89,-0.25
5591.0,0.86,0.07
4656.1,0.7214,0.099
6430.0,2.08,-0.08
5999.0,1.154,0.14
6089.0,1.19,-0.12
5940.0,1.215,0.12
5000.0,0.762994,-0.07
5574.0,0.86,
6161.0,3.21,-0.18
4575.0,0.737,0.18
4219.0,0.622,-0.29
,1.99,
5667.0,0.941,
3887.0,0.53,-0.08
5526.0,0.903,
6004.0,1.12,
3741.0,0.49,0.03
6029.0,1.6,0.31
4904.0,0.772,0.0
4141.0,0.64,
5729.0,0.977727,
6131.0,1.86,-0.15
3703.0,0.52,
4978.0,0.808,0.07
5788.0,0.96,-0.36
5878.0,0.987,-0.06
,1.551,
6094.0,1.245,0.182
5020.0,0.85,
5771.0,0.98,-0.02
5831.0,0.921,0.0
5292.0,0.797,-0.02
5613.0,1.462,-0.4
5485.0,0.867,0.21
5579.0,1.06,-0.12
6194.0,1.29,0.08
5922.0,1.057,-0.28
6360.0,1.518,-0.21
4738.1,0.73,
5674.0,0.87,0.047
5332.0,0.714,-0.42
5985.43,1.08958,
6395.0,1.63,
6308.0,1.444,-0.1
5660.0,1.021,
6212.0,1.47768,-0.01
4655.0,0.635,
5802.0,0.922,-0.14
5440.0,0.885,-0.24
6081.0,0.835,-0.5
5574.0,1.065,0.12
5867.0,1.01,-0.14
5450.0,0.842,0.1
5594.0,0.774,
6483.0,1.229,-0.22
5185.0,0.91,0.16
4955.0,0.721,-0.1
5803.0,0.87,
5131.0,0.798574,0.06
6184.0,2.306,
3915.0,0.567,
6136.0,1.005,-0.36
3807.0,0.47,-0.26
3467.0,0.421944,
5422.0,0.746,-0.34
5934.0,0.91,
6144.0,1.85,0.13
5679.0,0.841,-0.14
5707.0,0.957,
5668.0,0.868,-0.02
3682.0,0.44,-0.11
6273.0,1.352,0.01
3806.0,0.5,-0.06
5570.0,1.79224,
7500.0,1.5,-0.25
5749.0,0.982,-0.18
5430.0,0.86,0.1
6387.0,1.105,-0.12
5917.0,1.354,
5340.0,0.702,-0.44
5516.0,0.895,-0.2
5574.0,1.054,0.42
4951.0,0.77,0.1
5583.0,1.007,0.02
5438.0,0.83,0.0
6466.0,1.183,-0.04
5758.0,1.44,
5002.0,0.706,0.06
5979.0,1.634,-0.18
3461.0,0.424,-0.07
4711.0,0.72,
6299.0,0.983,-0.32
4950.0,0.745,0.07
5510.0,0.803,-0.16
4351.0,0.566,
5723.0,0.917,0.28
3941.0,0.56,-0.03
6290.0,1.746,0.04
3190.0,0.226654,
6057.0,1.0,-0.1
6915.0,1.448,0.02
6299.0,0.983,-0.32
6207.0,1.219,-0.04
5995.0,1.56,
5396.0,0.93,0.4
4833.0,0.847,
4714.0,0.774232,0.26
3698.0,0.526,
,,
5702.0,1.125,-0.28
5949.0,1.18,
5647.0,1.391,0.34
5908.0,1.47,
5884.0,1.5,0.07
4722.0,0.652,
5134.0,0.803348,0.11
15900.0,0.0131,
6063.0,1.012,0.07
6047.0,1.37,0.1
6749.0,1.484,-0.04
4949.0,0.68,-0.36
7287.0,1.62,0.3
5709.0,1.507,0.26
6174.0,1.103,0.1
5382.0,0.827,0.1
6425.0,1.164,-0.08
5101.0,0.79,0.0
4970.0,1.806,0.32
6138.0,1.04,
5980.0,1.01,
5948.0,1.363,-0.1
5925.0,1.03,
5857.0,0.884,
6688.0,1.73235,
6177.0,1.043,-0.14
5048.0,0.771,
5508.0,0.887,
5037.0,0.756,-0.2
6085.0,0.962,-0.26
4686.0,0.72,
5001.0,0.76,0.04
5880.0,0.917,-0.06
6572.0,1.238,0.07
5275.0,0.87,0.03
5803.0,1.073,-0.08
4818.0,0.618,-0.68
5066.0,0.742,-0.06
6316.0,1.21069,
5599.0,1.76,0.36
5889.0,0.92,
5440.0,1.004,0.02
6250.0,1.019,-0.22
5160.0,0.896858,0.2
5588.0,0.881,
6174.0,1.147,-0.26
,2.0,
5513.0,0.753,-0.36
5721.0,1.212,-0.06
5758.3,1.19,
5952.0,1.157,
5324.0,0.751,-0.22
5599.0,0.84,0.06
5180.0,1.037,
6432.0,1.584,0.14
4684.0,0.708,0.04
5711.0,1.349,
5977.0,1.022,0.21
5256.0,0.721,-0.34
5708.0,0.96,0.0
5305.0,0.818,-0.26
6174.0,1.4877,0.164
6063.0,1.001,-0.02
6250.0,1.019,-0.22
5970.0,0.908,-0.18
4347.0,0.7,
5627.0,0.815,-0.48
4868.0,0.743,
6272.0,1.386,
5720.0,1.035,0.25
5821.0,1.085,-0.02
6312.0,1.259,-0.2
5800.0,1.22,-0.45
5151.0,0.86,0.17
5103.0,0.787,0.04
6212.63,1.50004,
5771.0,1.0,0.04
5997.0,0.904,-0.22
5036.0,0.980071,
3767.0,0.48,-0.1
6170.0,1.28,0.16
5575.53,,0.225
5392.0,1.087,0.18
6661.0,1.29,0.07
6063.0,1.001,-0.02
5289.0,0.84,
5260.0,0.767,0.04
5800.0,1.012,-0.08
5455.0,0.909,-0.2
3586.0,0.52,-0.03
5664.0,0.95,0.02
5762.0,1.06,0.06
6073.5,1.47131,
5565.0,1.03,0.0
4530.0,0.606,
,0.664,
5775.0,1.25,-0.46
4347.0,0.492,
5738.0,1.315,0.025
5787.0,0.851,-0.18
,0.821,
4466.17,0.692384,
,,
5011.0,0.851,0.2
6157.0,1.33,-0.08
4680.0,0.6,
5851.0,0.918,-0.04
,0.808,
6018.0,0.94,
6020.0,1.008,-0.18
5613.0,0.82,
5697.0,0.84,
5508.0,0.771,-0.28
5840.0,0.97,
5895.0,2.014,0.14
4714.0,0.774232,0.26
5726.0,0.979,-0.1
5897.0,4.015,-0.16
5450.4,0.938168,
3068.0,0.17,-0.33
5352.0,0.809,-0.08
5682.0,0.881,-0.234
5657.0,1.046,0.0
5906.0,1.073,-0.16
5545.0,0.81,
5753.0,0.97,-0.02
6466.0,1.183,-0.04
5618.0,0.874,-0.18
,,
5808.0,1.20191,
6004.0,1.12,-0.38
4102.0,0.595,-0.06
5177.0,0.746,-0.22
3887.0,0.48,-0.36
4955.0,0.693,
4213.0,0.598,-0.2
5842.0,0.88,-0.23
4773.0,0.692,
5600.0,0.858,-0.3
3894.0,0.5,-0.28
6400.0,1.34556,
6424.0,1.71,0.47
5123.0,0.779,-0.2
6485.0,1.24,
,1.339,0.24
3760.0,0.46,-0.27
5529.0,0.8,
6214.0,1.035,-0.36
2887.0,0.155498,
5609.0,0.898,0.21
5767.0,0.97,-0.03
3755.0,0.461,-0.26
5757.0,1.46,0.26
5425.0,0.83,-0.07
5941.0,0.911,-0.14
5910.0,0.94,-0.02
5485.0,0.867,0.21
6001.0,1.255,
5023.0,0.78,0.21
6117.0,1.333,
5616.0,1.2,0.4
6031.0,1.13,0.02
4948.0,0.732535,
4385.0,0.706,0.38
6140.0,0.95,-0.13
3789.0,0.45,-0.37
6298.0,1.628,
6045.0,1.231,0.12
5048.0,0.77,-0.03
4513.0,0.722,0.16
5068.0,0.78,0.03
4523.0,0.643,-0.18
6092.0,0.998,-0.06
6242.0,1.16,
5556.0,1.23,
5661.0,1.15,
5434.0,0.87,0.01
6130.0,1.594,0.07
3262.0,0.4,
5597.0,1.699,-0.18
5431.0,0.86,0.02
3997.0,0.619,0.33
6102.0,0.887,-0.38
8002.0,2.92,
6023.0,1.1,-0.13
5527.0,0.9,0.01
5851.0,1.411,0.27
4954.0,0.828,0.18
5064.0,0.73,-0.06
5613.0,0.92,0.01
4915.0,0.812,0.16
5546.0,1.592,0.14
5378.0,0.732,-0.44
6088.0,1.005,
6119.0,1.119,-0.1
5529.0,0.832,-0.2
4907.0,0.739,0.04
5676.0,1.487,0.1
4250.0,0.687,0.2
3469.0,0.31,
6422.0,1.173,-0.06
6040.0,1.19,-0.01
5224.0,0.733,
4818.0,0.856,0.56
6088.0,1.005,
5232.0,0.891,
6198.0,2.157,0.17
3353.0,0.375859,
6081.0,1.04,
5483.65,0.835682,
5858.0,0.963,0.1
5162.0,0.795,0.06
3810.0,0.472,-0.1
4963.0,0.826,0.16
5859.0,0.89,
5544.0,0.96,
5941.0,1.692,0.04
4385.0,0.706,0.38
5346.0,0.952,0.04
6333.0,2.18,
5660.0,0.877,-0.28
5127.0,0.775,0.04
6982.0,1.582,-0.1
4208.0,0.546,
5853.0,0.895,-0.1
5448.0,0.872,0.07
5291.0,0.882,0.14
5854.0,0.979,0.06
6000.0,1.36,0.0
9107.0,3.031,0.07
5582.0,0.92,0.04
5324.0,0.81,
4402.71,0.619575,
5793.0,1.14,
4817.0,0.833,0.42
5759.0,1.101,0.05
6299.0,0.983,-0.32
5236.0,0.92,0.237
4522.0,0.655,-0.22
5864.0,0.842,-0.28
5641.0,0.831,-0.16
6382.0,2.274,-0.84
4359.0,0.659,-0.06
5966.0,0.991,-0.13
5900.0,1.694,0.0
5841.0,0.931,0.07
6004.0,1.12,-0.38
5688.0,0.87,
6045.0,1.12,-0.02
6250.0,1.55,-0.1
5797.0,0.99,-0.03
3834.0,0.539,-0.02
5958.0,1.17925,-0.199
5436.0,0.82,-0.06
6015.0,1.284,-0.02
6136.0,1.7,0.0
5201.0,0.848,
6299.0,1.167,0.21
4208.0,0.59,-0.19
6478.0,1.402,-0.28
5689.0,1.542,0.02
4201.0,0.75,
5600.0,1.82,-0.17
5865.0,1.04,
4791.0,0.745,0.13
3900.0,0.537,-0.1
5708.0,1.49,
5970.0,1.2,0.1
5335.0,1.05,
5144.5,0.77,
6040.0,0.999,-0.02
5664.68,1.17554,
6535.0,1.283,0.21
5850.0,1.126,
4723.0,0.691,0.02
5597.0,1.048,0.078
4703.0,0.65,
4948.0,0.75,-0.02
5288.0,0.728,
3896.0,0.52,-0.2
6072.0,1.01,-0.3
5627.0,1.056,-0.15
5903.0,1.784,0.48
4710.0,0.672,
5471.0,0.809,-0.08
5950.0,1.15,
5941.54,1.08751,-0.2603
5284.0,0.741,-0.24
5416.0,1.756,0.0
5296.0,0.846,0.17
5678.0,1.071,0.076
3871.0,0.54,
4973.0,0.74956,
5768.0,1.067,-0.04
6028.0,1.454,0.14
5767.0,0.851,-0.18
6042.0,1.418,
6429.0,1.262,-0.46
5275.0,0.787,0.0
,4.79,
5974.0,2.08122,
5914.0,0.987,-0.22
5754.0,0.96,0.2
5847.0,1.336,-0.13
5493.0,1.05,0.07
3883.0,0.496,-0.28
5594.0,1.053,
5494.0,0.89,0.05
5854.0,1.447,0.321
5172.0,0.78,0.04
4060.0,1.352,
6148.0,1.488,-0.1
5260.0,0.774,
6100.0,1.319,0.175
5744.0,1.068173,0.44
5220.0,0.78,-0.07
4869.0,0.707,
4687.0,0.729,-0.1
6026.0,0.992,-0.36
5322.0,0.82,0.06
4722.0,0.65,
6163.0,1.022,-0.08
5928.0,1.077775,0.23
6138.0,1.486,0.049
5852.0,0.837,-0.3
6338.0,0.847,-0.8
5932.0,1.68,0.18
5940.0,1.43,0.14
5995.0,1.134,
5981.0,0.99,
4930.0,0.788,0.283
6297.0,1.031,-0.2
4786.0,0.704,-0.2
5680.0,1.1,0.0
5937.0,1.149,-0.176
6373.72,1.74231,
5280.0,0.796,-0.02
5171.0,0.868,0.2
5912.0,1.58,
5785.0,0.99,
6498.0,1.2427,
4922.0,0.823,0.2
6325.0,1.112,-0.04
6319.0,1.032,-0.22
5803.0,0.99,
5977.0,1.075,-0.1
4440.0,0.678,0.12
5654.0,1.51,0.04
6206.0,1.166,
3751.0,0.443,-0.34
6020.0,1.294,
5080.0,0.797,
5310.0,0.853,0.26
5431.0,0.843,0.12
5598.0,1.063,-0.12
6390.0,1.65,-0.5
6167.0,1.064,0.07
5626.0,2.057,0.36
5952.0,1.323,-0.08
5046.0,0.705,
5870.0,0.89,
,0.885,
5450.0,0.897,0.01
5674.0,0.872,0.0
5431.0,0.843,0.12
4141.0,0.592,-0.22
6518.0,1.61,
5206.0,0.8,-0.07
5717.0,0.884,0.0
5103.0,0.787,0.04
5851.0,1.411,
5536.0,0.933,
4367.83,0.62115,
6510.0,2.207,
5431.0,0.884,-0.14
6057.0,0.95,
5906.0,1.145,0.22
5150.0,0.8,0.09
5447.0,0.95,
6400.0,1.31,0.0
5378.0,0.867,
5900.0,0.951,0.07
4827.0,1.727,0.56
5237.0,0.856,
5492.0,0.812,-0.08
5945.0,1.346,-0.02
5770.0,1.427,-0.24
5755.0,1.361,-0.52
6053.0,1.26,0.06
5485.0,0.867,0.21
4650.0,0.706,-0.04
5064.0,0.78,
5374.0,1.017,
5170.0,0.807,0.18
5907.0,0.99,-0.14
5892.0,1.08,0.08
5115.0,0.7,
6747.0,1.61,0.0
3588.0,0.58,
,0.772,
6207.0,1.01,
5831.0,0.921,0.0
5798.0,1.512,0.38
,,
5051.0,0.721,-0.36
6052.0,1.582,-0.02
3939.0,0.52,-0.25
6089.0,1.025,
5530.0,0.892,-0.34
,1.11,
6112.0,1.65,-0.06
4430.0,0.66,0.02
3907.0,0.613,
4460.0,0.62,-0.33
3724.0,0.414,-0.4
5966.0,0.961,-0.02
6351.0,1.31,0.01
4201.0,0.591,-0.2
5192.0,0.802,0.16
5365.0,0.719,-0.578
5745.88,1.1849,
5909.0,1.23194,
3216.0,0.2139,-0.24
5670.0,1.06,0.23
6360.0,1.657,0.33
3586.0,0.479,-0.03
6215.0,1.145,0.14
3820.0,0.5,-0.2
4523.0,0.643,-0.18
,,
4782.0,0.73,0.18
3761.0,0.46,-0.21
5332.0,0.843,-0.08
3960.0,0.63,
4994.0,0.71,
6176.0,1.02,
4616.0,0.668,-0.24
5708.0,1.065,-0.15
5705.0,1.06,-0.14
6036.0,1.093,0.02
4219.0,0.73,
6190.0,1.34,
5416.0,0.91,
6341.0,1.76,0.09
3793.0,0.53,-0.01
5688.0,0.912,0.03
5497.0,1.052,0.36
5694.0,0.932,
,,0.1
5890.3,1.28018,-0.35
5787.0,1.003,
4962.0,0.696,-0.1
5831.0,0.921,0.0
5242.0,0.734,-0.24
5306.0,0.954,
4141.0,0.608,-0.04
6191.0,1.007,-0.24
5602.0,1.009,0.1
5763.0,1.086,0.05
5246.0,0.805,-0.24
5192.0,1.593,0.14
5731.0,1.19,-0.24
6003.0,1.481,0.047
4243.0,0.552,
5982.0,0.96,-0.04
5771.0,0.825,-0.28
5599.0,1.03,0.23
5058.0,0.798764,-0.37
5932.0,1.387,
4992.0,0.72,-0.24
3185.0,0.2775,0.336
5669.0,0.83,
4514.0,0.639,-0.2
5685.0,1.35,0.24
7115.0,1.735,
5630.0,0.92,-0.03
4955.0,0.688,-0.13
6666.0,1.72,0.05
5820.0,1.02,0.2
6095.0,0.991,-0.1
3805.0,0.497,-0.1
4729.0,0.525,-1.42
5040.0,0.756,-0.03
4628.0,0.661,-0.2
3940.0,0.631,0.09
5411.0,0.85,0.0
6616.0,1.298,0.07
5693.0,0.936,0.23
3751.0,0.45,-0.24
5207.0,0.722,
5008.0,0.73,
5957.0,0.937,-0.08
,,
4984.0,0.636,
5497.0,0.941,0.02
5537.0,1.669,0.36
4954.0,0.885,0.44
5790.7,1.20174,
5678.0,1.303,0.2
5842.0,1.07352,
6540.0,1.151,-0.18
6022.0,1.111,
6765.0,1.439,0.21
5700.0,0.87,-0.18
6122.0,0.964,-0.18
4549.0,0.652,-0.2
5995.0,1.118,-0.04
8482.0,2.0,-0.5
,0.61,
6315.0,1.07,
5591.0,0.848906,
6202.0,1.122,0.21
5772.0,0.901,0.0
8848.0,2.44,
6031.0,0.949,
5460.0,0.818,-0.1
6404.0,1.142,-0.06
4931.0,0.663,
3575.0,0.4555,0.3
5896.0,1.24,-0.36
5238.0,0.752,-0.16
6038.0,1.088,-0.24
4791.0,0.684,-0.01
6384.0,1.121,-0.24
5163.0,0.774,0.04
5951.0,1.16,
5093.0,0.71,-0.27
4251.0,0.644,
,0.86,
5657.0,1.046,0.0
6069.0,1.19,
6445.0,1.12,-0.5
6193.0,1.29,0.14
6362.0,1.144,0.07
6388.0,1.45,0.03
3430.0,0.392,0.56
5234.0,0.79,-0.11
,1.209,
,2.127,
5044.0,0.84,0.39
5989.0,1.131,-0.16
5741.0,1.008,-0.38
5679.0,0.794,-0.32
3825.0,0.524,0.07
5831.0,1.238,0.1
5530.0,0.788,-0.22
5051.0,0.721,-0.36
6035.0,1.19,0.05
4868.0,0.783,
6347.0,1.036,-0.32
5302.58,0.848675,
4867.0,0.69,
5880.0,1.08,
3889.0,0.562,
4258.0,0.58,-0.3
5818.0,1.384,0.23
,1.6,
5666.0,0.88,
6412.0,1.04,-0.3
5663.0,1.065,
4868.0,0.74,-0.01
5838.0,0.897,-0.08
5889.0,0.924,-0.16
5477.0,1.571,0.07
3497.0,0.232,
4003.0,0.56,-0.13
5794.0,1.20424,0.25
5835.0,0.88,
3517.0,0.37,-0.07
6319.0,1.032,-0.22
5710.0,1.282,
5791.0,1.069,-0.04
,,
5002.0,0.753,-0.18
3887.0,0.53,-0.08
5634.0,0.9169,0.079
5080.0,0.771,0.09
3450.0,0.33819,
6158.0,1.24,0.03
5988.0,1.236,-0.12
5120.0,0.796,
4156.0,0.756,
5292.0,0.797,-0.02
5880.0,1.026,0.0
4996.0,0.78,0.16
6210.0,1.033,-0.1
5248.0,0.83,
5501.0,0.906,-0.4
5438.0,0.82,0.02
5697.0,0.973,0.28
5627.0,0.97906,
5892.0,1.06,0.04
5627.0,0.808,-0.24
6156.0,1.188,0.12
4316.0,0.662,-0.23
5103.0,0.787,0.04
4775.0,0.73,
3835.0,0.6,-0.01
5512.0,0.87,
5178.0,0.767,
5887.0,1.05,0.01
5499.0,1.748,-0.06
5547.0,0.925,0.0
6248.0,1.05,
5935.0,1.092,-0.16
5506.0,0.914,0.04
5735.0,0.833,-0.22
5536.0,0.933,
5081.0,0.77,0.12
5612.0,1.191,0.33
5884.0,0.98,0.01
5982.0,0.96,-0.04
4360.0,1.94153,
5822.0,1.543,-0.091
5736.0,1.425,
5346.0,0.84,-0.02
5404.0,2.046,
6860.0,1.755,0.334
3331.0,0.374,0.28
6150.0,1.241,0.18
3573.0,0.43,
5678.0,0.999,
6072.0,1.659,-0.09
6350.0,1.84,0.26
6517.0,1.375,-0.16
5581.9,0.99,
5905.0,1.257,-0.09
5914.0,1.146,0.16
3900.0,0.537,-0.1
4360.0,0.697,0.11
5977.0,0.801,-0.56
6412.0,1.04,-0.3
5239.0,0.862,
5649.0,0.797,-0.3
5726.0,0.838,-0.18
6199.0,1.24,-0.03
5840.0,1.1,0.04
5623.93,0.796628,
5865.0,1.272,0.16
4868.0,0.736,0.03
6173.0,1.108,0.21
5749.0,0.864,-0.1
6742.0,1.7,
3800.0,0.534,-0.5
5839.0,1.067,-0.28
3903.0,0.54,-0.07
5520.0,0.868,
5513.0,0.753,-0.36
6377.0,1.116,
6354.0,1.07,
6241.0,1.031,-0.14
5650.0,0.87,0.02
3757.0,0.66,
5751.0,0.854,-0.14
5216.0,0.79,0.06
5242.82,0.857369,
3444.0,0.375994,
6688.0,1.79,-0.2
5054.0,0.77,-0.02
4927.0,0.737,-0.08
5574.0,0.909346,0.13
6209.0,1.34,0.09
6495.0,1.15,
6086.0,1.092,-0.14
5845.0,1.436,0.07
5764.0,1.125,
5965.0,1.637,0.04
3787.0,0.477,-0.22
5796.0,1.037,
5400.0,0.927,0.06
5465.0,0.75,-0.34
3650.0,0.53,0.0
6032.0,1.06,-0.14
5859.0,1.5582,0.09
5546.0,0.956,0.44
6340.0,1.393,-0.38
6008.0,1.062,-0.2
5563.0,1.015,
5157.0,0.818,-0.08
5261.0,0.8,-0.09
6086.0,0.97,
4983.6,0.83,
5708.0,1.895,
4904.79,2.97435,0.2713
5616.0,1.2,0.4
6202.0,1.75,
,0.97,
5643.0,0.89,
5649.0,1.058,
5713.0,0.893,0.07
5180.0,1.037,
5759.0,1.916,-0.6
3530.0,0.567,0.21
5717.0,0.884,0.0
5741.0,0.833,-0.24
4455.0,0.696,-0.1
5482.0,0.873283,0.09
4096.0,0.729,
5245.0,0.77,
5942.0,1.072,-0.315
6220.0,1.263,0.044
5183.0,0.84,
5348.0,0.787,
5224.0,0.875,0.13
5182.0,0.872,
5711.0,1.491,
6526.0,1.62,0.06
5726.0,0.85,
5886.0,1.145,
6548.0,1.57323,-0.07
5700.0,1.11,0.16
5871.0,1.43,
4880.0,1.741,0.42
4608.0,0.716,0.02
5106.0,0.8,0.04
5993.0,0.93,
5812.0,0.838,-0.28
6148.0,1.13,
5897.0,1.269,0.035
3820.0,0.539,0.2
5884.0,1.338,-0.2
5187.0,0.78,
5514.0,0.978,0.36
5616.0,1.674,0.04
5831.0,1.382,0.0
5599.0,1.56,0.38
6177.0,1.043,-0.14
4504.0,0.72,
4903.0,0.74,0.08
6525.0,1.56,
5780.0,1.166,
3748.0,0.552,0.005
5008.0,0.788,0.18
5853.7,1.09271,
5831.0,1.02,0.03
5666.0,1.05,0.02
6438.0,2.097,
,1.15,
5839.0,1.38,0.34
6352.0,1.07,
2566.0,0.1192,
5219.0,0.851,0.16
6511.0,1.41,0.07
5061.0,3.29,
5587.0,0.978,-0.26
5975.0,1.17,
6198.0,1.19,0.36
5372.0,0.843,-0.4
5746.0,0.98,0.02
3892.0,0.57,
5607.0,0.886,-0.34
5265.0,0.81,0.14
5780.0,0.114827,
5690.0,1.589,-0.03
3767.0,0.479,-0.2
5678.0,0.97,0.26
5897.0,1.86,0.16
4743.0,0.81,0.4
6154.0,1.318,-0.08
5445.0,0.929,0.48
6273.0,1.139,-0.06
6031.13,1.24773,0.083
6075.0,0.969,-0.12
5880.0,1.56,0.18
5089.0,0.74,-0.14
5644.0,1.609,
6142.0,1.38,
6103.0,0.949,-0.2
5763.0,0.957,-0.56
6202.0,1.28,0.06
6103.0,0.949,-0.2
3713.0,0.47,-0.12
5618.0,1.79,
6956.0,1.744,-0.06
3896.0,0.52,-0.2
5085.0,0.69,
6040.0,0.95,
5670.0,1.022,0.06
3553.0,0.92,
6241.0,1.28,0.0
6092.0,1.314,
5670.0,1.342,
5670.0,0.765,-0.62
5821.0,1.21,0.1
5900.0,1.694,0.0
5949.0,0.962,0.0
4126.0,0.615,0.04
4257.0,0.602,-0.3
5855.0,0.94,
5428.0,0.86416,0.15
6517.0,1.375,-0.16
5789.0,1.142,
4717.0,0.753,0.085
4777.0,0.561,-1.08
5612.0,1.206,
5938.0,1.811,
5549.0,0.825,
5663.0,1.065,
3931.0,0.56,-0.05
5234.0,0.81,-0.01
6466.0,1.183,-0.04
4508.0,0.62,
5619.0,1.718,
5492.0,0.812,-0.08
4999.0,0.76,0.06
5763.0,1.098,
5214.0,0.82,0.22
6141.0,1.712,0.12
5413.0,0.759,-0.28
7717.0,2.641,0.07
5406.0,0.822,0.07
6131.0,0.989,-0.2
5740.0,1.59,0.0
4986.0,0.833,0.16
5120.0,0.728,
6257.0,1.186,0.18
5093.0,0.709,-0.38
5799.0,0.878,-0.1
3868.0,0.552,
5718.0,1.037,0.08
5936.0,0.965,0.07
5513.0,0.915,0.08
4742.0,0.66,-0.33
4779.0,0.67,
4485.0,0.598,
9565.0,2.286,0.07
5989.0,1.131,-0.16
6303.0,1.06,-0.24
6143.0,0.976,-0.22
3751.0,0.443,-0.34
6024.0,1.25,
4919.0,0.72,-0.18
3359.0,0.24,-0.3
5060.0,0.788,0.3
5899.0,1.15,-0.05
6086.0,0.921,-0.26
6490.0,2.179,0.08
5929.0,1.363,0.3
4930.0,0.742,-0.1
5588.0,1.498,0.12
6119.0,0.98,
4813.0,0.69,
5610.0,0.93,0.03
6212.0,1.209,-0.04
5866.0,1.367,0.0
5166.0,0.678,-0.42
5638.0,0.928,-0.42
5400.0,0.843,
5634.0,1.043,0.14
5610.0,1.171,0.38
5843.0,1.332,0.3
5346.0,0.889,
6650.0,1.57,
5360.0,0.834,
3575.0,0.58,
5326.0,0.832,-0.41
,1.137,
6320.0,1.273,-0.1
5446.0,0.766,0.0
5198.0,0.801,0.21
5881.0,1.029,-0.16
5950.0,1.483,0.07
5790.0,0.92,-0.12
5026.0,0.759,0.0
5123.0,0.847,0.14
,,
,0.572,
4467.38,0.687025,
5551.0,0.899,0.1
4769.0,0.742,0.0
,,
4406.0,0.77,
5959.0,0.985,-0.26
5799.0,0.901,-0.42
5634.0,1.02,
5870.0,1.264,
5769.0,0.98,-0.04
5530.0,0.832,
5423.0,1.119,0.24
5898.0,1.774,
5999.0,0.81,
5361.0,0.83,-0.07
5513.0,0.753,-0.36
5990.0,1.0,0.05
5659.0,0.83,
5520.0,0.853,0.12
6280.0,1.59,0.01
6241.0,1.031,-0.14
6035.0,1.135,-0.14
6086.0,0.921,-0.26
6205.0,1.689,-0.28
5897.0,1.139,-0.03
4884.0,0.744,
5538.0,1.11,
5983.0,1.09,
6333.0,1.435,-0.2
5557.0,0.781,-0.3
5620.0,0.884,0.06
5782.0,0.822,-0.3
4709.0,0.685,-0.08
6043.0,1.014,
4009.0,0.59,0.32
5819.0,1.43,-0.36
5485.0,0.939,0.01
5934.0,0.893,-0.38
6040.0,1.21,0.05
5257.0,0.874,-0.02
4884.0,0.749,0.02
5149.0,0.803,-0.14
5315.0,0.79,-0.09
5363.0,0.84,
4797.0,0.73,
5846.0,1.419,-0.12
4827.0,1.727,0.56
5706.0,0.97,0.05
5853.0,1.193,0.2
4868.61,0.69,
6040.0,0.95,
4441.0,0.53,-0.98
6095.0,1.038,-0.22
,1.088,
6167.0,1.22,0.01
6052.0,1.424,0.08
4961.0,0.847,
5697.0,0.973,0.28
4913.0,3.41348,
5280.0,0.751,-0.42
3887.0,0.53,-0.08
3789.0,0.48,-0.21
4955.0,0.721,-0.1
4985.0,0.744,-0.2
5223.0,0.885,0.32
6085.0,1.681,
4923.0,0.74,-0.04
5854.0,1.03,0.0
6438.0,1.5,
6235.0,1.204,0.12
3698.0,0.444,-0.2
5800.0,1.35,-0.19
5044.0,0.804,-0.02
4894.0,0.72,-0.06
5744.0,0.886,
5776.0,1.01,0.05
,0.271,
5723.0,0.85,
5806.0,1.032,
6090.0,1.215,
5550.0,0.879,
4549.0,0.652,-0.2
6173.0,1.506,0.17
6210.0,1.08,
4173.0,18.939,0.06
5565.0,0.871,0.1
3179.0,0.240233,
6324.0,1.133,-0.28
6126.0,1.079,-0.3
6105.0,1.046,
5998.0,1.36,-0.2
3436.0,0.22,-0.54
6418.0,2.31,
6034.0,1.16,0.03
3835.0,0.6,-0.01
5742.0,1.18,-0.04
6000.0,1.28,
4542.0,0.66,-0.13
3461.0,0.459,0.14
5900.0,1.694,0.0
4111.0,0.660806,
6430.0,1.41398,
5663.0,0.96,0.06
4640.0,0.695,0.003
6080.0,1.2,-0.12
5589.0,0.974,0.48
6346.0,1.47,0.09
5799.0,1.59,-0.03
4728.0,0.745,0.32
5122.0,1.61423,
5600.0,1.476,
4458.0,0.658,-0.16
4255.0,0.5994,-0.28
5733.0,0.855,-0.12
6106.0,1.359,
6060.0,0.98,
,,
6096.0,1.293,0.14
5568.0,0.966,-0.04
5277.0,0.89,-0.11
5117.0,0.79,0.03
5809.0,1.38207,
5705.33,1.74549,0.221
5753.0,1.01,
5789.0,0.907,-0.292
3801.0,0.529,
5908.0,0.954,
4859.0,0.651,-0.52
3784.0,0.51,-0.06
5851.0,1.411,
5408.0,0.696,-0.58
4927.0,0.753,
4493.0,0.653,
5625.0,0.94,
5960.0,1.334,0.12
5252.0,0.898,0.04
6269.0,1.155,0.21
5525.0,0.887267,0.09
5837.0,1.09,0.01
6126.0,1.406,0.14
6317.0,1.32,
6504.0,1.57,0.04
4736.0,0.73,0.11
4644.0,0.7,0.02
5355.0,0.803,0.0
6035.0,1.135,-0.14
4500.0,0.707,
5945.0,0.92,
5979.0,1.005,-0.34
5879.0,1.408,-0.04
6032.0,1.07,0.09
6495.0,1.15,
5657.0,1.046,0.0
5935.0,1.101,
5390.0,0.84,-0.07
5739.0,1.09597,
6087.0,1.14,-0.1
5881.0,0.848,-0.66
6330.0,1.07,
5718.0,0.856,-0.12
6265.0,1.69,0.12
3878.0,0.523,-0.1
6179.0,1.14,
6186.0,1.0,
6001.0,1.021,0.08
6121.0,1.291,
6143.0,1.763,0.12
5582.0,0.85,-0.02
5467.0,1.152,0.14
5371.0,0.797,0.07
3700.0,0.75,
5383.0,0.759,-0.22
4702.0,0.691,-0.18
5684.0,0.808,-0.66
5284.0,0.741,-0.24
5800.0,1.17,-0.45
5731.0,0.93,
5941.0,0.911,-0.14
4601.0,0.67,
5964.0,0.933,-0.22
5783.0,1.545,
6090.0,2.03,
5561.0,1.04,0.35
5256.0,0.813,0.16
5897.0,1.51,
5866.0,1.008,
5903.0,0.961,-0.26
5229.0,0.877,0.07
,0.867,
5868.0,0.894,-0.12
6031.0,1.056,-0.06
5632.0,1.03,
5108.0,0.751,0.24
6555.0,2.187,
5891.0,0.78,
5871.0,0.973,
6119.0,1.119,-0.1
5758.0,1.12,
5656.0,0.903,
5840.0,1.226,
5288.0,0.74,
5540.0,0.82,
5552.0,0.983,
6182.0,1.0,
7216.0,2.043,-0.36
6081.0,0.835,-0.5
5937.0,0.832,-0.4
5417.0,1.066,0.12
5741.0,1.279,0.353
3545.0,0.316,-0.36
5870.0,1.152,
,,
5100.0,0.762,-0.12
3731.0,0.498,-0.02
6223.0,2.338,0.37
6143.0,1.763,0.12
4723.0,0.747,0.08
5592.0,0.787,-0.28
6228.0,1.049,-0.08
5793.0,1.24,0.12
4781.0,0.666,
6024.0,1.009,-0.88
6206.0,1.634,0.216
5660.0,1.021,
5257.0,0.874,-0.02
,,
5939.0,1.037,
5315.0,0.816,
5413.0,0.82,0.07
6055.0,1.41549,
5708.0,1.075,-0.15
5656.0,1.066,0.28
6179.0,1.41,0.32
5875.0,0.992,
5396.0,0.85179,0.05
5818.9,1.8,
,0.725,
,0.527,
5900.0,1.5,-0.02
4897.0,1.826,0.24
3496.0,0.344,-0.04
4744.0,0.725,0.1
5900.0,1.14,-0.04
4651.0,0.7,0.01
5076.0,0.78,0.1
6401.0,1.12,
5637.0,0.821,-0.18
6150.0,1.85,
5707.0,0.929,0.11
4008.0,0.66,
3655.0,0.47,
5477.0,0.794,-0.16
6099.0,1.252,
3655.0,0.567402,
5366.0,1.503,0.34
3204.0,0.174,
2566.0,0.1192,
5540.0,0.8,
5537.0,0.88,0.21
5181.0,0.869,0.04
4316.0,0.651,-0.23
5170.0,0.838,
,0.82,
5841.0,0.931,0.07
5616.0,1.2,0.4
5613.0,1.044,0.39
3951.0,0.52,-0.3
5514.0,1.043,0.02
6089.0,1.253,
6333.0,1.248,
4914.0,0.746,0.044
5208.0,0.772,-0.14
6042.0,1.398,0.17
5903.0,1.784,0.48
,,
6325.0,1.56,0.11
6200.0,1.448,-0.1
6087.0,1.202,
5640.0,0.92,0.0
6278.0,1.05,
6103.0,0.949,-0.2
6217.0,0.989,-0.22
4612.0,0.65,-0.21
5516.0,0.827,-0.14
5866.0,1.417,-0.2
6299.0,1.36,0.08
4959.0,0.756,0.16
5941.0,1.465,
5547.0,0.92,0.06
5227.0,0.898,0.15
,1.45,
5787.0,1.113,0.1
5307.0,0.757,-0.28
5858.0,0.963,0.1
5936.0,1.04,-0.04
4843.0,0.65,0.03
5560.0,1.0,0.26
5607.0,1.75,0.19
5941.0,0.885,-0.22
5936.0,0.965,0.07
4812.0,0.755,0.02
3940.0,0.53,-0.18
5638.0,0.93,-0.29
6018.0,1.12,0.02
5767.0,1.06414,0.44
5871.0,1.703,0.17
5803.0,1.94,
4435.0,0.671,0.175
5536.0,0.816,-0.12
6550.0,2.058,-0.28
5132.0,0.77,-0.06
6174.0,1.275,
3422.0,0.46,
5747.0,1.076,0.377
4905.0,0.682,-0.4
5281.0,0.859,0.168
5036.0,0.834,
5600.0,0.938,0.22
3866.0,0.551,
,1.4,
5779.0,1.284,0.16
,1.332,
5550.0,0.7,-0.6
5955.0,1.05,-0.04
5418.0,0.886,0.28
6198.0,1.048,-0.36
5372.0,0.86,
6239.0,1.358,-0.14
5543.0,0.566,-0.543
6281.0,1.261,
3517.0,0.37,-0.07
6082.0,1.16,0.0
4583.0,0.674,-0.16
5575.0,0.834,-0.08
5871.0,0.945,-0.11
4832.0,0.741,0.08
5230.0,0.82,0.03
,,
6033.0,1.417,0.249
6085.0,1.17,0.02
6086.0,1.092,-0.14
5090.0,0.826,0.11
,,
6558.0,1.24,
5477.0,1.571,0.07
6264.0,1.651,0.26
5541.0,0.9,0.01
6117.0,1.128,
5806.0,1.01,0.03
4463.0,0.638,-0.28
4687.0,0.729,-0.1
5855.0,0.94,
4444.0,0.7,0.14
4890.0,0.726,-0.03
4777.0,1.795,0.56
5080.0,0.793,0.0
5947.0,1.483,0.07
3383.0,0.35,
6450.0,1.448,-0.366
5170.0,0.95,
6322.0,1.131,-0.12
5541.0,0.857,
5984.0,1.319,
3949.0,0.579535,
5934.0,1.055,-0.3
6505.0,1.163,-0.12
5495.0,0.92,
5902.0,1.154,-0.02
,0.823,
6100.0,0.963,-0.36
4818.0,0.856,0.56
4831.0,0.724,-0.14
4619.0,0.82,
4285.0,0.703,-0.12
5511.0,0.987,0.2
6215.0,1.145,0.14
5520.0,1.08,0.16
5526.0,0.9,0.02
5945.0,1.099,-0.34
6102.0,1.026,0.0
4669.0,0.69,
5032.0,0.593,-0.96
5818.0,0.9,
7430.0,1.444,
6661.0,1.29,0.07
5191.0,0.837,0.34
6224.0,0.969,-0.72
4985.0,0.744,-0.2
5080.0,0.785,
6117.0,1.244,0.14
5123.0,0.847,0.14
5822.0,1.15,
5194.0,0.73,
5302.3,0.93,
6231.0,2.062,0.24
6150.0,1.04,-0.12
6075.0,0.969,-0.12
5211.0,0.895,0.08
5564.0,0.99,0.06
5184.0,1.095,
5957.0,0.91,
5240.0,0.842,0.06
5487.0,0.87,-0.02
5220.0,0.723,
4960.0,0.748,-0.46
,0.318,
4396.0,0.76,
5940.0,1.68,-0.15
5894.0,1.04,0.0
,,
6501.0,1.854,0.1
6115.0,0.98,
4875.0,0.795,0.32
3482.0,0.35,-0.1
,1.115,
5739.0,0.931,
4916.0,0.855,
8324.0,1.71,
5600.0,1.82,-0.17
5848.0,1.077,0.15
5851.0,1.411,
5133.0,0.8377,0.287
5550.0,0.935,
5828.0,1.548,-0.05
6046.0,1.007,0.07
,0.712,
6200.0,1.448,-0.1
5187.0,0.7622,-0.032
4726.0,0.731699,
5140.0,0.775,-0.22
5132.0,0.886,0.16
6363.0,1.012,-0.32
4647.0,0.91,
5126.0,0.751,-0.06
4980.0,0.734,-0.04
5776.0,0.965,0.1
5657.0,1.046,0.0
7143.0,1.785,-0.14
4867.0,0.696,-0.16
5851.0,1.116,-0.22
4263.0,0.6847,0.17
5473.0,0.718635,
5678.0,1.303,0.2
5691.0,1.078,0.06
5013.0,0.803,0.171
5823.0,1.523,
6190.0,1.401,-0.1
4234.0,0.639,-0.02
3804.0,0.46,-0.1
5464.0,0.91,0.25
6570.0,1.463,
5929.0,1.069,0.14
3664.0,0.539,-0.11
5460.0,1.346,0.08
5911.0,1.626,-0.2
5203.0,0.825,
4915.0,0.773,0.0
5529.0,0.832,-0.2
,0.532,
5977.0,1.075,-0.1
3761.0,0.46,-0.21
6580.0,1.75,
5153.0,0.759,-0.04
5712.0,0.87,-0.1
5957.0,0.937,-0.08
5623.0,0.93,0.01
4978.0,0.808,0.07
5500.0,0.795,-0.2
6046.0,1.007,0.07
5080.0,0.847,0.32
4891.0,0.805,0.16
5650.0,0.9,-0.05
5910.0,0.94,-0.02
5627.0,0.808,-0.24
5854.0,1.447,0.321
5541.0,1.648,
5511.0,0.919,
5925.0,1.035,-0.14
4121.0,0.553,-0.34
4986.0,0.867,
3691.0,0.53,
4386.0,0.63,-0.26
5019.0,0.747,-0.22
5126.0,0.742,-0.12
6328.9,1.55,
3848.0,0.63,
4960.0,0.707,-0.16
4376.21,0.675849,
3736.0,0.525,0.12
6234.0,1.402,
4904.79,2.97435,0.2713
,,
5650.0,0.829,-0.19
4888.0,0.74,-0.02
5631.0,0.94,
,0.526,
5348.0,0.786,-0.25
5734.0,0.766,-0.48
6176.0,0.878,
5627.0,1.337,
5090.0,0.847,
5417.0,0.772,-0.32
6064.0,1.05,
5798.0,1.525,-0.4
6063.0,1.221,0.0
4208.0,0.59,-0.19
4528.0,0.604,
,,
5850.0,0.785,-0.52
5584.0,0.938,0.14
5033.0,0.71,-0.09
5645.0,0.838,-0.26
5324.0,0.751,-0.22
5431.0,0.843,0.12
5012.0,0.742183,
4350.0,0.66,0.06
6424.0,1.3,
4937.0,0.664,
3089.0,0.158,0.0
5494.0,1.75475,
6086.0,1.092,-0.14
5243.0,0.831,0.14
4508.0,0.68,-0.01
5887.0,1.235,0.16
5974.0,0.881,-0.42
4613.0,0.643,
5242.0,0.722,-0.54
5951.0,1.357,0.12
5852.0,1.06725,
6390.0,1.683,0.21
4894.0,0.701,-0.22
5949.0,1.09,0.05
6022.0,1.084,-0.04
,0.9019,
5628.0,1.0,0.16
5779.0,0.956,0.12
5631.0,0.94,
5600.0,1.112,0.12
5391.0,0.840576,
5664.0,0.86,
5969.0,1.298,
5467.0,0.856,-0.14
6000.0,1.01,
6108.0,1.03,0.07
4871.6,0.84,
5345.0,1.108,0.19
5705.0,1.051,-0.02
5896.0,0.916,-0.08
5552.0,0.81,
6065.0,1.731,0.09
3260.0,0.23,
5541.94,0.906761,
5083.0,0.798,-0.05
5463.0,0.759,-0.3
6300.0,1.4,0.12
5654.0,1.105,
4857.0,0.74,0.06
6269.0,1.176,
4859.0,0.711,
5503.0,1.02805,0.21
4821.0,0.817034,
4136.0,0.494,
6050.0,1.02,
5903.0,1.394,
3591.0,0.41,-0.1
5468.0,1.046,0.22
5947.0,1.609,0.14
5618.0,0.897,-0.22
5662.0,0.806,-0.44
5854.0,1.447,0.321
3701.0,0.492584,
5929.0,1.079,0.168
5607.0,0.886,-0.34
5037.0,0.718,-0.14
3572.0,0.426,-0.12
5300.0,0.849,-0.16
5559.0,0.806,-0.18
5831.0,0.921,0.0
5795.0,0.853,-0.3
6218.0,1.04,
6345.0,1.546,
6068.0,1.533,0.22
5945.0,1.01,0.01
5554.0,0.803,
5911.0,1.216,
5853.0,1.12,0.08
6299.0,0.983,-0.32
5496.0,0.827,-0.46
5849.0,0.919,-0.02
5320.0,2.157,-0.07
5155.0,0.836,0.14
4201.57,0.639344,
5322.0,0.82,0.06
5388.0,0.855,
5234.0,2.56935,
5675.0,1.042,-0.18
5437.0,0.781,-0.24
4385.0,0.706,0.38
4929.0,0.861,0.36
5475.0,0.92,0.03
5095.0,0.78,0.02
4441.0,0.546,-0.86
5945.0,1.163,-0.4
5261.0,0.8,-0.09
6054.0,1.234,0.02
6004.0,1.12,-0.38
5229.0,0.877,0.07
5603.0,0.82,
5803.0,0.87,
3568.0,0.42,0.02
5195.0,0.699,-0.36
6455.0,1.496,-0.36
5100.0,0.738,-0.25
6505.0,1.163,-0.12
5576.0,0.829,-0.36
4777.0,0.765,0.32
5802.0,0.966,-0.2
6457.0,1.735,-0.113
5132.0,0.79,-0.04
5343.0,0.809,0.06
5952.0,0.971,0.02
6099.0,1.146,0.0
5870.0,0.855,-0.198
5567.0,0.91,0.2
5858.0,0.89,
6074.0,1.03,
5859.0,0.98,
3841.0,0.5,-0.18
6272.0,1.06,
5544.0,0.841,
5872.0,1.18,0.08
4128.0,0.623,
5288.0,0.836,0.1
6038.0,0.898,-0.28
6099.0,1.557,0.04
5223.0,0.885,0.32
5011.0,0.851,0.2
,,
6184.0,1.29,0.02
6747.0,1.81,0.08
5887.0,1.138,-0.16
6954.0,1.816,
5848.0,1.221,0.13
5365.0,1.533,-0.06
5812.0,0.949,
5272.0,0.813,0.12
4661.0,0.671,
3770.0,0.51,0.02
6111.0,0.97,
6303.0,1.06,-0.24
5008.0,0.74,-0.1
4991.0,1.636,0.42
5654.0,0.774,-0.38
6310.0,1.63591,
5685.0,1.03,0.12
6116.0,1.13,0.14
5487.0,0.832,0.0
6211.0,1.41,0.17
5822.0,0.898,-0.06
5451.0,0.85,
5831.0,0.921,0.0
5666.0,1.071,
5508.0,0.88,0.11
5843.0,0.849,
5653.0,1.56,0.41
4920.0,0.72,0.07
6181.0,1.424,0.14
,1.24,
6070.0,1.438,
5878.0,0.82,
5953.0,1.40104,-0.02
5559.0,0.806,-0.18
6217.0,1.09,-0.04
6096.0,0.95,
3747.0,0.593,
4907.0,0.74,0.0
6076.0,1.15,-0.06
5168.0,0.769,-0.12
6057.0,1.467,-0.06
5538.0,0.865,
5970.0,0.908,-0.18
4445.0,0.68,0.06
5475.0,0.818,-0.46
,0.773,
5900.0,1.175,
5627.0,1.065,-0.15
4850.0,0.815,0.26
4150.0,,
4922.0,0.823,0.2
,1.142,
3820.0,0.5,-0.2
4045.0,0.515,-0.48
5670.0,1.036,0.18
6248.0,1.086,
6207.0,1.394,
5427.0,0.85,-0.03
3880.0,0.49,-0.28
,0.911,
6186.0,1.28,0.06
3741.0,0.45,-0.16
6377.0,1.39,0.02
3799.0,0.492,-0.2
3915.0,0.567,
5711.0,1.391,0.48
5580.0,0.863,
5001.0,0.76,0.04
6091.0,0.967,-0.14
5662.0,1.922,-0.38
5144.5,0.77,
6074.0,1.21,
6115.0,1.291,-0.04
5630.0,1.205,-0.22
4933.0,2.522,0.25
6474.0,1.403,-0.3
5965.0,1.12,0.06
5762.0,1.06,0.06
5903.0,1.47,0.16
5570.0,0.899,-0.18
5822.0,0.898,-0.06
5918.0,0.983,0.05
4523.0,0.541,-0.98
5895.0,0.892,
5506.0,0.8,
4173.0,18.939,0.06
4759.0,0.641805,
5854.0,0.867,-0.76
,,
4811.0,0.634,-0.58
5511.0,0.857,0.1
5250.0,0.862,
5523.0,0.946,0.02
5307.0,0.86,0.02
6522.0,1.215,-0.22
5613.0,0.95,0.01
6517.0,1.159,-0.14
6171.0,1.0,
5071.0,0.788,0.16
6194.0,1.23,0.0
5558.0,0.966,-0.116
5848.0,1.077,0.15
5737.0,1.179,-0.39
5900.0,1.08,
5705.0,1.017,0.0
5275.0,0.969,0.18
4798.0,0.71,-0.08
5517.0,0.8,
5483.0,0.779,-0.22
5409.0,1.54,
5413.0,1.01304,
4072.0,0.672,0.65
5662.0,0.945,0.08
6133.0,1.335,
5573.0,0.827,-0.12
5520.0,0.868,
5706.0,0.84,
6190.0,1.499,
5009.0,0.75,-0.11
4689.0,0.655,
6014.0,1.04,
6270.0,1.309,-0.04
6038.0,1.191,-0.16
6184.0,1.066,
5640.0,0.912,
3635.0,0.512465,
5666.0,1.071,
6406.0,2.546,-0.08
6210.0,1.1,-0.02
5881.0,0.848,-0.66
6065.0,1.006,-0.28
5635.0,0.93,-0.01
6020.0,1.093,-0.14
5513.0,0.88,
7221.0,4.24,-0.18
5361.0,0.799,-0.04
6108.0,1.03,0.07
5858.0,1.886,0.06
3927.0,0.58,
4213.0,0.615,-0.1
5332.0,0.714,-0.42
5814.0,0.881,-0.18
5941.0,0.911,-0.14
3747.0,0.588,0.425
5738.0,0.86,
,0.82,
3809.0,0.53,0.04
5268.0,0.81,-0.02
4693.0,0.725,-0.56
5900.0,1.07,-0.12
,1.283,
4791.0,0.749,
4650.0,0.706,-0.04
5275.0,0.83,0.05
5904.0,1.82,0.025
,,
5526.0,0.89,
2890.0,0.16,
3844.0,0.546,-0.157
6343.0,1.137,0.07
3816.0,0.51,-0.05
6457.0,1.54,0.11
4780.0,0.75,0.31
,0.817,
4503.0,0.676,
5683.0,1.024,-0.27
6143.0,1.116,-0.2
5610.0,0.93,0.03
2320.0,0.245,
6210.0,1.32,0.01
5753.0,0.96,-0.03
5438.0,0.82,0.02
4347.0,0.492,
5239.0,0.785,0.0
5707.0,1.29921,
6085.0,1.005,-0.3
5425.9,1.00689,
5208.0,0.693,-0.38
4897.0,1.826,0.24
3204.0,0.290216,
5555.0,1.626,
5710.0,1.443,
6187.0,1.052,-0.1
5825.0,1.003,-0.22
6012.0,1.18,-0.14
5408.0,0.93,0.28
5792.0,1.02,0.05
,1.517,
6180.0,1.47,
5476.0,0.996,
6167.0,1.064,0.07
6081.0,0.835,-0.5
7437.0,1.7,
5523.0,0.946,0.02
,0.592,
5919.0,1.585,-0.2
4565.0,0.61,
5608.0,0.963,0.26
5870.0,0.89,
4884.0,0.74,0.03
6197.0,1.07,
5838.0,1.134,0.34
6167.0,1.064,0.07
3759.27,0.460619,
6594.0,1.49,
4563.0,0.642,-0.32
6119.0,1.105,
4072.0,0.57,-0.17
,0.806,
5253.0,0.773,-0.21
,0.944,
5674.0,0.834,
5108.0,1.726,-0.02
6116.0,1.09,-0.13
5479.0,0.892,
6269.0,1.04,
5754.0,1.02,0.07
5553.0,1.098,0.16
3916.0,0.51,-0.24
6100.0,,-0.13
5724.0,0.862,-0.4
6175.0,1.01,-0.42
6310.0,1.29,0.09
5750.0,0.8,-0.05
6091.0,1.19,0.04
3854.0,0.53,-0.1
6390.0,1.683,
5188.0,0.973,0.32
4926.0,0.662,-0.36
,,
,1.378,
5254.0,1.514,0.21
5470.0,0.952,
5650.0,0.87,0.02
6028.0,1.047,0.21
5325.0,0.985,0.14
5588.0,1.467,-0.1
6160.0,1.23,0.03
,0.729,
5757.0,0.872,-0.08
6528.0,1.2,
6449.0,1.273,-0.28
3903.0,0.612,0.37
6480.0,1.015,
5112.0,0.874,-0.28
5550.0,0.953,0.0
5674.0,1.05,
5978.0,1.171,0.0
5926.0,0.963,0.07
5387.0,1.671,-0.42
5679.0,0.85,-0.17
5993.0,0.986,0.07
3618.0,0.435666,
4515.0,0.68,-0.02
,0.646,
5541.0,0.988,
5714.0,1.19,
4954.0,0.885,0.44
5130.0,0.756,-0.12
4812.0,0.76,0.22
5781.0,1.233,
6209.0,1.45,-0.08
6735.0,1.604,-0.22
4995.0,0.77,0.02
4949.0,0.741,-0.18
5000.0,0.79,0.03
4618.0,0.639,-0.3
5561.0,0.836,-0.06
6346.0,1.449,-0.16
6444.0,1.112,-0.22
4991.0,2.935,0.28
4907.0,19.53,0.21
4509.0,0.602,
5568.0,0.86,-0.11
6154.0,1.74942,0.21
5346.0,0.952,0.04
5541.0,0.988,
5704.0,0.804,-0.3
3789.0,0.48,-0.21
5477.0,0.865,0.21
6098.0,0.99,
5314.0,1.062,0.3
6015.0,1.211,
5413.0,0.86,
5274.0,1.094,
5921.0,1.05,0.01
6101.0,1.11672,
6248.0,1.04,
5552.0,1.125,0.38
5972.0,1.09,-0.01
6108.0,1.03,0.07
5044.0,0.804,-0.02
5872.0,1.18,0.08
5624.0,1.052,-0.3
6173.0,1.108,0.21
5779.0,1.165,
5588.0,0.863,0.12
5546.0,0.956,0.44
9107.0,3.031,0.07
6041.0,1.42,0.33
5821.0,1.132,0.04
5188.0,0.795,-0.04
5779.0,0.9,
5493.0,0.86,-0.11
3716.0,0.506,0.04
5550.0,0.89,-0.04
6110.0,1.436,
6688.0,1.347,0.07
6477.0,1.148,-0.26
5465.0,0.925,0.02
5869.0,0.911,-0.38
5002.0,2.791,0.33
5746.0,0.921,-0.4
5928.0,0.952744,-0.21
4859.0,0.651,-0.52
3556.0,0.516,-0.06
4800.0,0.808,0.11
5654.0,0.884,
5755.41,1.00286,
6173.0,1.041,-0.04
6115.0,0.98,
6213.0,1.195,0.36
5601.0,0.999,0.08
6300.0,1.477,
6153.0,1.109,0.02
6023.0,1.031,-0.08
5592.0,0.953,0.16
4699.0,0.647,-0.03
5799.0,1.078,0.0
5228.0,0.811,0.21
3635.0,0.489,-0.09
5860.0,1.046,-0.09
6276.0,1.106,-0.1
5173.0,0.939,0.26
5475.0,0.767,
6475.0,1.178,-0.06
5677.0,0.94,0.01
4996.0,0.746,0.0
5910.0,1.43,0.21
5141.67,0.837606,
3707.0,0.516,0.12
5103.0,0.787,0.04
6955.0,1.96,
5925.0,1.07,0.03
5417.0,0.77,-0.32
4861.0,0.732,-0.08
5130.0,0.756,-0.12
5470.0,0.856,
5993.0,1.5,
4262.0,0.556,
6423.0,1.31,
6250.0,1.17,
3759.0,0.44,-0.24
5514.0,1.043,0.02
5761.0,1.518,0.06
5279.0,0.81,-0.09
5524.0,0.88,
5946.0,1.223,0.16
5905.0,1.188,
5695.0,1.2,0.15
3884.0,0.606,
5491.0,1.677,-0.2
6560.0,1.72,-0.09
5211.0,0.832,-0.04
5757.0,1.52,0.26
5811.0,1.0235,-0.028
5703.0,1.38951,
4106.0,0.6,-0.06
6039.0,1.413,-0.04
5220.0,0.677,-0.54
5711.0,0.95,-0.01
4234.0,0.639,-0.02
5598.0,0.92,-0.01
3387.0,0.3,-0.09
6339.0,2.0,0.13
3808.0,0.508,-0.06
4828.0,1.0,
4847.0,0.761,0.36
6063.0,1.012,0.07
8229.0,2.83,
6190.0,0.98,-0.24
5126.0,0.87,
6187.0,1.43,0.04
6224.0,1.699,
4493.0,0.672,0.06
4870.0,0.75,0.04
6186.0,1.534,
6461.8,1.33031,
4299.0,0.511,-0.96
5697.0,0.973,0.28
5330.0,0.718,-0.4
5895.0,0.94,-0.02
6031.0,1.3,
,1.548,
5970.0,0.908,-0.18
6053.0,1.058,
5857.0,0.884,
4632.0,0.666,
6308.0,1.444,-0.1
5097.0,0.79,0.02
5679.0,0.95,0.0
,1.273,
6092.0,0.943,-0.22
5334.0,0.71,-0.44
4922.0,0.751,0.07
6189.0,0.862,
4385.0,0.65,-0.05
5874.0,3.006,0.12
4523.0,0.643,-0.18
5559.0,0.806,-0.18
6146.0,1.14,
4852.0,0.804,0.2
5795.0,0.853,-0.3
5485.0,0.867,0.21
5497.0,1.052,0.36
4096.0,0.534,
3799.0,0.492,-0.2
6474.0,1.403,-0.3
6080.0,1.213,-0.108
5576.0,0.852,0.02
5237.0,0.856,
5356.0,1.055,0.2
5816.0,0.913,-0.02
6635.91,1.4707,
5547.0,0.905,0.12
6000.0,1.24,-0.05
,,
5497.0,1.241,0.32
5973.0,1.305,-0.34
4642.6,4.71,
6240.0,2.19,0.03
4922.0,0.795,0.08
5093.0,0.784,0.12
5918.0,0.865,-0.26
5867.0,1.304,
5194.0,0.74,
5831.0,0.921,0.0
5943.0,1.66,
4465.0,0.675,
5832.0,1.03,
6123.0,0.987,-0.14
,0.773,
5596.0,0.984,0.37
5750.0,0.979,0.21
6688.0,1.347,0.07
5849.0,1.225,0.22
5799.0,1.132,
3761.0,0.46,-0.21
5669.0,0.921,-0.18
4511.0,0.67,-0.08
3517.0,0.37,-0.07
,,
3672.0,0.49,0.09
5754.0,0.905,0.07
5740.0,0.91,
,0.704,
5933.0,1.026,-0.09
5122.0,0.784,0.1
4870.0,0.8,
3568.0,0.42,0.02
5515.0,1.04,
,0.8649,
3980.0,0.54,-0.2
6102.0,0.887,-0.38
5637.0,0.91,0.01
6063.0,1.613,-0.1
5195.0,0.699,-0.36
5335.0,0.81,0.07
5557.0,0.9,-0.02
6119.0,1.299,0.1
6057.0,0.829,-0.5
3974.0,0.595,
4503.0,0.676,
5926.0,0.939,-0.04
4098.0,0.61,0.02
5772.0,0.901,0.0
5750.0,2.541,0.38
5497.0,0.936,0.26
5045.0,0.761,
,0.874,
5392.0,0.857501,0.13
5126.0,0.7,
5884.0,1.127,
6142.0,1.046,0.07
5231.0,0.89,
6495.0,1.168,-0.1
4056.0,0.56,-0.23
6293.0,1.1,
4590.0,0.7242,0.18
3806.0,0.738,
,,
3727.0,0.5,0.04
6140.0,1.048,0.07
5550.0,1.07,
5300.0,0.871,0.037
,1.458,
5262.0,0.83,
,0.623,
5960.0,,
3655.0,0.455,
5678.0,1.303,0.2
5736.0,0.85,
5738.0,0.819,-0.64
5386.0,0.897,
3894.0,0.5,-0.28
5780.0,0.86,
5219.0,0.755,-0.26
5982.0,0.96,-0.04
6202.0,1.02,
,0.928,
6080.0,1.2,-0.12
6222.0,1.36,0.01
5413.0,0.85,-0.03
6388.0,1.037,-0.28
5774.0,1.046,
3318.0,0.334125,
5012.0,0.916939,
4739.0,0.655,
7554.0,2.1,0.0
3358.0,0.351676,
5693.0,0.802,-0.3
6619.0,2.018,
6255.0,1.4,
4492.0,0.75,
6120.0,1.19,0.14
,0.6243,
5439.0,0.9,
5954.0,1.25,-0.43
5688.0,0.998,0.42
5982.0,0.96,-0.04
6337.0,1.198,0.21
5257.0,0.874,-0.02
5230.0,0.777,0.0
6298.0,1.628,
8840.0,1.77,
5070.0,0.78,0.05
5684.0,1.27,
4911.0,0.724,-0.22
6072.0,1.659,-0.09
5046.0,0.693,-0.06
,,
5970.0,1.131,0.06
4339.18,0.771507,-0.142
5514.0,0.68,
5250.0,0.862,
5033.0,0.821,0.06
5873.0,1.235,0.18
6020.0,1.312,0.24
3823.0,0.494,
5931.0,0.863,-0.28
5094.0,0.901,0.26
5741.0,1.008,-0.38
5177.0,0.746,-0.22
5911.0,1.69,0.22
6382.0,1.1,
5970.0,1.64,0.39
6379.0,1.111,-0.3
5465.0,0.925,0.02
5087.0,2.064,
3669.0,0.41,-0.04
5713.0,0.893,0.07
6085.0,0.973,-0.28
4405.0,0.6977,0.208
5651.0,0.95,0.04
5657.0,0.947,-0.08
4215.0,0.547,
6260.0,1.24,
5918.0,1.068,-0.22
4507.0,0.68,-0.04
3666.0,0.59,
5930.0,1.65,
5945.0,0.93,
5633.4,1.22,
5982.0,0.901,-0.5
5732.0,1.29,0.41
6200.0,1.64,-0.06
5017.0,0.753,0.02
6099.0,1.252,
5990.0,1.76,
5397.0,0.987,
4838.0,4.361,0.2
5487.0,0.832,0.0
5931.0,0.863,-0.28
6111.67,1.61211,
6082.0,1.09,
5968.0,0.999,-0.12
4631.0,0.7,0.03
6248.0,1.086,
6146.0,1.264,0.14
5619.0,0.796,-0.7
5834.0,0.797,-0.5
5674.8,1.72,
5818.0,0.855,-0.82
5329.0,0.869,-0.14
,0.553,
5334.0,0.825,-0.44
5455.0,0.909,-0.2
6553.0,1.521,
4709.0,0.685,-0.08
,0.96,
6450.0,1.315,0.02
6404.0,1.142,-0.06
5481.0,0.807,
4031.0,0.523,
4095.6,0.618,
4736.0,0.708,0.12
3816.0,0.51,-0.05
5888.0,1.097,-0.1
4550.0,6.3,0.11
6089.0,1.398,
6399.0,1.347,0.06
6419.0,1.28,
5044.0,0.842,0.19
,0.92,
5800.0,1.633,
6122.0,0.964,-0.18
6134.0,1.11,
4886.0,0.74,
5017.0,0.797,-0.02
6430.0,1.625,0.19
5862.0,1.149,0.32
,0.36,-0.12
4836.0,2.949151,0.27
5599.0,0.848,
5625.0,0.96,0.26
3581.0,0.44,0.14
4983.0,0.807,0.06
6030.0,1.279,0.14
5497.0,1.052,0.36
6346.0,1.449,-0.16
5923.0,1.487,
5517.0,0.98,
5886.0,1.487,0.13
6198.0,1.048,-0.36
5750.0,0.971,
6207.0,1.367,0.04
5555.0,1.577,-0.1
5942.0,1.072,0.07
6658.0,1.82,
5700.0,1.029,0.09
5511.0,0.897,-0.09
5737.0,0.872,-0.06
5600.0,0.881,-0.18
5089.0,0.75,-0.14
5431.0,0.85,-0.06
6000.0,1.36,0.0
5988.0,1.236,-0.12
5518.0,0.88,-0.01
6063.0,1.001,-0.02
5926.0,1.06,-0.01
5788.0,1.06,
5148.0,0.8,0.04
4984.0,0.809,0.08
5299.0,0.766,-0.14
5821.0,0.848,-0.22
5401.0,0.854,
6205.0,1.4,
4910.0,0.796,0.2
5645.0,1.777,0.148
5846.0,1.1971,
5604.0,1.91,
6225.0,1.009,-0.18
5270.0,0.8,-0.06
5625.0,0.96,-0.01
5862.0,0.931,-0.14
5300.0,0.92,0.36
5613.0,0.82,
5129.0,0.77,
4258.0,0.555,
5560.0,0.842,0.05
5718.0,1.317,0.0
,0.623,
5850.0,1.012,-0.25
5330.0,0.923,0.06
6253.0,0.927,-0.42
5296.0,0.82,-0.02
5224.0,0.827,-0.23
5370.0,1.08,
4759.0,0.7,-0.12
5862.0,0.931,-0.14
3421.0,0.37103,
5106.0,0.796,
6490.0,1.59,
5184.0,1.089,0.21
5518.0,0.885,
6036.0,1.017,-0.32
5790.0,0.974,-0.42
5528.0,0.853,-0.2
5753.0,1.189232,0.13
5761.0,1.208,0.48
5513.0,0.818,-0.16
5431.0,0.843,0.12
6173.0,1.506,0.17
4109.0,,
5630.0,0.86,-0.23
4648.0,0.674,
5594.0,0.935,-0.32
6217.0,1.247,-0.32
6335.0,1.147,
4883.0,1.667,0.56
4504.0,0.623,
5302.0,0.783,-0.06
3891.0,0.564,0.21
,0.876,
5874.0,1.259,
5473.0,1.061,0.18
5739.0,0.928,-0.02
5387.0,0.966,0.11
4975.0,0.787,0.0
5260.0,0.8,0.01
5470.0,0.869,-0.025
5683.0,1.049,
3801.0,0.529,
5616.0,1.674,0.04
5450.0,0.92,
4247.0,0.775548,
6241.0,1.031,-0.14
5255.0,0.83,0.03
6425.0,1.164,-0.08
5027.0,0.88,
6405.0,1.1,
6363.0,1.43,
5700.0,0.895,
6032.0,0.973,-0.06
6060.0,1.291,
5964.0,0.933,-0.22
,0.77,
5543.0,0.813,-0.14
6210.0,1.34,0.37
5602.0,0.817,-0.16
5708.0,0.893,-0.02
5553.0,0.934,-0.07
4763.0,0.659,
5288.0,0.889,-0.05
4797.0,0.7,
5764.0,0.85,
5097.0,0.868,0.08
5895.0,2.014,0.14
6322.0,1.131,-0.12
6000.0,1.219,0.05
5693.0,0.802,-0.3
5474.0,1.75,0.33
5253.0,2.361,
5770.0,0.968,0.07
6124.0,1.007,-0.34
5760.0,1.52,-0.09
6388.0,1.209,0.02
4246.81,0.758892,-0.0294
5741.0,0.988,0.12
6143.0,1.116,-0.2
5678.0,0.97,0.26
6505.0,1.163,-0.12
4918.0,0.87,
4741.0,0.688,-0.24
,0.919,
3204.0,0.174,
6228.0,1.138,-0.02
,0.791,
5463.0,0.91,0.16
5446.0,0.766,0.0
3810.0,0.54,-0.1
5600.0,0.954,0.15
6257.6,1.14,
6388.0,1.037,-0.28
5077.0,0.85,0.13
5772.0,0.899,-0.22
5789.0,1.04,-0.02
5311.0,0.788,-0.04
6058.0,0.867,-0.4
5228.0,0.811,0.21
5995.0,1.666,
6081.0,0.835,-0.5
6450.0,1.222,-0.06
5710.0,1.05,-0.21
5845.0,1.44,0.07
6081.0,0.835,-0.5
4944.0,0.824284,
6035.0,1.002,-0.06
5831.0,1.0,-0.04
5976.0,0.93,
5355.0,1.09206,
5875.0,1.92,
4000.0,0.591,
5316.0,0.864673,
4856.0,0.705,0.0
5209.0,0.81,0.04
4663.0,0.663,-0.25
3913.0,0.67,
5931.0,0.93,-0.28
5476.0,0.907,
5909.0,1.420038,0.05
5498.0,0.95,0.18
3893.0,0.52,-0.15
3635.0,0.512465,
6197.0,1.035,-0.08
6394.0,1.44,0.26
5412.0,0.769,-0.2
5511.0,0.935,0.02
5295.0,0.84,0.05
5877.0,1.854,
5288.0,0.728,
3392.0,0.41,-0.02
4089.0,0.58,0.31
5288.0,0.728,
6102.0,0.97,
5904.0,1.82,0.025
6224.0,0.969,-0.72
6045.0,1.629,0.02
5530.0,0.95,
5287.7,1.73,
4665.0,0.686,
5166.0,0.776,
5751.0,0.848,-0.28
5527.0,1.054,0.26
3400.0,0.266,-0.16
6269.0,1.087,-0.12
5487.0,0.94,0.13
6430.0,1.8,-0.08
5662.81,0.915519,
5914.0,0.955,-0.06
6091.0,0.967,-0.14
5327.0,0.941,
5905.0,0.96,0.15
5550.0,0.91,0.05
6239.0,1.358,-0.14
4350.0,0.695,0.3
5673.0,1.41,0.47
5745.0,0.95,-0.14
3750.0,0.51,0.08
5931.0,1.101,-0.24
5447.0,0.917,0.16
6035.0,1.002,-0.06
6440.0,1.37,-0.03
5514.0,0.808,-0.16
5377.0,0.814,0.07
5977.0,1.006,
5265.0,0.81,0.14
5354.0,0.788,-0.08
3887.0,0.53,-0.08
5372.0,0.843,-0.4
,,
6058.0,1.05,
5779.0,0.9,
4040.0,0.57,-0.14
5823.0,0.972,0.06
,1.153,
5851.0,1.409,
5308.0,0.796,0.02
3820.0,0.536,
2566.0,0.1192,
6231.0,2.397,-0.18
4938.0,0.842,0.26
6429.0,1.262,-0.46
4631.0,0.628,
4379.0,0.576,
5319.0,2.422,
6286.0,1.132,-0.08
6080.0,2.059,0.2
5296.0,0.852,0.3
3815.0,0.55,
5900.0,1.694,0.0
4780.0,0.713,
5779.0,1.797,
6066.19,1.4457,0.2142
5659.0,0.98,-0.12
3761.0,0.513,
6239.0,1.358,-0.14
5162.0,0.795,0.06
5789.0,1.124,-0.3
5600.0,0.976,-0.23
5582.0,0.963,
3485.0,0.461,0.3
6026.0,0.992,-0.36
5500.0,0.933975,
5637.0,0.943,-0.3
6015.0,1.211,
4115.0,0.614,0.012
4648.0,0.674,
5288.0,0.81,-0.09
5776.0,0.95,0.21
4862.0,0.74,0.0
5531.0,0.8,
4859.0,0.711,
3483.17,0.532473,
5502.0,2.019,
5267.0,2.555,0.02
6046.0,1.007,0.07
5082.0,0.848394,
5821.0,0.848,-0.22
5229.0,0.877,0.07
4072.0,0.65,
5427.0,0.945,-0.16
5081.0,0.77,0.12
3870.0,0.6,0.4
5413.0,0.85,-0.03
5271.0,0.838,0.14
4723.0,0.691,0.02
5307.0,0.782,
5896.0,0.914,-0.1
5032.0,0.593,-0.96
6675.0,1.73,0.04
4786.0,0.739,0.27
5812.0,0.838,-0.28
4586.87,0.666066,
5662.0,1.229,
5948.0,1.08,0.01
5654.0,0.884,
5616.0,0.822,-0.16
,0.831,
6446.0,1.79,0.05
6362.0,1.144,0.07
4650.0,0.706,-0.04
5642.0,0.846,-0.14
5779.0,2.142,-0.32
,0.972,
6047.0,1.129,-0.08
5384.0,0.822,
6236.0,1.36,-0.002
3360.0,0.382,0.09
4702.0,0.686,-0.22
4909.0,0.724,0.11
5862.0,1.586,0.27
6490.0,2.179,0.08
4072.0,0.57,-0.17
4972.0,2.568173,-0.03
5351.0,1.671,-0.36
6231.0,1.59,0.12
4299.98,0.715385,
5757.0,1.008231,0.25
5530.0,0.821,-0.15
3561.0,0.411,0.0
5620.0,0.974,-0.32
5837.0,1.698,-0.35
5613.0,1.063,
5852.0,1.0,-0.07
5889.0,0.92,
5232.0,0.83,0.07
6600.0,1.468,0.11
5282.0,0.79,-0.19
5918.0,1.091,
5999.0,0.959,-0.06
5763.0,0.916,0.05
4591.0,0.709,0.0
5120.0,0.752,
3867.0,0.552,0.1
5692.0,0.8,-0.44
5622.0,1.406,-0.4
5360.0,0.79,-0.04
5779.0,1.31,
3700.0,0.542573,
6106.0,1.44,0.36
5664.0,0.86,
5835.0,0.847,-0.24
5693.0,1.54,-0.28
4487.0,0.612,-0.44
5106.0,0.78,0.03
6320.0,1.725,-0.22
5538.0,0.91,0.08
4777.0,0.561,-1.08
5835.0,0.847,-0.24
5839.0,1.067,-0.28
5627.0,0.808,-0.24
,0.628,
4616.0,0.668,-0.24
5627.0,0.833,-0.16
5941.0,0.911,-0.14
5559.0,0.931,
4518.0,0.653,-0.24
5853.0,0.895,-0.1
4628.0,0.661,-0.2
3349.0,0.388609,
2550.0,0.117,0.04
5650.0,1.19,0.19
5741.0,0.988,0.12
5926.0,0.939,-0.04
5535.0,0.9,0.0
5684.0,1.415,0.02
5859.45,0.98,
5551.0,0.81,
5918.0,1.068,-0.22
5093.0,0.71,-0.27
6297.0,1.793,0.04
5705.0,0.976,0.36
5340.0,,
5500.0,0.914,-0.03
5964.0,1.09,
4981.0,0.72,
5412.0,0.769,-0.2
5315.0,0.801,0.33
5466.0,0.944,0.02
3367.0,0.312,-0.5
4731.0,0.687,
6522.0,1.215,-0.22
5757.0,1.017,0.14
6167.0,1.064,0.07
5635.0,0.95,-0.14
,,
5620.0,1.143,0.34
5071.0,0.78,0.05
6214.0,1.122,-0.02
3327.0,0.189,-0.38
6138.0,0.834,
3247.0,0.34,
5823.0,1.077,
5460.0,0.893,0.08
5026.0,0.838,0.32
5834.0,1.629,
5791.0,0.958,0.21
4270.0,0.557,
6090.0,1.55,
5190.0,2.912,-0.12
5945.0,1.099,-0.34
5495.0,0.9164,0.07
5747.0,0.732,-0.09
5833.0,1.022,-0.04
5088.0,0.806,-0.06
5897.0,1.259,0.02
3980.0,0.54,-0.2
5759.0,2.127,0.3
5268.0,0.776,-0.06
5178.0,0.778,-0.26
6820.0,1.63,0.09
5411.0,0.831,0.06
6444.0,0.956,-0.5
3903.0,0.523,-0.2
5721.0,0.972,0.0
5866.0,0.89,
4505.0,0.658,-0.2
5666.0,0.756,-0.5
5682.0,0.87,
5194.0,0.764,0.18
6306.0,1.47,0.04
6326.0,1.126,
5941.0,0.885,-0.22
5722.0,0.914349,-0.05
3831.0,0.62,
6000.0,1.75,-0.12
4299.0,0.584,
5616.0,1.674,0.04
5178.0,0.818,0.16
5497.0,0.941,0.02
5586.0,0.798,-0.3
7717.0,2.3,
5600.0,0.927,-0.25
,0.527,
4900.0,0.772,0.12
5746.0,1.1303,-0.02
,0.669,
5412.0,0.769,-0.2
6215.0,1.145,0.14
6057.0,0.829,-0.5
5996.0,0.956,-0.1
4386.0,0.63,-0.26
,,
4227.0,0.672,-0.1
4572.94,0.68988,
5957.0,1.051,-0.34
5400.0,0.59,0.41
5620.0,0.84,-0.19
5126.0,0.701,
5632.0,0.83,
5960.0,0.906,-0.2
5950.0,1.1,
4801.0,0.786,0.32
5994.0,0.992,-0.09
5924.0,1.53,0.37
,0.529,
,,
5035.0,0.791,-0.06
4017.0,0.678,
3893.0,0.5,-0.28
5788.0,0.984,
6458.0,1.089,-0.42
6267.0,1.058,
6028.0,1.201,0.23
5858.0,0.963,0.1
5513.0,0.9598,0.107
5883.0,1.074,-0.16
6062.0,1.12,
5269.0,0.85,
5795.0,1.545,0.18
5441.0,0.923,
4859.0,0.707,-0.34
5195.0,0.699,-0.36
4102.0,0.52,-0.51
5391.0,0.79137,-0.3
5137.0,,-0.35
6721.0,1.46,
3891.0,0.564,0.21
,1.06,
5478.0,1.775,
4599.0,0.721,
5322.0,0.82,0.06
6167.0,1.064,0.07
4740.0,0.72,
6664.0,1.339,-0.18
5521.0,0.89,0.01
3788.0,0.472,-0.28
5830.0,0.876,-0.14
5995.0,0.98,
5050.0,1.278,0.1
6210.0,1.033,-0.1
4476.0,0.637,-0.2
5744.0,0.86,
5404.0,1.14,0.05
4693.0,0.732,
5857.0,1.29747,
5938.0,0.92,
6161.0,0.862,-0.5
,,
5609.0,1.78598,
5588.0,1.105,0.01
5070.0,0.78,0.05
5416.0,0.91,
6173.0,1.108,0.21
6165.0,1.355,
4222.06,0.646783,
,1.617,
5907.0,1.94,0.1
5803.0,1.073,-0.08
5431.0,0.843,0.12
6183.0,1.3,0.26
3900.0,0.537,-0.1
4644.0,0.69,-0.06
4141.0,0.626,
4456.0,0.63,
5770.0,1.2,0.01
7007.0,1.44,
6032.0,0.929,-0.18
5741.0,1.008,-0.38
5337.0,0.87,
6098.0,1.297,-0.02
5988.0,1.88626,
5781.0,0.86,
5850.0,1.04,0.14
5747.0,1.24,0.05
,,
5684.0,0.819,-0.24
6600.0,1.51,0.03
5975.0,1.09,-0.01
5845.0,1.62,0.01
5271.0,0.838,0.14
5831.0,1.0,-0.04
4236.0,0.58,-0.29
5710.0,0.983,-0.03
3887.0,0.48,-0.36
5266.0,0.754,-0.08
6061.0,0.97,-0.1
5941.0,1.692,0.04
6131.0,1.24,0.04
5675.0,1.292,0.12
3748.0,0.52,0.16
6688.0,1.79,-0.2
5379.0,0.78,
4545.43,0.713599,
5088.0,0.75,
4200.0,0.682,
5373.0,0.905,0.22
4264.0,0.66,
5016.0,0.729,
6249.0,1.332,
4987.0,0.8268,0.305
5978.0,0.855,-0.42
5145.0,0.79,
5831.0,0.921,0.0
5430.0,1.71,0.2
5508.0,0.88,0.11
6346.0,1.459,
6236.0,2.107,0.11
4812.0,0.755,0.02
4912.0,2.93,0.43
5148.0,0.79,0.0
5109.0,1.671,0.1
,0.205,
5693.0,0.914,
5550.0,0.911,0.0
5127.0,0.775,0.04
5413.7,0.94,
6197.0,1.035,-0.08
5348.0,0.858,
6134.0,1.246,-0.06
5692.0,1.064,0.04
6131.0,1.24,0.04
5451.0,0.87,
5954.0,1.11,0.08
6033.0,0.917,-0.64
3670.0,0.544,
3352.0,0.325635,
5776.0,0.986,
,,
6161.0,1.56523,
5450.0,0.803,0.05
5046.0,0.727,0.17
5640.0,2.878,
5770.0,0.933,0.04
5854.0,1.533,
6137.0,1.13,-0.04
4951.0,0.75,-0.02
4908.0,0.781,
,,
7717.0,2.641,0.07
5674.0,0.94,
5604.0,0.918,
4359.0,0.659,-0.06
5960.0,1.381,
2960.0,0.182,-0.09
6173.0,1.041,-0.04
5735.0,0.852,-0.16
3761.0,0.46,-0.21
4908.0,0.781,
5894.0,0.9,
5315.0,0.87,0.0
5513.0,0.915,0.08
6230.0,1.5,0.12
5551.0,0.88,-0.07
4665.0,0.686,
4985.0,0.75,-0.1
5748.0,1.092,
5580.0,0.886,0.14
6100.0,1.24,-0.1
5731.0,1.231,0.16
5220.0,0.677,-0.54
4905.0,0.682,-0.4
5906.0,1.145,0.22
,,
4886.0,0.74,0.02
6243.0,1.38719,
5380.0,0.721,-0.4
5468.0,0.88,0.03
6032.0,0.973,-0.06
5659.0,1.645,
4487.0,0.612,-0.44
5884.0,1.373,
6111.0,1.9,
5561.0,0.836,-0.06
5093.0,0.71,-0.27
5591.0,0.86,0.07
5791.0,0.98,-0.02
5105.0,0.868,0.14
5489.0,0.798,-0.16
5099.0,0.78,-0.01
5053.0,0.77,-0.07
6099.0,1.146,0.0
6378.0,0.78,
5938.0,1.811,
5459.0,0.88,
6030.0,1.609,
5874.0,1.106,
5742.0,0.91,-0.12
4861.0,0.732,-0.08
5120.0,0.784,-0.04
6042.0,1.205,0.17
4919.0,0.721,-0.24
6122.0,0.964,-0.18
5609.0,0.898,0.21
6077.0,1.072,0.21
5982.0,0.96,-0.04
3779.0,0.52,0.26
6711.0,1.344,-0.18
5862.0,1.463,0.16
6237.0,1.315,-0.006
3584.0,0.45,0.0
5829.0,1.157,
6284.0,1.957,0.13
5019.0,0.747,-0.22
6522.0,1.215,-0.22
6034.0,0.95,
5631.0,0.912206,-0.19
5167.0,0.848,0.24
6002.0,1.095,-0.08
6321.0,1.23,
5231.0,0.801878,-0.03
6054.0,1.257,
5890.3,1.31383,
6032.0,1.001,-0.02
5805.0,1.05,0.13
5129.0,0.804,0.187
5559.0,0.93,0.06
4045.0,0.515,-0.48
5995.0,1.56,
5721.0,0.905,0.02
4763.0,0.659,
6046.0,0.972,-0.08
5881.0,0.848,-0.66
,0.821,
4147.0,0.57,-0.26
5787.0,1.003,
5298.0,0.858,-0.217
4812.0,0.755,0.02
4040.0,0.57,-0.14
5879.0,1.408,-0.04
5394.0,0.77,
4588.0,0.7,0.15
5842.0,1.308,0.153
5663.0,1.065,
6047.0,1.103,
4090.0,0.571,-0.18
5623.0,0.763,-0.4
5535.0,0.905,
3901.0,0.542,-0.1
5188.0,0.73,
6652.0,1.2,
5200.0,0.863,
3688.0,0.497,0.0
,1.54,
5624.0,1.018,0.3
5608.0,0.985,
5871.0,1.017,
5986.0,0.9,
5837.0,1.144,
5886.0,0.9,
3866.0,0.551,
5602.0,1.009,0.1
5672.0,0.929,0.14
5735.0,1.028,-0.2
5945.0,1.169,
6350.0,1.974,-0.08
5113.0,0.727,
6251.0,1.119,-0.06
5825.0,1.291,0.14
5839.0,1.173,-0.28
5243.0,0.821,
6177.0,1.38,0.03
5736.0,0.924,0.06
5866.0,1.28,0.16
4538.0,0.663,-0.2
5947.0,1.609,0.14
5434.0,0.95,0.26
6600.0,1.76,-0.31
5609.0,0.999244,0.42
5343.0,0.885,0.44
5096.0,0.78,-0.03
6352.0,1.401,0.32
5860.0,1.6,0.24
5392.0,1.087,0.18
5646.0,0.841,-0.14
5829.0,1.017,
,0.768,
5155.0,0.938,0.41
6245.0,1.38,
6208.0,1.009,-0.16
,,
6206.0,1.573,0.22
4320.0,0.66,0.15
6093.0,0.98,
5141.0,0.861,0.07
6184.0,1.038,-0.06
6441.6,2.1,
5239.0,0.785,0.0
4127.0,0.623,
5688.0,1.01,0.01
6043.0,1.097,-0.16
3726.0,0.47,-0.12
5403.0,0.839,
5609.0,0.944,0.16
5611.0,0.846,
6600.0,1.6,0.03
5623.0,1.04,
5253.0,0.785,
5195.0,0.699,-0.36
6202.0,1.94,-0.04
5330.0,0.726,-0.32
4505.0,0.658,-0.2
4069.0,0.525,
5559.0,0.806,-0.18
5053.0,0.77,-0.06
5579.0,1.572,0.23
6078.0,1.35,
5126.0,0.742,-0.12
5200.0,0.77,-0.09
5883.0,0.892,-0.14
4316.0,0.58,-0.44
5971.64,1.03963,
5780.0,1.0,
5653.0,0.949,0.1
3407.0,0.473603,
6318.0,1.347,
5595.0,0.91,-0.06
5679.0,0.972,0.0
5885.0,0.98,
,0.374,
4995.0,4.16,-0.07
4435.39,0.749646,
5993.0,0.986,0.07
5539.0,1.207,0.14
6167.0,1.221,0.12
5835.0,0.847,-0.24
5845.0,0.972,
5460.0,0.823,
6720.0,1.289,-0.14
6570.0,1.518,-0.13
5259.0,0.82,0.138
4261.0,0.633,-0.06
6020.0,1.085,0.0
4584.0,0.7,0.11
3750.0,0.51,0.08
6446.0,1.637,
5440.0,0.885,-0.24
,,
5841.0,0.88,
6277.0,1.378,-0.06
6063.0,1.18,
3298.0,0.328,-0.209
5265.0,1.09,
5988.0,1.236,-0.12
6106.0,0.966,-0.16
5322.0,0.82,0.06
5657.0,1.046,0.0
4949.0,0.68,-0.36
5110.0,0.7,
5159.0,0.821,0.16
6031.0,1.608,
6036.0,0.949,-0.16
6250.0,1.98,-0.06
5288.0,0.978,0.18
5588.0,1.1,0.14
5576.0,1.11,
6068.0,0.829,-0.5
5176.0,0.8,-0.01
5070.0,1.26,
5713.0,1.12898,
5177.0,0.83,
4955.0,0.795,
5881.0,1.029,-0.16
7360.0,2.36,0.094
6388.0,1.037,-0.28
4754.0,0.72,0.01
5970.0,0.908,-0.18
3099.0,0.222,-0.2
5172.0,0.954,0.35
6324.0,1.147,-0.1
5993.0,0.93,
6626.0,1.841,-0.017
5500.0,0.682,-0.82
6243.0,1.02,
6060.0,0.953,-0.14
5462.0,0.764,-0.28
5934.0,0.91,
5955.0,1.05,-0.04
6765.0,1.439,0.21
6535.0,1.283,0.21
5438.0,0.92,
3348.0,0.3073,0.04
5555.0,0.87,-0.13
5967.0,1.17,
5356.0,1.055,0.2
5190.0,2.912,-0.12
3853.9,0.522,
5856.0,1.699,-0.17
5774.0,1.368,0.05
4621.0,0.668,-0.24
3984.0,0.539,-0.22
4367.0,0.569,
5687.0,1.775,0.04
,,
6347.0,1.036,-0.32
4647.0,0.71,0.16
6248.0,1.458,
5530.0,1.782,
6089.0,1.025,
4947.0,0.834,
5480.0,0.865,-0.04
5785.79,1.07008,
5602.0,1.1,0.12
5275.0,0.787,0.0
5623.0,1.588,0.36
6052.0,1.21,
5302.0,0.783,-0.06
5724.0,0.85,
5835.0,0.847,-0.24
5167.0,0.737,-0.18
5613.0,1.462,-0.4
5713.0,0.893,0.07
,0.896,
5502.7,0.83,
5380.0,0.785,-0.2
6015.0,1.185,0.1
5136.0,0.81,0.18
5481.0,0.708,-0.5
5301.0,0.82,-0.03
4908.0,0.736,
3853.9,0.522,
,1.22,
3810.0,0.513,-0.02
5559.0,0.881,
6039.0,1.11,-0.07
5885.0,1.111,0.0
5818.0,1.205,-0.02
4141.0,0.608,-0.04
5106.0,0.71,
4812.0,0.755,0.02
5990.0,1.561,-0.2
5191.0,0.764,-0.06
4825.0,0.724,-0.03
5854.0,1.181,0.03
5443.0,0.86,-0.03
6484.0,1.173,-0.08
4403.0,0.627,-0.24
6266.0,1.63,0.26
5361.0,0.83,-0.07
6088.0,1.95,
5800.0,0.94,
5033.0,0.821,0.06
5496.0,0.827,-0.46
6510.0,2.24,0.1
3804.0,0.493,
5071.0,0.788,0.16
4243.0,0.641,0.02
5242.0,0.856,0.14
5191.0,0.826,0.08
5532.0,0.988,0.11
4686.0,0.72,
5513.0,0.908,0.11
4769.0,0.714,0.12
3600.0,0.4144,-0.28
6520.0,1.713,-0.5
6480.0,2.1,0.12
4198.0,0.574,-0.32
4799.0,1.818,0.56
,1.72,
5877.0,1.15,0.22
5979.0,1.828,
6000.0,1.01,
5991.0,1.293,-0.2
4821.0,0.788,0.16
5700.0,1.44,0.29
5567.58,1.2084,
5229.0,1.005,0.32
5817.0,0.88,
6045.0,1.231,0.12
4861.0,0.75,0.09
5989.0,,0.0
5741.0,1.008,-0.38
5563.0,0.927,0.014
5465.0,0.925,0.02
5701.0,0.94,
5895.0,0.94,-0.02
5984.0,0.906,-0.2
6241.0,0.998,-0.48
3424.0,0.22,-0.5
5560.0,0.928,-0.06
5951.0,1.4,0.19
5790.0,0.9,-0.02
5180.0,1.037,
4499.0,0.639,-0.26
5014.0,0.756,-0.1
5185.0,0.91,0.16
5739.0,0.928,-0.02
5751.0,0.854,-0.14
6058.0,1.88,
5828.0,1.548,
4095.6,0.618,
5619.0,1.199,0.14
6302.0,1.098,-0.14
5211.0,0.895,0.08
6276.0,1.106,-0.1
5900.0,1.694,0.0
,0.371,
5952.0,1.16,
5131.0,0.893,0.28
6140.0,1.09,-0.13
5995.0,1.635,-0.06
5638.0,0.883,-0.18
5222.0,0.748,0.0
3692.0,0.517,0.28
5556.0,1.032,
6079.0,0.945,-0.2
5639.0,0.83,
5509.0,0.836,0.02
5005.0,3.009,0.03
5649.0,0.92,-0.07
5853.0,0.895,-0.1
5318.0,0.808,
5905.0,1.123,
6000.0,0.93,
5052.0,0.816,0.02
7746.12,1.57458,
6017.1,1.05,
6158.0,1.22,0.01
5647.0,0.93,0.0
5013.0,0.694,
5089.0,0.716,-0.16
5153.0,0.759,-0.04
5524.0,0.994,0.2
5512.0,1.3,0.05
5979.0,1.634,-0.18
4710.0,0.0131,
4935.0,0.711,0.06
5288.0,0.74,
5481.0,0.856226,
4975.0,0.724,0.02
6038.0,1.744,0.34
5688.0,1.734,
5412.0,0.769,-0.2
5523.0,0.88,0.0
5648.0,0.896,-0.43
5009.0,0.84,0.16
4570.0,0.681,0.0
5773.0,1.040024,0.31
5908.0,1.21,0.12
5661.0,1.008,0.1
4500.0,0.646,-0.02
5667.0,0.92,-0.07
4910.0,0.892,0.56
5090.0,0.820538,
5235.0,0.846,
6364.0,1.269,-0.22
5918.0,0.995,
5730.0,0.87,-0.06
6035.0,1.22,0.14
5868.0,0.859,
3582.0,0.526,
,1.283,
5011.0,0.74,-0.08
8208.0,1.8,
5800.0,1.24175,
6177.0,1.38,0.03
6327.0,1.175,-0.14
5921.0,1.045,-0.26
7713.0,2.52,
5918.0,0.863,-0.26
5130.0,0.837,0.48
5093.0,0.784,0.12
6704.0,1.78,0.09
6456.0,1.39,
6190.0,1.659,-0.06
5324.0,0.791,-0.04
5498.0,0.863,
3545.0,0.316,-0.36
5828.0,1.01,0.03
5580.0,0.94,0.05
6190.0,1.068,-0.16
,2.369,
5802.0,1.338,
5475.0,1.09,0.09
5620.0,1.143,0.34
5576.0,0.929,0.3
5595.0,0.9,-0.04
6117.0,1.08,
5237.0,0.851,0.05
6000.0,1.12,0.42
4882.0,0.738,-0.12
5008.2,0.766023,
,0.371,
5788.0,0.985,-0.023
6055.0,1.393,-0.09
6261.0,1.32,0.03
5470.0,0.919,-0.2
5906.0,1.073,-0.16
5782.0,0.822,-0.3
5541.0,0.971,0.14
4880.0,1.741,0.42
5063.0,0.8441,-0.065
6194.0,1.314,-0.04
5332.0,0.926,
5232.0,0.806,
3903.0,0.54,-0.07
5952.0,1.323,-0.08
5251.0,0.817,0.21
3887.0,0.48,-0.36
5754.0,1.13,0.29
5969.0,1.709,
6027.0,1.1,0.0
5875.0,0.9,-0.21
,0.639,
6956.0,1.744,-0.06
5048.0,3.549,-0.03
5710.0,0.96,
5386.0,0.793,-0.2
5708.0,1.0,
3905.0,0.654,
5629.0,0.82,
6310.0,1.19,
4508.0,0.68,-0.01
5908.0,0.928,
6395.0,1.186,0.02
6276.0,1.106,-0.1
6049.0,2.52,-0.04
5728.0,1.181,
5650.0,1.19,0.19
5896.0,1.24,-0.36
5262.0,0.761,-0.14
5128.0,0.813,-0.11
7650.0,1.74,0.2
6122.0,0.996,-0.1
5333.0,0.828,
4804.0,0.7425,0.067
,0.949,
5228.0,0.755,-0.14
5731.0,1.48668,
5891.0,1.273,
4137.0,0.612,0.0
4189.0,0.587,-0.24
5864.0,0.842,-0.28
5750.0,1.0,0.0
4173.0,18.939,0.06
5002.0,0.719,
6169.0,1.424,0.09
5847.0,1.402,0.26
5748.0,1.01,
4043.0,0.6,-0.11
5420.0,0.871,-0.06
5839.0,1.02,0.02
5559.0,0.806,-0.18
4802.0,0.699,-0.1
5305.0,1.449,0.24
5311.0,1.769,-0.46
3419.0,0.37,-0.12
6343.0,1.137,0.07
5880.0,0.917,-0.06
5315.0,0.788,
5838.0,0.897,-0.08
6152.0,1.255,-0.03
5460.0,1.03,0.11
5622.0,1.089,0.14
5006.0,0.73,
,0.943,
5733.0,0.855,-0.12
3558.0,0.374,-0.09
5923.0,1.022,0.0
6150.0,1.129,
5766.0,1.057,0.0
5383.0,0.842,0.0
5617.0,0.97,0.14
5006.0,0.829,0.12
4854.0,1.749,0.56
6074.0,1.183,0.3
5153.0,0.79,0.0
6509.0,1.137,
5549.0,0.816,-0.32
5776.0,1.047,-0.24
5295.0,0.8,-0.1
3903.0,0.523,-0.2
6363.0,1.746,
5751.0,1.43,
7204.58,1.49338,
6210.0,1.033,-0.1
4638.0,0.71,0.07
6350.0,1.991,0.26
4096.0,0.729,
5921.0,1.045,-0.26
4818.0,0.618,-0.68
5477.0,0.894913,0.26
5266.0,0.788,-0.2
4861.0,0.732,-0.08
5922.0,1.07,
4709.0,0.685,-0.08
5543.0,0.887,0.21
5256.0,1.103,
5573.0,1.004,
6170.0,1.21,-0.01
5564.0,0.85,-0.14
5315.0,0.79,-0.09
3989.0,0.544,-0.2
4942.0,0.915,
4884.29,0.750598,
6426.0,1.154,-0.12
5871.0,1.703,0.17
5561.0,0.836,-0.06
5442.0,0.974,0.1
3229.0,0.2211,-0.17
5880.0,0.917,-0.06
3799.0,0.492,-0.2
6333.0,1.23,
6157.0,1.014,-0.12
5436.0,0.92,-0.05
5801.0,0.95,-0.1
5703.0,0.95,-0.03
5938.0,0.883,-0.24
5565.0,0.802,-0.2
3726.0,0.485,
5560.0,1.096,0.26
4911.0,4.19,-0.03
5671.0,1.084,0.16
6002.0,1.181244,0.21
5443.0,0.738,-0.38
5312.0,0.726,
6003.0,1.178,
5735.0,0.854,-0.14
5746.0,1.173,-0.08
5675.0,0.84,
5706.0,1.02,
6538.0,1.21,
5641.0,0.981,-0.06
5550.0,0.95,-0.1
6057.0,1.12,
5589.0,1.108,
5982.0,0.96,-0.04
5823.0,0.96,-0.24
5708.0,1.49,
5820.0,1.01,-0.02
5798.0,0.941,0.1
6419.0,1.188,-0.2
5741.0,0.98,0.21
5857.0,0.976,-0.21
,1.345,
,0.75,
5280.0,0.751,-0.42
6129.0,1.24,0.07
6150.0,1.606,-0.04
5216.0,0.81,0.03
4850.0,4.16,
5991.0,1.11,0.01
5256.0,0.721,-0.34
5648.0,1.583,0.44
5746.0,1.0,
6060.0,1.444,-0.39
6221.0,1.44854,-0.13
6198.0,1.25,0.02
4875.0,0.795,0.32
,0.312,
3817.0,0.703,
4883.0,1.667,0.56
4939.0,0.732189,
5802.0,0.966,-0.2
5342.0,0.8566,-0.303
4903.0,0.74,0.08
5343.0,0.84,0.0
5698.0,1.07,
5638.0,0.93,-0.29
4953.0,0.858619,
,0.882,
6142.0,1.87,
5170.0,0.81,0.16
5254.0,0.731,
5680.0,1.1,0.0
6158.0,0.99,
5440.0,0.898,
6046.0,0.972,-0.08
6741.0,1.41,
5721.0,0.993,
5977.0,0.801,-0.56
,0.981,
6011.0,1.03,-0.04
5744.0,0.901705,-0.14
5083.0,0.844,0.22
6532.0,1.83,0.017
3464.0,0.328,-0.14
6093.0,1.025,-0.12
6360.0,1.571,
6150.0,1.241,0.18
5001.0,0.77,0.01
,1.524,
6032.0,0.929,-0.18
6092.0,0.998,-0.06
4909.0,0.724,0.11
,,
5665.0,1.19,0.23
3216.0,0.1895,
5065.0,0.7934,0.182
5612.0,0.91,-0.07
6108.0,1.03,0.07
5880.0,1.02,0.14
5767.0,1.16875,
4786.0,0.748,
5923.0,1.735,-0.07
5791.0,0.958,0.21
4499.3,0.664,
5788.0,0.873,
6166.0,2.06,0.07
6460.0,1.438,
6293.0,1.682,-0.3
3396.0,0.28,-0.1
5859.0,1.0,0.19
4781.0,0.7,-0.16
5259.9,2.9,0.084
,,
5723.87,0.945408,
5831.0,0.921,0.0
5520.0,0.868,
6128.0,1.238,
6212.0,1.209,-0.04
4505.0,0.658,-0.2
,1.69,
4762.0,0.78,
5153.0,0.71,
5251.0,0.817,0.21
4978.0,0.808,0.07
6220.0,1.21,0.39
5775.0,1.031,-0.04
5658.0,1.09,0.15
5770.0,1.05,0.03
5419.0,0.822,0.06
4547.0,0.687426,0.01
6170.0,1.28,-0.01
4858.0,0.707,-0.02
6169.0,1.343,
5771.0,0.825,-0.28
5937.0,1.732,0.15
5831.0,0.921,0.0
,0.669,
5758.0,1.704,0.3
6010.0,1.26,0.08
5600.0,0.908,-0.03
6117.0,1.18,-0.06
6466.0,1.183,-0.04
,,
5189.0,0.72,-0.37
5545.0,0.8,
5739.0,0.928,-0.02
5797.0,0.876,
3893.0,0.57,
3896.0,0.52,-0.2
6202.0,1.072,-0.12
5796.0,0.871,-0.12
5733.0,0.997,0.07
6572.28,1.57167,
6036.0,0.949,-0.16
6119.0,1.105,
5232.0,0.795,0.04
6019.0,1.26,
5909.0,1.119,
5971.64,1.03963,
6239.0,1.358,-0.14
3985.0,0.54,-0.22
3898.0,0.54,-0.09
6096.0,1.077,-0.04
3560.0,0.568,
4224.0,0.603,-0.2
5688.0,1.015,
6014.95,1.13166,0.228
6183.0,1.3,0.26
6351.0,0.921,-0.5
6132.0,1.526,0.24
3307.0,0.326,0.14
5431.0,0.884,-0.14
3331.0,0.406516,
5914.0,1.141,0.32
3893.0,0.52,-0.15
3806.0,0.533024,
5570.0,0.885,
6079.0,0.945,-0.2
5513.0,0.915,0.08
3353.0,0.376,
6474.0,1.26,-0.16
5368.0,0.84,
3813.0,0.48,-0.24
6455.0,1.228,0.0
4050.0,0.523,
5541.0,0.823,
4856.0,0.696,-0.3
5693.0,0.856,-0.08
,,
5993.0,1.1,
5256.0,0.82,
4645.0,0.776,0.02
5246.0,0.805,-0.24
5699.0,1.415,0.3
5795.29,1.13,
5952.0,1.157,
5900.0,1.08,-0.1
6400.0,1.366,0.0
4850.0,0.689,
5825.0,1.49,0.02
4904.0,0.772,0.0
6350.0,1.32,
5947.0,1.655,
5866.0,1.03,-0.01
5551.0,0.848,-0.1
6238.0,2.201,-0.02
6327.0,1.93,0.0
5821.0,1.114,
5594.0,0.934,0.16
6188.0,1.524,0.44
5280.0,0.751,-0.42
4591.0,0.709,0.0
4325.0,0.56,-0.64
6063.0,1.001,-0.02
5637.0,0.943,-0.3
6028.0,1.047,0.21
4845.0,0.714,-0.04
4859.0,0.72,-0.04
6113.0,1.218,0.22
5252.0,0.898,0.04
5007.0,0.76,
5642.0,0.846,-0.14
4798.0,0.782,0.16
5416.0,1.756,0.0
5015.0,0.826,0.1
5386.0,1.076,0.18
4780.0,0.844,0.082
5880.0,1.29981,
5969.0,0.93,
4760.0,0.82,
6386.0,1.466,
4658.0,0.686,0.0
6341.0,1.033,-0.24
5497.0,1.052,0.36
4803.0,0.749,0.1
5475.0,0.818,-0.46
5641.0,0.93,0.01
5680.0,1.06221,
5919.0,1.0,0.21
5676.0,1.487,0.1
6139.95,1.8109,
5937.0,0.832,-0.4
4723.0,0.747,0.08
6042.0,1.418,
,,
5696.0,1.195,
5755.0,0.993,-0.14
5975.0,0.9,-0.44
5173.0,0.939,0.26
4779.0,0.67,
5238.0,0.84,
4999.0,0.843,0.18
5529.0,0.922,0.17
5754.0,1.13,0.29
4997.0,0.763,
5769.0,1.03,
5215.0,0.8,
5614.0,0.827,-0.14
6900.0,1.91,-0.1
4648.0,0.68,-0.11
5698.0,1.0726,-0.121
5417.0,0.79,-0.32
4761.0,0.66,
4500.0,0.6506,-0.01
5862.0,1.0,-0.09
4777.0,0.765,0.32
6692.0,1.351,-0.14
6400.78,1.5621,
4985.0,0.788,0.17
5346.0,0.721,
3517.0,0.37,-0.07
5424.0,0.978,0.16
4166.0,0.612,-0.06
5954.0,1.1,0.07
5621.0,0.783,
3422.0,0.372,-0.19
6121.0,1.2,-0.11
3927.0,0.612,0.338
6197.0,1.035,-0.08
6202.0,1.514,-0.19
5516.0,0.895,-0.2
5779.0,0.974,0.14
6092.0,0.998,-0.06
6071.0,1.194,
6260.0,1.27,-0.03
2960.0,0.182,-0.09
6333.7,1.46,
5587.0,1.309,0.14
6121.0,1.2,-0.11
5797.0,1.03,
5741.0,0.833,-0.24
6086.0,1.052,-0.08
4880.0,0.622,
,,
5731.0,1.19,-0.24
5565.0,1.05,0.35
,,
4867.0,0.696,-0.16
6063.0,1.012,0.07
5348.0,0.786,-0.25
6045.0,1.231,0.12
5808.0,0.902,-0.06
5569.0,0.806,
6099.0,1.487,
6108.0,1.03,0.07
6221.0,1.458,0.08
6180.0,1.47,
5537.0,0.88,0.21
5417.0,0.772,-0.32
5674.0,0.782,-0.38
6550.0,2.058,-0.28
6164.0,1.825,-0.1
5770.0,1.641,0.29
5776.0,0.726,-0.72
5470.0,0.869,-0.025
5484.0,0.87,
5763.0,0.957,-0.56
6781.0,1.067,-0.58
6022.0,1.111,
5926.0,0.887,-0.2
6095.0,1.038,-0.22
5798.0,0.958,-0.02
5801.8,1.79,
5690.0,0.96,0.29
5808.0,1.01,0.03
5637.0,0.821,-0.18
5460.0,0.818,-0.1
6212.0,1.47768,-0.01
5837.0,1.02,0.06
6119.0,0.938,-0.26
5180.0,0.692,-0.38
6004.0,0.977,-0.02
,1.469,
5530.0,0.95,-0.09
5911.0,0.914,-0.1
5660.5,1.22,
5871.0,0.993,-0.3
5772.0,0.901,0.0
5131.0,0.79,0.0
5739.0,1.183,0.4
4465.0,0.632,
5660.0,0.877,-0.28
5357.0,0.789,-0.36
5094.0,0.87,0.16
5370.0,0.966,0.14
5002.0,0.753,-0.18
6302.0,1.432,-0.07
5276.0,0.91,
6153.0,0.993,-0.14
4734.0,0.655,-0.09
6249.0,1.076,-0.04
5500.0,0.903,-0.03
5481.0,0.856226,
5185.0,0.803827,-0.05
5406.0,0.822,0.07
5243.0,0.778,0.15
6028.0,1.022,-0.14
6244.0,1.47,
5781.0,1.05,0.26
3157.0,0.305,
4559.0,0.65,
5869.0,0.954,-0.04
5802.0,1.836,
6100.0,2.09,-0.35
5129.0,0.755722,
6087.0,1.14,-0.1
5723.0,0.899,
6400.0,1.377,0.0
4316.0,0.662,-0.23
6170.0,1.414,
6237.0,1.65,0.05
5708.0,1.065,-0.15
5032.0,0.817,0.08
6155.0,1.21,0.03
5316.0,0.719,-0.38
5640.0,1.291,0.34
6338.0,1.694,
6215.0,1.03,
6309.0,1.412,-0.1
3482.0,0.419457,
4923.0,0.74,-0.04
5215.0,0.867,0.28
5611.0,1.134,0.439
6037.0,0.972,
5480.0,1.174,0.16
5825.0,1.03,0.01
5162.0,0.795,0.06
5028.0,0.792,
6293.0,1.087,-0.46
6061.0,1.03,
6008.0,1.003,-0.14
5075.0,0.769,-0.02
6143.0,1.507,0.14
5437.0,0.781,-0.24
5252.0,0.779,-0.02
5798.0,0.958,-0.02
5078.0,0.806,
5495.0,0.862,-0.14
5781.0,1.03,
4991.0,2.935,0.28
5780.0,1.0,
6214.0,1.122,-0.02
,1.144,
5800.0,1.186,-0.46
6535.0,1.283,0.21
5831.0,0.921,0.0
5641.0,0.831,-0.16
5113.0,0.695,
5742.0,1.7,0.38
5081.0,0.8481,0.339
4365.0,0.561,
5590.0,0.83,0.025
5757.0,1.52,
6092.0,1.759,0.14
5405.0,2.605,0.08
5036.0,1.89,
6432.0,1.3,-0.14
6102.0,1.026,0.0
,,
5029.0,0.77,0.01
4708.0,0.77,0.29
5210.0,0.72,
,4.23,
4980.0,0.734,-0.04
5808.0,1.653,
5213.0,0.8649,0.168
5738.0,0.981,-0.06
5680.0,1.12,0.28
3876.0,0.547805,
,1.345,
,1.507,
6954.0,1.64,
6120.0,1.81,0.26
,1.163,
5616.0,1.2,0.4
5802.0,1.044,0.19
6103.0,0.949,-0.2
5969.0,0.93,
3974.0,0.53,
5362.0,1.032,0.16
6389.0,1.343,
4141.0,0.608,-0.04
5233.0,0.843,
5258.0,0.785,-0.32
,1.055,
5685.0,1.06,
5940.0,1.5,
6016.0,1.132,
5446.0,1.593,-0.36
4955.0,0.688,-0.13
5411.0,0.86,-0.01
5437.0,0.905,0.35
4650.0,0.706,-0.04
5604.0,1.91,
6433.0,1.25,
6020.0,1.008,-0.18
5176.0,0.766,
6036.0,1.017,-0.32
6158.0,1.21,
5450.0,0.9,-0.08
5379.0,0.767,
5142.0,0.745,-0.12
5192.0,0.802,0.16
5943.0,1.014,
6032.0,0.935,-0.78
5825.0,1.04,
6203.0,1.194,-0.12
6429.0,1.377,
5936.0,1.476,0.14
4702.0,0.686,-0.22
6078.0,1.53,-0.224
5567.0,0.881,
5383.0,0.789,-0.1
5115.0,0.91,
4797.0,0.637,
5507.0,0.878161,0.13
5470.0,0.849,-0.17
5717.0,0.98,
5646.0,0.841,-0.14
5969.0,0.92,
3731.0,0.51,
6394.0,1.317,0.24
4564.0,0.691,-0.06
4942.0,0.769722,0.14
6090.0,1.19,0.08
5841.0,0.931,0.07
5636.0,0.963,-0.25
5159.0,0.72,
5536.0,0.816,-0.12
5324.0,0.791,-0.04
5512.0,1.3,0.05
5978.0,1.06715,
5240.0,0.87,
6134.0,1.268,
5695.0,0.872,-0.02
3793.0,0.568,0.32
3572.0,0.585,0.126
4002.0,0.516,
5653.0,0.949,0.1
3980.0,0.54,-0.2
4208.0,0.696,
5950.0,1.14,
5660.0,1.24,0.27
5090.09,0.820458,
4023.0,0.57,-0.11
4286.0,0.56,
6740.0,1.575,-0.02
4870.0,0.74,-0.02
4263.0,0.556,
5219.0,0.851,0.16
3767.0,0.49,
5910.0,1.038,-0.2
6279.0,2.37,0.19
5808.0,1.636,0.26
5699.0,0.96,0.01
5366.0,1.503,0.34
5886.0,1.42,0.2
4500.0,0.633,-0.32
6241.0,1.465,-0.2
6052.0,1.19,
6052.0,1.626,
5582.0,0.85,-0.02
3880.0,0.626,
4665.0,0.681,
6461.0,1.131,-0.14
5591.0,0.86,0.07
6864.0,2.632,-0.16
5066.0,0.77,-0.08
5455.0,0.89,
5870.0,0.867,-0.2
6566.0,1.428,-0.077
6286.0,1.07661,
5616.0,0.999,-0.02
4650.0,0.706,-0.04
5640.0,0.912,
6642.3,1.67,
4891.0,0.698,
5174.0,1.75,
5678.0,0.944,
5121.0,0.762,-0.26
3717.0,0.605,
5080.0,0.628,-0.86
5918.0,1.091,
5638.0,1.248,
5355.0,0.803,0.0
6543.0,1.09,-0.34
4984.0,0.73,-0.14
5600.0,1.02,0.28
5561.0,0.873,-0.18
3415.0,0.303,-0.46
,0.95,
5334.0,1.004,0.16
5644.0,0.908,-0.41
3765.0,0.644,
3750.0,0.51,
5731.0,1.06,0.26
6072.0,1.01,-0.3
3750.17,0.553216,
5616.0,1.006,0.04
3970.0,0.583,
3387.0,0.379,
4259.0,0.534,
5896.0,0.914,-0.1
6616.0,1.353,-0.16
9435.0,2.28773,
5461.0,0.897,0.12
5700.0,0.87,-0.18
6297.0,2.02,
6173.0,1.108,0.21
5258.0,0.873,-0.04
3727.0,0.5,0.04
5021.0,0.76,-0.04
5883.0,1.15599,
6600.0,1.48532,
5835.0,1.03,0.06
5971.0,0.889,-0.38
6293.0,1.682,-0.3
5854.0,1.533,
6007.0,1.126,0.0
5736.0,0.85,
5909.0,1.423,
5850.0,1.04,0.14
5655.0,0.99,0.44
3861.0,0.52,-0.05
4006.0,0.426,
6297.0,1.031,-0.2
3727.0,0.5,0.04
6319.0,1.032,-0.22
5914.0,1.146,0.16
5310.0,0.83,-0.02
6076.0,1.12,-0.03
6120.0,1.311,-0.2
5713.0,0.99,-0.1
5512.0,0.98,
4305.0,0.602,-0.26
5761.0,1.518,0.06
6438.0,1.135,
5872.0,1.666,0.208
6096.0,3.82,0.11
6178.0,1.021,-0.1
6046.0,1.517,0.208
4712.0,0.72,0.06
6251.0,1.119,-0.06
5922.0,0.961,-0.08
5713.0,1.13,0.15
5791.0,1.085,
4671.0,0.68,0.0
5846.29,1.25324,
6257.0,1.186,0.18
6128.0,1.276,0.2
5776.0,0.965,0.1
6068.0,1.533,0.22
5853.0,0.895,-0.1
5759.0,1.101,0.05
6210.0,1.033,-0.1
5283.0,0.839,0.134
6148.0,1.217,-0.04
5211.0,0.895,0.08
5401.0,0.854,
4612.0,0.625,
6361.0,1.1,
6021.0,1.458,-0.34
5712.0,1.615,0.29
5314.0,0.719,-0.34
5440.0,0.876,0.38
4523.0,0.69,0.05
6352.33,1.31,
5468.0,0.88,0.03
5815.0,0.9,
,0.956,
6047.0,1.129,-0.08
6332.0,0.981,-0.36
5009.0,0.787,0.18
5294.0,0.85,0.25
5691.0,0.887,0.07
6100.0,1.083,-0.12
5381.0,0.84,-0.04
6202.0,1.062,-0.02
5732.0,1.369,
5915.0,1.008,-0.02
5170.0,0.807,0.18
5227.0,0.725,
5542.0,0.917,
6203.0,1.95,0.18
5520.0,0.899,0.08
6107.0,1.04,
5731.0,1.02,
6099.0,1.146,0.0
,0.946,
5668.0,0.87,-0.1
5377.0,0.9,0.17
6421.0,1.319,
4633.87,0.630715,
6032.0,0.973,-0.06
5300.0,0.849,-0.16
4734.0,0.657,
3876.0,0.547805,
3381.0,0.246,-0.13
6187.0,1.034,-0.26
5836.0,0.98,
5684.0,3.046,0.2
5797.0,1.11,
6057.0,1.11,-0.12
6036.0,1.093,0.02
6400.0,1.6,-0.02
5289.0,0.838,-0.18
4385.0,0.49,-0.66
5460.0,0.818,-0.1
5351.0,0.796,-0.04
4806.0,0.729,-0.1
4979.0,0.803,0.16
6440.0,1.37,-0.03
6057.0,0.95,
6108.0,1.03,0.07
5220.0,0.677,-0.54
6042.0,0.899,-0.58
6199.0,1.4,-0.11
4790.0,0.729,0.08
5859.0,1.5582,0.09
6360.0,1.518,-0.21
3887.0,0.53,-0.08
3654.47,0.402049,
5149.0,0.93,0.42
4042.0,0.523,
6061.0,0.945,-0.2
5482.0,1.053,
5961.0,1.08,0.01
5807.0,0.922,0.07
4353.0,0.601,
5869.0,1.626,-0.16
5763.0,0.957,-0.56
4600.0,,
5528.0,0.87,-0.02
5044.0,0.804,-0.02
6231.0,2.397,-0.18
4791.0,0.73,0.01
5808.0,0.902,-0.06
,,
5831.0,0.88,
5999.0,0.81,
5498.0,0.87,0.1
5884.0,1.12,0.03
5128.0,1.83,
6856.0,1.405,-0.18
,0.709,
5112.0,0.874,-0.28
5649.0,0.797,-0.3
5716.0,1.344,-0.16
5325.0,0.992,0.01
5455.0,0.888,0.06
5862.0,0.931,-0.14
6304.0,1.34004,
5822.0,0.898,-0.06
5192.0,0.802,0.16
5485.0,0.906,0.1
4582.0,0.677,-0.055
5738.0,0.981,-0.06
4633.87,0.630715,
4643.39,6.37872,0.4316
4040.0,0.57,-0.14
6157.0,1.491,-0.02
5620.0,1.509,
6007.0,1.124,-0.08
4539.0,0.608,
5188.0,0.973,0.32
4903.0,0.74,0.08
5513.0,0.935,
3990.0,0.643,-0.02
,0.465,-0.48
5959.0,0.966,-0.16
5811.0,0.99,
5835.0,0.847,-0.24
5060.0,0.801,
6346.0,1.172,0.0
3985.0,0.54,-0.22
6293.0,1.682,-0.3
5641.0,0.817,-0.3
,0.715,
6174.0,1.103,0.1
4804.0,0.78,0.15
5349.0,1.032,0.18
4886.0,0.74,
4484.0,0.594,-0.56
3748.0,0.539,
4860.0,0.687,
3719.0,0.512361,
5501.0,0.747,-0.48
5675.0,1.046,0.16
5126.0,0.742,-0.12
5676.0,1.066,
6112.0,1.625,-0.12
3893.0,0.52,-0.15
5205.0,0.792,-0.06
5953.0,1.415,0.08
5356.0,0.88,
5668.0,0.868,-0.02
6562.0,1.47,
5602.0,0.904,
5866.0,1.282,-0.16
5990.0,1.117,
7800.0,1.79,
4665.0,0.686,
4700.0,,
5421.0,0.897,0.05
3754.0,0.515,
4859.0,0.757,-0.02
5620.0,1.143,0.34
5687.0,1.775,0.04
5266.0,0.85,0.21
5774.0,0.96,
6065.0,1.229,
5189.0,0.72,-0.37
4549.0,0.652,-0.2
5903.0,0.961,-0.26
5076.0,0.83,
6004.0,1.12,
5834.0,1.433,-0.04
,0.863,
4901.0,0.758,-0.06
6620.0,1.85,
,4.09,
6235.0,1.39,
5779.0,0.956,0.12
5924.0,1.172,0.05
5680.0,1.01,0.23
5835.0,0.847,-0.24
6680.0,1.319,0.07
,0.974,
5815.0,0.877,-0.12
5333.0,0.728,-0.32
6122.0,1.047,-0.14
4476.0,0.69,
5103.0,0.789,0.04
5887.0,1.041,
5870.0,0.89,
5605.0,1.022,
5806.0,1.032,
6303.0,3.53,0.28
6398.0,1.101,-0.14
5789.0,0.907,-0.292
5719.0,0.97,
6022.0,1.084,-0.04
4385.0,0.706,0.38
5540.0,0.8,
6400.0,,
5655.0,0.92,
4899.0,0.73,
5839.0,1.038427,0.2
5732.0,1.26,0.23
5127.0,0.79,-0.02
5847.0,1.2564,0.11
5238.0,0.794,0.13
6046.0,1.31,0.18
5830.0,0.876,-0.14
5303.0,0.708,-0.38
3623.0,0.348,0.068
5613.0,1.31474,
3940.0,0.53,-0.18
5579.0,1.029,0.14
5970.0,1.12,0.17
6570.0,1.62,-0.13
5250.0,0.963515,0.35
5291.0,0.866,-0.044
5865.0,1.388,0.0
4915.0,0.812,0.16
4918.0,0.748,0.41
5121.0,0.7475,-0.08
5647.0,0.93,-0.04
4800.0,0.67,
5145.0,0.73,
5780.0,1.113,0.04
5242.0,0.722,-0.54
4893.0,0.761,-0.04
6480.0,1.306,0.0
4882.0,0.738,-0.12
6050.0,1.87,0.0
5828.0,1.548,-0.05
5254.0,1.514,0.21
5717.0,0.884,0.0
3360.47,0.330989,
5837.0,1.03,0.02
4722.0,0.718,0.07
3761.0,0.46,-0.21
5594.0,1.037,0.37
5232.0,0.891,
6210.0,1.309,0.18
8730.0,1.97,
5830.0,1.69,0.19
6118.0,1.16,0.0
6234.0,1.33,
4625.0,0.649,
5074.0,0.702,-0.38
,0.99,
3835.0,0.6,-0.01
,1.593,
3555.0,0.4,-0.07
5107.0,0.8,0.07
5265.0,0.781,-0.1
5858.0,0.963,0.1
5744.0,0.886,
5884.0,1.485,0.2
5774.0,1.412,0.14
4564.0,0.691,-0.06
4491.0,0.682,-0.01
6400.0,1.466,0.0
6400.0,1.31,0.09
6360.0,1.96,0.23
5880.0,1.02,0.14
6206.0,1.02,
4613.0,0.637,
6152.0,0.99,
6180.0,1.47,
3485.0,0.461,0.3
5694.0,0.921,-0.4
5345.0,0.914,0.07
4728.0,0.693,0.04
4590.0,0.7575,0.428
5520.79,0.874291,
4661.0,0.715,
4080.0,0.564,-0.11
4072.0,0.527,
5327.0,0.82,-0.09
5192.0,0.796,0.02
5873.0,1.18,
4876.0,0.853,0.42
5422.0,0.887,0.02
5913.0,1.04,0.0
4910.0,0.8,0.2
4550.0,0.66,-0.18
4002.0,0.69132,
5573.0,0.827,-0.12
3941.0,0.56,-0.03
5800.0,1.35,-0.19
5846.0,1.262,
4972.0,0.627,-0.58
6384.0,1.086,-0.16
5581.0,1.08,
6200.0,,0.14
5481.0,0.754,
3392.0,0.41,-0.02
5193.0,0.79,-0.11
5374.0,0.721,-0.68
5815.0,1.156,
5739.0,0.928,-0.02
6310.0,1.43,-0.16
4749.0,0.87,
6201.0,1.556,0.04
6150.0,1.18,-0.03
6340.0,1.393,-0.38
5075.0,0.769,-0.02
6040.0,1.18,
5921.0,1.045,-0.26
5212.0,0.757,
5711.0,0.93,
5614.86,1.28017,
5725.0,0.85,
6237.0,1.116,-0.08
6300.0,1.126,-0.1
6076.0,1.12,-0.03
6184.0,0.959,-0.26
5550.93,1.32567,
6082.0,1.09,
5968.0,0.881,-0.26
6129.0,1.108,-0.02
,,
5757.0,1.38,0.28
5718.0,1.48,-0.18
6440.0,1.952,0.14
6517.0,1.159,-0.14
5759.0,0.95,-0.2
6120.0,2.0,0.02
5923.0,1.735,
6003.0,1.15,0.09
4932.0,0.685,
4494.0,0.659,-0.04
6269.0,1.155,0.21
6244.0,1.009,-0.2
3460.0,0.356,0.07
5155.0,0.778,-0.06
6000.0,1.13,-0.02
6475.0,1.306,
5868.0,0.894,-0.12
5887.0,1.843,-0.18
5911.0,1.171,0.22
4550.0,0.68,-0.06
5666.0,0.75,
5114.0,0.682,-0.4
4827.0,0.823,0.32
6505.0,1.163,-0.12
5560.0,0.95,-0.1
6600.0,1.82,0.11
5966.0,0.961,-0.02
3584.0,0.45,0.0
5985.4,1.08958,
3748.0,0.523113,
5413.0,0.751,-0.32
6090.0,1.65,-0.02
5360.0,0.758,
6363.0,1.035,-0.26
6130.0,1.127,-0.07
6071.0,1.44,0.03
3399.0,0.426785,
6248.0,0.886,-0.5
5051.0,0.706,-0.24
6735.0,1.604,-0.22
5688.0,1.0,-0.08
6156.0,1.05,0.0
5460.0,1.165,0.16
3896.0,0.52,-0.2
5245.0,0.900316,0.03
5516.0,0.818,-0.14
4342.0,0.627,
2940.0,0.17143,
5900.0,1.37,0.29
4836.0,1.14,
6147.0,1.748,0.21
5399.0,0.838,
6417.0,2.65,
5381.0,0.76,
6075.0,0.969,-0.12
3350.0,,-0.15
5638.0,0.909,-0.081
,0.936,
6245.0,2.106,-0.28
6090.0,1.071,0.21
6398.0,1.101,-0.14
5452.0,0.9,0.36
5616.0,1.111,0.14
5973.0,0.976,-0.06
5696.0,1.207,
5465.0,0.9,
6058.0,1.09,-0.21
6131.0,1.024,-0.04
3720.0,0.5,
5923.0,1.735,-0.07
4692.0,0.7,-0.06
5750.0,1.29,0.38
5886.0,0.9,
5262.0,0.761,-0.14
6167.0,1.064,0.07
5088.0,0.757,0.2
5949.0,0.937,-0.1
3983.0,0.54,-0.2
5094.0,0.791,0.21
,0.837,
5588.0,0.881,
4096.0,0.57,-0.17
5088.0,0.806,-0.06
6302.0,1.511,-0.06
5618.0,0.996,0.0
5800.0,1.07,-0.24
5845.0,1.051,0.18
6765.0,1.439,0.21
5989.0,1.131,-0.16
5701.0,0.932,-0.04
4916.0,0.718,-0.09
5196.0,0.775,0.04
5679.0,0.84,
5649.0,1.058,
6215.0,1.145,0.14
5564.0,0.99,0.06
,,
5047.0,3.38,-0.02
6082.0,1.09,
3901.0,0.542,-0.1
5575.0,1.051,
4644.0,0.7,0.02
,,
5239.0,0.847,0.3
6070.0,1.857,0.288
4140.0,0.607,0.0
5290.0,0.746,-0.22
4845.0,0.714,-0.04
5138.0,0.75,0.06
6028.0,1.022,-0.14
5118.0,0.801,0.4
6091.0,0.967,-0.14
5764.0,0.94,
5070.0,0.78,0.05
5985.0,1.11,0.04
4814.0,0.78,
6191.0,1.3,0.06
4336.0,0.669,
6249.0,1.076,-0.04
5627.0,0.92,-0.01
4667.0,0.69,-0.08
4065.0,0.57,-0.13
5988.0,0.934,-0.12
5973.0,0.93,
4965.0,2.861,0.22
6006.0,1.082,0.07
5857.0,1.305,-0.04
5157.0,0.818,-0.08
6217.0,1.26867,-0.08
5400.0,0.801,-0.06
6325.0,1.112,-0.04
5790.0,1.203,0.1
5093.0,0.784,0.12
5591.0,0.86,0.07
3940.0,0.53,-0.18
5726.0,1.243,-0.06
4523.0,0.643,-0.18
6173.0,1.108,0.21
5372.0,1.0,
3327.0,0.189,-0.38
5166.0,0.678,-0.42
5658.0,0.815,-0.22
5712.0,1.19811,
5640.0,1.13,
5059.0,0.756,-0.114
6200.0,1.58,
6001.0,1.255,-0.47
4977.0,0.72,
5267.0,2.555,0.02
5937.0,1.149,-0.176
4906.0,0.771086,
6360.0,1.518,-0.21
4894.0,0.684,-0.24
,0.89,
5355.0,0.84,-0.03
6409.0,1.09,
5731.0,1.19,-0.24
5117.0,0.818,0.134
6725.0,1.385,-0.14
5733.0,0.855,-0.12
6350.0,1.974,-0.08
5098.0,0.8,
5622.0,1.18,
5637.0,1.184,0.23
5973.0,1.24,
5571.0,0.802,
5316.0,0.82,-0.04
5181.0,0.8,-0.01
6417.0,1.433,
5545.0,0.88,
5674.0,0.782,-0.38
5680.0,1.1,0.0
5482.0,0.96,
5952.0,1.002,-0.24
5214.0,0.773,-0.02
4834.0,0.73,-0.01
5037.0,0.756,-0.2
5245.0,0.79,
5529.0,0.93,0.12
6495.0,1.15,
5864.0,0.842,-0.28
5900.0,0.9,
5450.0,1.23,0.3
5698.0,1.039,-0.24
3810.0,0.54,-0.14
6317.0,1.61396,
5208.0,0.772,-0.14
5662.0,0.789,-0.34
6225.0,1.584,0.0
4225.0,0.693431,
5793.0,1.243,0.12
4386.0,0.63,-0.26
5703.0,1.048,0.16
6366.0,1.34,0.12
6046.0,0.972,-0.08
5109.0,0.748,
6162.0,1.32,
3464.0,0.444516,
5783.0,0.842,-0.28
5781.0,1.11,0.06
5834.0,0.797,-0.44
3204.0,0.174,
5538.0,1.027,0.14
5541.0,1.089,0.14
6797.0,1.33,
5736.0,0.85,
,0.99,
4486.0,0.577,
5749.0,0.991,0.36
5849.0,1.225,0.22
5846.0,1.452,
5693.0,0.856,-0.08
5527.0,0.927,0.16
6032.0,0.935,-0.78
5790.0,0.9,-0.02
5294.0,0.694,
5201.0,0.759,-0.1
5877.0,1.18,
5479.0,0.884,0.27
,2.71,
,0.768,
3821.0,0.486,-0.28
,,
6340.0,2.265,
5910.0,0.94,-0.02
4955.0,0.72,
6246.0,1.092,0.07
5900.0,0.951,0.07
5584.0,0.911,
5716.0,0.872,-0.04
5736.0,1.043,0.04
6086.0,1.052,-0.08
5452.0,0.86,0.12
4067.0,0.53,-0.42
5730.0,0.87,-0.06
5473.0,0.87,0.04
5979.0,1.005,-0.34
5657.0,1.046,0.0
5725.0,1.064,0.18
5053.0,0.628461,0.0
5401.0,0.854,
5288.0,0.74,-0.24
3285.0,0.247331,
6379.0,1.111,-0.3
6038.0,0.922,-0.22
5274.0,0.762,-0.14
5851.0,1.03,0.0
5988.0,0.934,-0.12
6031.0,1.046,0.07
5503.0,0.862285,-0.01
4935.0,0.73,0.05
3624.15,0.459539,
4476.0,0.61,
5417.0,0.901,-0.08
4590.0,0.595,-0.64
5500.0,0.928,-0.16
6220.0,1.409,
3916.0,0.51,-0.24
5551.0,1.301,
6265.0,1.42,0.15
4838.0,0.701,-0.04
5403.0,0.85,0.0
4811.0,0.68,
5485.0,0.867,0.21
6297.0,1.031,-0.2
3502.0,0.378,-0.23
5641.0,0.831,-0.16
5396.0,0.766,-0.2
4914.0,0.763,
6322.0,1.131,-0.12
5872.0,1.153,0.1
4072.0,0.57,-0.17
5415.0,0.839164,0.03
6180.0,1.17,-0.28
6047.0,1.103,
5596.0,0.778,-0.32
5616.0,0.96,0.09
5060.0,0.801,
5741.0,1.008,-0.38
5521.0,2.336,0.29
2850.0,0.1556,-0.028
5523.0,0.832,-0.02
6053.0,1.277,-0.1
5770.0,0.86,
3514.0,0.328,-0.08
4427.0,0.622,-0.32
5070.0,0.78,0.05
5941.0,1.692,0.04
5613.0,1.044,0.39
5411.0,0.86,-0.01
,,
5869.0,0.911,-0.38
5416.0,0.789,
3623.0,0.348,0.068
6180.0,1.17,-0.28
5870.0,0.89,
5446.0,0.755,
3415.0,0.303,-0.46
4875.0,0.805,-0.03
5660.0,1.104,0.18
4133.4,0.759375,
5705.0,0.932487,-0.01
4871.0,0.72,-0.13
6293.0,1.682,-0.3
4373.0,0.674,0.03
5674.0,1.05,
5881.0,1.029,-0.16
3643.0,0.501,-0.12
3761.0,0.513,
4549.0,0.652,-0.2
5688.0,0.998,0.42
5074.0,0.863,0.16
5853.0,1.007,0.18
6086.0,1.092,-0.14
4397.0,0.577,-0.58
6282.0,1.549,-0.4
6680.0,1.77,0.05
4669.0,0.782888,
4958.0,0.75,-0.06
4230.0,0.709,
5322.0,0.85,0.08
5433.0,0.869,
5387.0,0.940037,
5520.0,1.11,
4799.0,0.627,
6103.0,0.949,-0.2
5402.0,0.863,0.18
5539.0,0.949,
6140.0,1.277,0.0
4663.0,0.638,
5591.0,0.86,0.07
5847.0,0.959,
5527.0,0.866,-0.18
6084.0,1.46,
6543.0,1.09,-0.34
3883.0,0.598175,
4591.0,0.709,0.0
5803.0,0.89,
,,
4868.0,0.743,
3887.0,0.48,-0.36
4236.0,0.74,
5776.0,0.95,0.21
5226.0,0.818,0.06
6217.0,0.989,-0.22
6167.0,1.221,0.12
6138.0,1.25,
5600.0,0.93,0.12
,1.361,
3726.0,0.47,-0.12
,,
4940.0,0.73,-0.16
6444.0,0.956,-0.5
6090.0,3.21,-0.17
5225.0,0.815,
5708.0,1.12,
5751.0,1.43,
5224.0,0.834,
5244.0,0.888,0.02
5932.0,1.68,0.18
5750.0,0.94,
5961.0,1.09,0.0
4137.0,0.612,0.0
6206.0,1.166,
3459.0,0.421,-0.07
3968.0,0.548,-0.14
4879.0,1.21163,
5289.0,0.838,-0.18
6043.0,0.999,-0.04
6092.0,1.314,
6449.0,1.991,
6163.0,1.406,-0.06
6484.0,1.173,-0.08
,,
3896.0,0.52,-0.2
5849.0,1.601,0.14
4067.0,0.53,-0.42
3240.0,0.27,
5911.0,1.626,-0.2
6052.0,1.028,-0.12
6011.66,1.14165,
,0.553,
5467.0,1.152,0.14
6015.0,1.185,0.1
,1.572,
5949.0,0.937,-0.1
5201.0,0.8,-0.06
5726.0,1.38708,
4406.0,0.77,
5574.0,0.94,
3803.0,0.439,-0.43
5569.0,0.868889,-0.06
5753.0,1.189232,0.13
5735.0,1.028,-0.2
,0.928,
5910.0,1.79,0.22
6325.0,1.112,-0.04
5783.0,0.86,-0.34
6241.0,1.6131,-0.095
5123.0,0.79,0.03
5535.0,0.93,0.12
5332.0,1.453,0.18
5803.0,0.91,
5278.0,0.83,
5887.0,1.041,
5834.0,1.11,0.24
5571.0,0.9,-0.01
6140.0,1.158,0.12
5643.0,0.765,
5972.0,1.09,
5098.0,0.794,
4978.0,0.808,0.07
6167.0,1.064,0.07
5465.0,0.925,0.02
5758.0,1.12,
6484.0,1.173,-0.08
5158.0,0.7847,-0.002
6380.0,1.29,0.2
5825.0,1.003,-0.22
5700.0,1.646,
5845.0,0.874,-0.16
5105.0,2.90324,
5802.0,1.368,0.326
6438.0,1.3,
5534.0,0.796,-0.22
5586.0,0.93,0.01
4256.0,0.554,
,,
5652.0,0.93,
5638.0,0.928,-0.42
5591.0,0.85,
6350.0,1.439,-0.32
5816.0,1.152,0.01
6563.0,1.54,0.03
5904.34,1.81719,0.1381
5739.0,0.928,-0.02
5785.0,0.9356,-0.193
5501.0,0.951,
5254.0,1.514,0.21
,1.1,
4812.0,0.755,0.02
6550.0,1.38,
,,
5165.0,0.8,0.09
5377.0,0.91,0.04
5618.0,0.811,-0.22
5918.0,1.079,0.32
4550.0,0.66,-0.18
5455.0,0.909,-0.2
5166.0,0.678,-0.42
5698.0,1.07,
6108.0,1.03,0.07
4441.0,0.546,-0.86
3709.0,0.469,0.0
6224.0,1.083,-0.06
3635.0,0.41,-0.2
5774.0,0.941,0.12
5805.0,1.0,-0.13
6673.0,1.69,
4908.0,0.736,
5732.0,0.968,0.14
5025.77,0.801736,
3792.0,0.614823,
5094.0,0.644,-0.58
,0.584,
6056.0,2.562,0.26
4540.0,0.678,0.04
6157.0,1.33,-0.08
4349.0,0.678,
6848.0,1.51554,
6145.0,1.472,0.04
5356.0,1.055,0.2
5816.0,1.02,0.03
5962.7,1.15,
6149.0,1.21,0.24
5942.0,0.938,-0.06
5439.0,1.233,
6119.0,1.09,-0.06
5730.0,0.888,-0.3
5002.0,2.83,
5475.0,0.982,0.24
5645.0,1.103,0.23
5248.0,0.83,
5580.0,0.886,0.14
6220.0,1.443,0.13
5830.0,0.876,-0.14
6007.0,0.998,0.02
5654.0,1.548,0.22
6084.0,1.04,
5529.0,1.025,0.162
5825.0,1.49,0.02
5639.0,1.12141,
,1.33,
3584.0,0.45,0.0
3682.0,0.44,-0.11
3505.0,0.337,-0.12
6011.95,2.31084,
5578.0,0.757,-0.52
5099.0,0.76,-0.12
6040.0,1.157,-0.14
4652.0,0.697,0.02
6013.0,1.03,
5771.0,1.382,-0.3
5969.0,1.709,
4766.0,0.753,
5819.0,1.111,-0.02
5577.0,1.03,
6388.0,1.209,0.02
5862.0,0.931,-0.14
4703.0,0.701,-0.14
,0.98,
5509.0,0.92,
4482.0,0.597,
5656.0,1.077,
5043.0,0.758046,-0.14
5607.0,0.863,-0.04
5509.61,0.939951,
5883.0,1.03,-0.14
6395.0,1.186,0.02
3998.0,0.911,-0.08
4812.0,0.755,0.02
6354.0,1.258,0.025
4326.0,0.67,
,1.403,
5755.0,1.361,-0.52
5695.0,0.872,-0.02
6043.0,1.12,
6197.21,1.64162,0.1278
5727.0,0.96,0.0
6312.0,1.259,-0.2
6490.0,2.18,0.12
4945.0,0.75,-0.05
5600.0,1.02095,
5359.0,0.889,-0.04
5141.0,0.861,0.07
6517.0,1.159,-0.14
6337.0,1.198,0.21
5853.0,0.895,-0.1
5238.0,0.851,-0.08
5711.85,1.08,
7115.0,2.08,0.06
3761.0,0.46,-0.21
6150.0,1.606,-0.04
6224.0,1.083,-0.06
5121.0,0.749,0.11
5675.0,1.819,
5845.9,0.96,
5706.0,0.9,
6647.0,1.7,
5159.0,3.062,-0.04
5955.0,1.053,-0.26
6225.0,1.009,-0.18
6086.0,1.111,0.06
5348.0,0.94,-0.15
4988.0,0.686,
5969.0,1.298,
5211.0,0.832,-0.04
5855.0,1.268,0.04
6292.0,1.08,
5263.0,0.681111,-0.59
6115.0,1.09,
5980.0,1.16,
5007.0,0.748,0.01
5769.0,1.212,
5805.0,0.9573,0.075
5596.0,1.145,0.14
6089.0,0.97,
5616.0,0.93,0.01
6478.0,1.402,-0.28
5343.0,0.809,0.06
5851.0,1.411,0.27
5670.0,1.317,0.33
5730.0,1.378,
6021.0,0.94,
5638.0,0.903,0.14
5672.0,0.754,-0.52
4955.0,0.693,
4955.0,0.693,
6003.0,1.109,-0.38
5994.0,1.08,
,0.648,
5386.0,0.793,-0.2
3804.0,0.44,-0.43
5208.0,0.786,
6169.0,1.117,-0.08
5834.0,1.433,-0.04
4081.0,0.527,
5972.0,1.21,
6391.0,1.332,-0.22
4339.0,0.65,0.02
5529.0,0.937,
5774.0,0.941,0.12
6386.0,1.48,0.05
6057.0,1.11,-0.12
5800.0,1.01,0.03
5174.0,0.78,
5821.0,1.395,0.12
6820.0,1.833,0.074
5339.0,0.847,0.18
5381.0,0.903,
5180.0,0.769,0.0
4709.0,0.648,
,,
5970.0,0.79,0.0
5664.0,1.054,-0.34
5282.0,0.852,0.069
5314.0,0.76,-0.19
5819.72,1.05464,
5610.0,1.65,
4316.0,0.662,-0.23
5746.0,0.921,-0.4
6165.0,1.383,
4262.0,0.556,
5700.0,0.991,-0.1
6215.0,0.957,-0.3
5590.0,0.906429,0.08
5510.0,1.05,0.29
5957.0,0.937,-0.08
5736.0,1.008,0.34
5623.0,1.752,-0.11
5914.0,1.488,
5997.0,1.574,-0.04
6022.0,1.111,
5323.0,0.846,
6099.0,1.557,0.04
5527.0,1.054,0.26
5013.0,0.657,-0.54
5698.0,0.9536,-0.064
5548.0,0.729,-0.54
5324.0,0.84,0.02
,,
5410.0,0.93,
6071.0,1.107,-0.14
6108.0,1.03,0.07
5275.0,0.845,-0.02
,0.802,
4845.0,0.714,-0.04
6334.0,1.037,-0.32
5649.18,,-0.1651
4252.0,0.65,
5360.0,0.834,
,,0.02
,0.758,
5862.0,1.15,
6184.0,1.038,-0.06
5674.0,1.032,0.48
5934.0,0.91,
5228.0,0.842,
3326.0,0.404,
4987.0,0.768,0.12
5703.0,1.15986,
5918.0,0.976,
5266.0,0.85,0.21
5509.0,0.89,0.02
3769.0,0.51,
6046.0,1.007,0.07
5565.0,1.246,0.32
6061.0,0.97,-0.1
6152.0,1.568,
5627.0,0.808,-0.24
5686.0,1.04,
5825.0,1.49,0.02
5778.0,1.332,0.4
,0.646,
5008.0,0.788,0.18
6287.0,1.13,-0.28
6110.0,2.011,0.06
5597.0,0.9,-0.06
4808.0,0.73,0.02
6244.0,1.017,-0.18
5926.0,0.887,-0.2
6362.0,1.144,0.07
5987.0,1.316,
5999.0,0.97,
6173.0,1.108,0.21
5052.0,0.816,0.02
5754.0,1.687,0.1
,1.94,
5565.0,1.04,
5579.0,1.597,
6061.0,1.57,0.1
6367.0,1.69,-0.14
5757.0,1.1,0.28
5808.0,1.385,0.14
4935.0,0.82,
3711.0,0.541,-0.11
5103.0,0.787,0.04
6060.0,0.925,-0.22
5700.0,1.455,-0.36
6319.0,1.358,
5656.0,1.073,
5603.0,0.82,
5080.0,0.898,0.31
6250.0,1.7,0.19
6318.0,1.434,0.12
5496.0,0.981,0.06
5005.0,3.082,
6264.0,2.71,
5296.0,0.852,0.3
5695.0,0.872,-0.02
5833.0,1.03,0.02
,0.6867,
5173.0,0.939,0.26
,0.801,
5938.0,1.57,
,0.52,-0.13
5779.0,2.142,-0.32
5611.0,1.4,0.16
6236.0,1.346,
6075.0,1.235,
5180.0,0.8,0.0
6382.0,2.274,-0.84
5700.0,1.006,0.16
5463.0,0.8,
4790.0,4.2,0.42
,,
3951.0,0.535,-0.16
6040.0,1.686,-0.44
6107.0,1.317,-0.02
6461.0,1.95,-0.14
6080.0,1.2,-0.12
6264.0,1.019,-0.24
5094.0,0.791,0.21
5401.0,0.777,-0.16
5498.0,0.913,0.1
6335.0,1.147,
5326.0,0.832,-0.41
5098.0,0.78,-0.02
5578.0,0.757,-0.52
5718.0,0.860124,
5465.0,0.925,0.02
5139.0,0.765,
3861.0,0.5776,
5202.0,0.78,-0.07
3834.0,0.490737,
5878.0,1.041,-0.24
4048.0,0.524,
5858.0,0.89,
5067.0,0.821,0.08
5609.0,0.755,-0.42
5554.0,0.803,
6102.0,0.97,
5413.0,0.757,
5900.0,0.951,-0.26
5103.0,0.787,0.04
4425.0,0.67,0.02
5004.0,0.73,
4598.0,0.7,0.13
5118.0,0.801,0.4
5745.0,3.955,0.4
4204.0,0.52,
5046.0,0.732,
5447.0,4.001,-0.22
5793.0,0.87,
5541.0,0.823,
3893.0,0.52,-0.15
5731.0,1.001,0.19
6223.0,1.19,0.14
3964.0,0.53,-0.25
5303.0,0.817,0.0
5511.0,0.87,0.1
5132.0,0.79,-0.04
5954.0,1.1,0.07
5121.0,0.809,
4441.0,0.646851,-0.14
4984.0,0.934977,
6277.0,1.161,0.21
,,
6170.0,0.992,-0.16
4628.0,0.707,0.18
4910.0,0.8,0.2
4954.0,0.719,
5937.0,0.832,-0.4
4042.0,0.523,
4781.0,0.697,0.02
5853.0,1.007,0.18
5776.0,0.726,-0.72
5115.0,0.854,0.08
3514.0,0.42,0.17
5239.0,0.785,0.0
5616.0,0.988,-0.04
6170.0,0.992,-0.16
6086.0,1.111,0.06
5815.0,0.992,0.12
6850.0,1.83,0.0
6167.0,1.064,0.07
5875.0,1.595,
,0.71,
4221.54,0.794584,
5379.0,0.76,
4935.0,0.719,
5497.0,0.9785,0.297
6351.0,1.404,-0.157
5417.0,0.772,-0.32
6158.0,1.0,
4925.0,0.64,-0.37
6820.0,1.5,
5575.0,0.932,0.36
4478.0,0.651,-0.22
6086.0,1.216,-0.16
5923.0,1.02,-0.08
5280.0,0.751,-0.42
5296.0,0.859,
5949.0,0.962,0.0
3713.0,0.47,-0.12
5692.0,1.017,
5299.0,0.74,
5166.0,0.678,-0.42
3446.0,0.38,0.1
5959.0,0.966,-0.16
5759.0,2.127,0.3
6012.0,1.16,0.08
5716.0,1.28,-0.378
3359.0,0.217,
6020.0,0.829,-0.48
6272.0,1.42,
5325.0,0.975,0.12
5244.0,1.56,0.12
5416.0,0.88,0.08
4250.0,0.691028,
5821.0,1.085,-0.02
5878.0,0.998,-0.02
5782.0,1.084,-0.034
3950.0,0.518,-0.21
3497.0,0.232,
3157.0,0.18,0.26
,1.69,
5121.0,0.762,-0.26
,,
5917.0,1.269,
5413.0,0.865,-0.02
5250.0,1.717458,-0.09
5741.0,0.993,
4904.0,0.772,0.0
5726.0,1.058,-0.238
6174.0,1.302,-0.0731
5497.0,1.052,0.36
4775.0,0.664,
6038.0,1.088,-0.24
5976.0,0.93,
6031.0,0.991,
4780.0,0.695,0.31
5912.0,1.094,-0.14
6010.0,1.38,-0.32
6402.0,1.132,
6109.0,1.029,0.0
5475.0,0.97,
5739.0,0.921,-0.32
6071.0,1.91031,
,,
5264.0,0.76,
5189.0,0.765,-0.06
6160.0,2.046,0.24
5248.0,0.813,0.04
5557.0,1.151,0.14
6063.0,1.191,-0.14
5828.0,1.068,
6181.0,1.331,-0.02
5788.0,1.17,
6299.0,1.167,0.21
4913.0,0.74,-0.03
,1.735,
5986.0,1.404,
6184.0,1.42864,
5666.0,0.897,-0.27
5356.0,1.055,0.2
5657.0,1.046,0.0
4799.0,0.692,-0.02
5105.0,0.794,
6039.0,1.11,-0.07
4831.0,0.724,-0.14
6779.0,1.27,
6428.0,1.156,-0.1
3587.0,0.41,-0.1
5922.0,1.143,0.11
5100.0,0.748,
5646.0,0.94,0.02
5370.0,1.065,0.05
5231.0,0.9,0.14
5755.0,0.99,0.03
6075.0,0.969,-0.12
7394.0,1.926,-0.069
5214.0,0.82,0.07
6412.0,1.04,-0.3
,0.653,
,0.731,
5043.0,0.881,0.3
5501.0,0.918,0.02
5435.0,0.881,
5047.0,0.78,0.01
5194.0,0.764,0.18
6004.0,0.977,-0.02
,0.89,
6280.0,1.698,-0.18
5166.0,0.74,
5941.0,0.885,-0.22
5106.0,0.803,-0.08
5896.0,0.914,-0.1
4665.0,0.677,0.06
5296.0,0.852,0.3
5793.0,1.243,0.12
3876.0,0.632571,
5674.0,1.032,0.48
5884.0,1.07,0.16
6513.0,1.104,-0.28
6121.0,1.291,
5130.0,0.756,-0.12
4514.0,0.639,-0.2
6438.0,1.68054,
3887.0,0.48,-0.36
5800.0,1.095,0.0
,1.735,
6528.0,1.155,-0.16
4792.0,0.801,0.35
6291.0,2.0626,
5075.0,0.78,-0.01
6167.0,1.064,0.07
6163.0,1.27,0.07
5931.0,1.101,-0.24
5282.0,0.81,-0.07
5310.0,0.91,0.24
5784.0,1.085,0.0
5714.0,1.09,
5247.0,0.83,0.08
6415.0,1.224,0.21
4041.0,0.569,-0.19
6134.0,0.97,
5786.0,1.491,
4986.0,0.723,-0.12
5212.0,0.781,
5870.0,1.243,-0.22
,,
5829.0,1.04,0.03
6528.0,1.155,-0.16
3816.0,0.51,-0.05
6089.0,1.19,-0.12
5900.0,0.951,0.07
4386.0,0.63,-0.26
5080.0,0.793,0.0
,1.092,
5130.0,0.88,0.15
3566.0,0.426465,
5720.0,1.146,0.13
6314.0,1.43,
3884.0,0.606,
5711.0,0.93,
5752.0,1.072,
4187.0,0.57,-0.32
4812.0,0.755,0.02
5780.0,0.99,0.0
5854.0,2.192,0.31
4098.0,0.531,
5815.0,0.877,-0.12
3698.0,0.444,-0.2
6765.0,1.439,0.21
3581.0,0.44,0.14
6052.0,1.08,0.12
5444.0,0.88,0.0
5297.0,0.825,0.21
6063.0,1.012,0.07
6260.0,1.235,
6457.0,1.5,
5803.0,0.91,
5615.0,0.87,-0.32
4709.0,0.685,-0.08
4374.0,0.49,-0.95
4861.0,0.725,
4987.0,0.712,
5746.0,1.697,0.196
6388.0,1.037,-0.28
5936.0,0.965,0.07
5502.0,0.68,
5918.0,1.068,-0.22
5655.0,0.845,-0.2
,0.852,
5644.0,0.967,
6430.0,1.673,-0.06
6900.0,2.0,-0.03
4841.0,0.779,0.1
5773.0,0.98,-0.15
6282.0,2.027,0.22
5192.0,1.593,0.14
5058.0,0.69,
5403.0,0.925,0.43
3459.0,0.421,-0.07
5860.0,1.11,0.12
6197.21,1.64162,0.1278
5516.0,0.818,-0.14
5697.0,1.639,
5381.0,0.856,
5841.0,0.931,0.07
5046.0,0.705,
5861.98,1.53278,-0.112
5071.0,0.788,0.16
5274.0,0.762,-0.14
5911.0,1.626,-0.2
5261.0,0.81,-0.06
4722.0,0.819,
3843.0,0.54,0.03
5898.0,1.774,
5313.0,1.501,0.12
6075.0,0.969,-0.12
5286.0,0.85,0.16
6245.0,0.981,-0.3
6347.0,1.42,-0.06
5467.0,0.808,-0.08
4141.0,0.592,-0.22
,,
5993.0,1.087,-0.14
6170.0,0.992,-0.16
5377.0,0.814,0.07
5884.0,0.966,0.21
5282.0,0.852,0.069
,,
4985.0,0.744,-0.2
6212.0,0.945,-0.82
5818.0,0.99,-0.04
6115.0,1.467,
4621.0,0.668,-0.24
6120.0,1.23,0.08
5803.0,1.073,-0.08
5029.0,1.103,
6034.0,1.28427,
5445.0,0.937,0.16
5497.0,0.909,0.36
5759.0,1.53,
5385.0,0.978,
5870.0,0.867,-0.2
5445.0,0.937,0.16
5288.0,0.74,-0.24
5441.0,0.86,-0.01
6170.0,1.34,
6028.0,1.022,-0.14
5074.0,3.497,0.12
6186.0,1.421,
4638.0,0.71,0.07
5073.0,0.853,0.14
5966.0,0.961,-0.02
4484.0,0.594,-0.56
5851.0,0.918,-0.04
5857.0,1.364,0.26
3909.0,0.565,
3526.0,0.383,-0.08
5845.0,0.874,-0.16
6300.0,2.419,0.12
5619.0,1.633,0.4
6308.0,1.153,-0.08
5324.0,0.791,-0.04
5943.0,0.854,
5117.0,0.79,0.03
3761.0,0.46,-0.21
5172.0,0.873,
5788.0,0.935,0.07
6095.0,1.038,-0.22
6100.0,1.083,-0.12
5523.0,0.832,-0.02
6124.0,1.007,-0.34
5055.0,0.731,
3761.0,0.46,-0.21
4908.0,0.736,
3504.0,0.49,
5731.0,1.063,
5376.0,0.806,-0.02
6046.0,0.972,-0.08
4430.0,0.66,0.02
4668.0,0.667,
5330.0,0.718,-0.4
6111.0,1.2,0.03
6248.0,0.886,-0.5
4931.0,3.14,
5441.0,0.923,
4854.0,1.749,0.56
,,
4104.0,19.2,
6505.0,1.163,-0.12
4518.0,0.653,-0.24
5497.0,0.9,-0.28
5830.0,0.876,-0.14
6070.0,1.431,-0.08
4591.0,0.66,
5520.0,0.992,0.36
5156.0,0.81,0.07
5720.0,0.903,-0.22
5950.0,1.81,
6330.0,1.07,
5678.0,0.921,-0.4
,0.553,
3561.0,0.411,0.0
6201.0,0.989,-0.2
5927.0,1.193,0.16
6070.0,1.186,
5120.0,0.716,-0.24
6501.0,1.74836,
5343.0,2.506,0.08
5810.0,0.87,
5496.0,0.9,0.06
6109.0,1.179,-0.08
5596.0,0.778,-0.32
5700.0,0.93,
6522.0,1.215,-0.22
5627.0,0.815,-0.48
5792.0,0.96,-0.12
5105.0,0.794,
5878.0,1.041,-0.24
4854.0,1.749,0.56
5599.0,1.03,0.23
4367.0,0.452,-1.46
5162.0,0.736,-0.18
5417.0,1.066,0.12
5403.0,0.81,-0.18
5646.0,0.817,-0.28
5720.0,0.92,0.12
5141.0,0.861,0.07
5435.0,0.725,-0.44
5853.0,0.895,-0.1
6174.0,1.302,-0.0731
5847.0,0.968,
5559.0,0.919,0.23
5566.0,0.91,0.03
4504.0,0.623,
3266.0,0.425,0.357
5980.0,1.16,
6781.0,1.067,-0.58
6223.0,1.31,0.0
5058.0,0.737,-0.18
5783.54,0.974669,
6272.0,1.386,
5845.0,1.314,-0.02
5622.0,1.055,0.454
5173.0,0.939,0.26
5500.0,0.682,-0.82
6011.0,1.38,
5768.0,1.015,0.14
4473.0,0.594,
5478.0,0.855,-0.17
5889.0,0.92,
6106.0,0.98,
,0.948,
6389.0,1.343,
6119.0,0.98,
,0.663,
6243.0,1.03,
6217.0,1.247,-0.32
4864.0,0.785799,
6063.0,1.012,0.07
5858.0,0.963,0.1
6341.0,1.35,0.01
6100.0,0.963,-0.36
5681.0,0.923,0.21
5541.0,0.971,
5088.0,0.757,0.2
3591.0,0.41,-0.1
6341.0,1.76,0.09
5108.0,1.726,-0.02
5159.0,0.8,-0.16
5861.98,1.53278,-0.112
3705.0,0.544,
6202.0,1.072,-0.12
3517.0,0.37,-0.07
5493.0,0.79,
5000.0,0.79,0.03
3788.0,0.472,-0.28
5108.0,0.76,-0.12
6058.0,1.88,
6389.0,1.343,
5672.0,0.929,0.14
5587.0,1.423,-0.1
,,
3538.0,0.50843,
5911.0,0.914,-0.1
6196.0,1.024,
5415.0,0.9361,0.191
5092.0,0.743,
5629.0,1.0,-0.08
4259.0,0.534,
5483.0,0.886,0.28
5634.0,1.02,
6391.0,1.332,-0.22
5718.0,0.860124,
4422.0,0.67,-0.02
6092.0,0.998,-0.06
5300.0,0.75,
5483.74,1.04426,
4500.0,0.688,0.28
5946.0,1.779,
4045.0,0.515,-0.48
5857.0,1.487,0.17
5763.0,1.374,0.16
6444.0,0.956,-0.5
5632.0,0.904,0.21
5725.0,1.392,0.187
4345.0,0.521,-0.86
5860.0,1.074,0.23
3865.0,0.6103,0.549
5456.0,0.812,-0.1
5796.0,0.87,
4798.0,0.71,-0.08
5854.0,2.192,0.31
5580.0,0.863,
3506.0,0.378,-0.2
5739.0,1.384,0.3
3724.0,0.57,0.2
3903.0,0.523,-0.2
4623.0,0.698,-0.06
5750.0,1.08,0.0
5120.0,0.853,0.07
6200.0,1.92,0.14
5821.0,1.0,-0.03
5076.0,0.777,
5597.0,1.699,-0.18
5312.0,0.986,0.16
6299.0,1.167,0.21
6103.0,0.97,
6184.0,0.959,-0.26
6197.0,1.06,-0.3
5369.46,0.786574,
6051.0,1.15,0.03
7358.0,4.037,-0.08
4665.0,0.677,0.06
6060.0,0.925,-0.22
5441.0,0.87,
5591.0,0.86,0.07
5858.0,0.963,0.1
5166.0,0.82,0.07
5646.0,0.932,0.12
3837.0,0.541,
6120.0,2.0,0.02
5497.0,1.046,0.38
5708.0,1.065,-0.15
6063.0,1.001,-0.02
5115.0,0.854,0.08
4725.0,0.687,
5275.0,0.969,0.18
3300.0,0.256456,
3770.0,0.517,
,,
5561.0,1.06,0.16
6273.0,1.139,-0.06
5567.0,0.917,
5500.0,0.682,-0.82
5130.0,0.837,0.48
5479.3,2.48771,
5889.0,0.92,
5433.0,0.942,
5858.0,0.963,0.1
5854.0,2.192,0.31
4072.0,0.526,
5718.0,0.95,-0.03
6148.0,1.217,-0.04
5694.11,0.902932,
5806.0,0.854,-0.2
5871.0,0.945,-0.11
6039.0,1.11,-0.07
5356.3,0.863,0.14
6127.0,1.08,-0.3
6273.0,1.139,-0.06
6453.0,1.31,
5636.0,1.354,0.42
5501.0,0.747,-0.48
3630.0,0.456,
4208.0,0.67,
4701.0,0.645,
3899.0,0.529,-0.2
5627.0,1.07,0.081
4246.0,0.552,
5251.0,0.84,
4815.0,0.699,0.07
5543.0,0.887,0.21
4934.0,1.756,0.28
6028.0,1.022,-0.14
5013.0,0.696,
5704.0,1.478,
6182.0,1.27,0.05
5661.0,1.655,0.39
6230.0,2.02,0.22
5941.0,0.911,-0.14
5759.0,1.101,0.05
6120.0,1.446,0.0
4354.0,0.571,
6004.0,1.12,-0.38
5620.0,0.99,
6010.0,1.318,
5885.0,0.9,
3912.0,0.63,
4255.0,0.554,
,1.339,0.24
6260.0,1.063,-0.08
5496.0,1.75896,
5180.0,0.742,-0.4
5553.0,1.098,0.16
5598.0,0.901,0.04
6409.0,1.622,-0.22
5595.0,1.001,
3944.0,0.51,-0.36
6137.0,1.09,
7500.0,1.57,0.05
4142.0,0.536,
5440.0,0.885,-0.24
6080.0,1.2,-0.12
6222.0,1.058,
5500.0,0.94,0.02
5123.0,0.935,0.32
5036.0,0.834,
3568.0,0.42,0.02
5717.0,0.884,0.0
5733.0,0.997,0.07
5560.0,1.21,0.14
6296.0,1.006,-0.26
6010.0,1.037,-0.16
5587.0,1.309,0.14
5374.0,0.721,-0.68
5740.0,0.86,
5037.0,0.726,
5989.0,0.994,0.03
6169.1,2.68,
4237.0,0.551,
4257.0,0.602,-0.3
5836.0,1.064,
5889.0,4.912,0.28
6165.0,1.355,
4369.0,0.66,
4132.0,0.554,-0.38
5378.0,0.732,-0.44
5903.0,1.156,-0.1
6053.0,1.293,
,,
5147.0,0.743,
6065.0,1.36,
5614.0,0.827,-0.14
5262.0,0.83,
6193.0,1.28,0.0
6463.0,1.447,0.09
5854.0,1.447,0.321
6050.0,1.3844,0.34
6353.0,1.139,-0.14
5059.0,0.733,-0.114
4634.0,0.7,-0.03
,0.7,
5308.0,0.81,-0.08
6313.0,1.122,-0.12
5466.0,0.946,-0.12
6182.0,1.52,0.0228
3459.0,0.421,-0.07
4908.0,0.781,
5788.0,0.91,
6092.0,0.998,-0.06
5860.0,1.046,-0.09
5610.0,0.907682,
3834.0,0.48,-0.25
5701.0,1.69,
3698.0,0.444,-0.2
5351.0,0.796,-0.04
4963.0,0.826,0.16
5988.0,0.934,-0.12
5607.0,0.754,
5547.0,0.905,0.12
6150.0,1.248,0.0
5588.0,1.8,
3349.0,0.388609,
6145.0,1.289,0.119
4892.0,0.742779,
6125.0,1.194,
6046.0,0.972,-0.08
5090.0,2.691,0.15
5634.0,1.823,
,0.774,
5203.0,0.865,0.22
6234.0,1.32,
5772.0,0.979,
3412.0,0.314,-0.5
5523.0,0.946,0.02
5130.0,0.8,0.05
5029.0,0.93,0.48
5508.0,0.887,
6112.0,2.166,-0.06
6052.0,1.25,
,,
5838.0,0.897,-0.08
6064.0,0.96,
4499.0,0.639,-0.26
4817.0,0.73,0.05
5611.0,1.791,0.02
5825.0,1.003,-0.22
6474.0,1.403,-0.3
5905.0,1.2,-0.26
3894.0,0.5,-0.28
6282.4,1.99207,
,0.8,
4850.0,0.686,
5642.0,0.979,-0.27
6007.0,1.11,0.01
,0.727,
3412.0,0.314,-0.5
3705.0,0.5,
6177.0,1.359,
5526.0,0.8,
5840.0,0.97,
6308.31,1.2845,
5914.0,1.00826,
5427.9,0.91,
5614.0,0.827,-0.14
4799.0,1.818,0.56
5326.0,0.832,-0.41
5567.0,1.7031,0.405
5411.0,1.06,
5679.0,1.035,
5170.0,0.864,
6085.0,1.005,-0.3
5969.0,0.94,
3655.0,0.455,
5613.0,1.063,
5745.0,3.955,0.4
5041.0,0.766,0.02
6254.0,1.281,-0.278
5688.0,0.971,-0.12
5258.0,0.793,0.04
5739.0,1.183,0.4
3706.0,0.522,0.26
6403.0,2.42,0.04
5094.0,0.807,
5975.0,0.9,-0.44
5600.0,0.945,0.17
5750.0,0.979,0.21
5284.0,0.76,
5888.0,1.097,-0.1
5238.0,0.752,-0.16
5665.0,0.764,-0.58
5642.0,0.98,0.04
6314.0,1.09,
6554.0,1.798,
6441.0,1.84,0.15
6781.0,1.067,-0.58
5675.0,0.98,
6239.0,1.358,-0.14
6572.0,1.621,0.0
5649.0,1.055,0.48
5005.0,0.765,0.14
5149.0,0.93,0.42
5017.0,1.71,0.2
5997.0,1.11,0.02
6716.0,1.34,
5501.0,0.906,-0.4
5649.0,0.797,-0.3
5711.17,0.990833,0.018
5626.0,0.815,
5791.0,1.085,
6200.0,1.448,-0.1
5070.0,0.779,-0.042
4407.0,0.67,0.03
5234.0,0.943,0.31
4723.0,0.706,-0.01
3366.0,0.335,-0.02
3810.0,0.52,-0.02
5858.0,0.963,0.1
5912.0,1.701,
3903.0,0.54,-0.07
4613.0,0.647,
5648.0,1.583,0.44
5783.0,0.86,-0.34
5749.0,0.982,-0.18
5602.0,1.009,0.1
6337.0,1.16,
5708.0,1.12,
5298.0,0.83,-0.01
6150.0,1.094,-0.29
3880.0,0.49,-0.28
4960.0,0.748,-0.46
5253.0,2.271,-0.03
6322.0,1.131,-0.12
5198.0,0.772,
5207.0,0.725,-0.32
5757.0,1.483,
6160.0,1.23,0.03
6080.0,1.18,0.05
5343.0,0.809,0.06
,0.817,
5644.0,1.411,0.3
5772.0,1.003,-0.38
5843.0,1.615,0.14
6119.0,1.105,
5468.73,1.05,
5655.0,0.845,-0.2
5185.0,0.87,0.27
6208.0,1.009,-0.16
3996.0,0.495,-0.51
5882.0,1.019,
6150.0,1.263,
6169.0,1.4,0.02
4988.0,0.858,
5289.0,0.84,
5784.0,0.98083,0.06
6117.21,2.21562,0.1436
,,
,1.03,
5659.0,1.626,0.2
5549.0,0.732,-0.54
5888.0,1.961,0.21
,0.577,
4838.0,0.796,0.18
5300.0,0.849,-0.16
5294.0,0.761,-0.16
5466.0,0.944,0.02
5359.0,0.951815,
,1.593,
5757.0,1.1,0.28
5409.0,0.83,-0.11
3996.0,0.646,0.14
6594.0,1.49,
5984.0,1.536,0.34
5843.0,0.742,-0.7
4361.0,0.687025,
6325.0,1.518,0.16
3887.0,0.48,-0.36
6311.0,1.994,0.18
6712.0,1.525,-0.06
3721.0,0.52,0.19
5817.0,0.962,0.14
5499.0,0.8521,-0.049
5194.0,0.82,0.09
5884.0,1.127,-0.22
,,
6115.5,1.22,
5174.0,0.76,
6185.0,1.087,-0.12
5476.0,1.144,0.37
4906.0,0.75,0.05
6215.0,1.259,0.08
,1.33,
3681.0,0.512,0.07
5849.0,0.919,-0.02
5687.0,1.034,
6070.0,1.36,0.15
4450.0,0.707,0.14
6080.6,1.99793,-0.0014
6303.0,1.06,-0.24
4645.0,0.776,0.02
6004.0,1.12,-0.38
5582.0,1.038,-0.02
5678.0,1.071,0.28
5659.0,1.03997,
6206.0,1.433,
5300.0,0.849,-0.16
5806.0,0.899,-0.04
4806.0,0.72,0.0
5790.0,1.269,
5456.0,2.154,-0.24
5035.0,0.791,-0.06
5886.0,1.58,
5660.0,0.877,-0.28
5988.0,0.934,-0.12
,2.286,
3386.0,0.38,-0.17
5304.91,0.939285,
6277.0,1.031,-0.18
5959.0,0.966,-0.16
4966.0,3.015,0.07
3800.0,0.546506,
4213.0,0.63,
5095.0,0.771,-0.2
4347.0,0.63,-0.14
5999.0,0.959,-0.06
6075.0,1.235,
3682.0,0.48,
4540.0,0.678,0.04
5203.0,0.774,0.0
4208.0,0.549,
5850.0,1.04,0.14
4075.0,0.6,-0.02
5758.0,1.385,0.12
5416.0,0.99,0.26
5094.0,0.901,0.26
6031.0,0.949,
5180.0,0.692,-0.38
5937.0,0.832,-0.4
3880.0,0.592,-0.02
5952.0,1.323,-0.08
5850.0,0.785,-0.52
5430.0,0.89,
6170.0,1.22,
4832.0,0.741,0.08
5325.0,0.863,0.36
5706.0,1.034,0.0
6074.0,1.16,0.02
5178.0,0.737,
5900.0,0.929,-0.1
3593.0,0.491,0.26
5612.0,0.82,
5963.0,1.03,
5273.0,0.839,
4640.0,0.695,0.003
6037.0,1.128,
4818.0,0.618,-0.68
4518.0,0.653,-0.24
4731.0,0.687,
4386.0,0.63,-0.26
5465.0,0.75,-0.34
5584.0,0.92,0.01
6250.0,1.619,0.32
5613.0,1.462,-0.4
5924.0,1.313,
5310.0,0.787,
6004.0,1.107,0.04
5672.0,1.117,0.0
5589.0,0.91,-0.02
5678.0,0.921,-0.4
5208.0,0.755,-0.32
4790.0,0.667,
4797.0,0.653,-0.46
3354.0,0.3578,0.265
6516.0,1.471,0.052
5326.0,0.877,0.051
6237.0,1.403,0.02
3898.0,0.54,-0.09
5960.0,1.06,
5313.0,0.8389,0.03
5831.0,0.921,0.0
5885.0,0.9,
6045.0,1.14,
4574.0,0.616,
3192.0,0.303138,
4918.0,0.76,
5438.0,0.92,
5665.0,0.99,
5559.0,1.412,0.14
3943.0,0.6113,0.332
5456.0,0.931,
5815.0,1.131,0.193
5284.0,0.741,-0.24
5185.0,0.781,-0.06
5795.0,0.848,-0.2
5749.0,0.982,-0.18
6245.0,0.981,-0.3
5947.0,1.483,0.07
6856.0,1.405,-0.18
5290.0,0.746,-0.22
4797.0,0.653,-0.46
5834.0,0.797,-0.5
5316.0,0.719,-0.38
5875.23,1.26,
6170.0,0.992,-0.16
6232.0,1.5,-0.03
5830.0,0.876,-0.14
6277.0,1.13,-0.18
5500.0,1.015,-0.34
6126.0,1.079,-0.3
5710.0,1.524,0.0
5902.0,1.08,0.04
6269.0,1.219,-0.04
5761.0,1.015751,0.17
5966.0,0.961,-0.02
5772.0,0.901,0.0
6174.0,2.114,0.22
4950.0,0.745,0.07
5363.0,0.76,
3436.0,0.379,
6038.0,0.922,-0.22
5058.0,0.798764,-0.37
6013.0,1.716,0.08
6089.0,1.277,0.036
5271.0,0.873,0.353
5586.0,1.079,
6485.0,1.14,
5192.0,1.593,0.14
3761.0,0.46,-0.21
6110.0,1.51,0.28
5274.0,0.762,-0.14
5929.0,1.069,0.14
6095.0,1.0,
5027.0,0.875936,
3565.0,0.512,
5947.0,1.49,0.07
5855.0,1.069,-0.2
6108.0,1.03,0.07
5857.0,0.867,-0.36
4650.0,0.688,-0.1
5185.0,0.833,0.27
5881.0,1.067,0.14
5295.0,0.8,-0.1
6004.0,1.12,-0.38
6037.0,1.927,0.01
5136.0,0.81,0.18
5858.0,1.27,
,1.7,
4350.0,0.625,-0.26
5871.0,1.43,
5278.0,0.815,0.14
5476.0,1.144,0.37
5857.0,1.02,-0.01
5127.0,0.775,0.04
6091.0,1.19,0.01
4877.0,0.77,0.26
,,
3632.0,0.38,-0.34
5454.0,0.86,
6097.0,1.242,0.04
3096.0,0.2159,-0.15
4905.0,0.682,-0.4
5529.0,0.84,
5700.0,1.14,0.01
5219.0,0.851,0.16
4850.0,0.815,0.26
5585.0,0.91,-0.38
6099.0,1.38,0.0
3805.0,0.497,-0.1
5357.0,0.789,-0.36
5790.0,1.021,0.254
4313.0,0.73,
5751.0,1.071,0.21
5465.0,0.925,0.02
5065.0,0.74,
5140.0,0.945,
5847.0,0.968,
5559.0,0.856,-0.25
5171.0,0.866,
6000.0,1.01,
5828.81,1.43728,
5659.0,1.022,
6215.0,1.02,
5406.0,0.819,0.12
5208.0,0.755,-0.32
6341.0,1.033,-0.24
5969.0,0.92,
5936.0,0.965,0.07
5900.0,1.07,-0.12
5730.0,1.04,
4040.0,0.57,-0.14
5789.0,0.907,-0.292
5780.0,1.0,
3731.0,0.433,-0.28
3996.0,0.495,-0.51
5941.0,0.885,-0.22
6122.0,0.996,-0.1
5823.0,1.523,
5694.0,0.96,0.01
4734.0,0.791,-0.27
5741.0,0.946,0.12
5770.0,0.933,0.04
5848.0,1.359,
5161.0,0.817,-0.11
,0.655,
6332.0,0.981,-0.36
3444.0,0.457,
4989.0,0.727,-0.1
5264.0,0.761,
4970.0,1.806,0.32
5911.0,1.21,0.12
5888.0,0.944,0.02
6020.0,1.085,0.0
5941.0,1.085,0.07
4977.0,1.94,
5250.0,0.963515,
5870.0,1.283,-0.36
6114.0,1.2,-0.02
5258.0,0.785,-0.32
5081.0,0.799,0.15
5776.0,0.942,-0.14
6170.0,1.35,0.0
6274.0,1.05,
5564.0,0.99,0.06
6400.0,1.56,-0.04
5750.0,0.96,0.0
6185.0,0.991,-0.18
5973.0,1.081,0.0
6200.0,1.448,-0.1
3814.0,0.57,0.24
6292.0,1.873,-0.08
,1.008,
6197.0,2.188,-0.32
5719.98,1.08102,
,,
,0.75,
6131.0,1.86,-0.15
5514.0,1.043,0.02
3410.0,0.345,0.0
5223.0,0.885,0.32
4248.0,0.614,
4096.0,0.57,-0.17
5733.0,0.855,-0.12
5514.0,0.808,-0.16
6010.0,1.13,0.03
4893.0,0.761,-0.04
,0.88,
6147.0,1.04,-0.18
6471.0,2.16,0.06
5275.0,0.787,0.0
4500.0,0.707,
4910.0,0.787,
5203.0,0.8,
6330.0,1.319,0.07
5679.0,1.035,
5771.0,0.825,-0.28
4219.0,0.622,-0.29
4303.0,0.562,
5911.0,0.914,-0.1
6178.0,2.086,0.04
6048.0,1.26,
4255.0,0.554,
5765.0,1.242,0.0
5741.0,0.833,-0.24
5625.56,0.97,
6231.0,0.955,-0.32
6360.0,1.571,
5586.0,1.079,
4790.0,4.2,0.42
5510.0,0.923,0.28
6315.0,1.07,
5919.0,0.98,
5141.0,0.861,0.07
5742.0,1.228,-0.036
3727.0,0.5,0.04
5447.0,0.88,
6099.0,1.557,0.04
5770.0,1.641,0.29
5769.0,0.98,-0.04
6207.0,1.394,
5128.0,0.782,
10170.0,2.362,-0.03
4883.0,1.667,0.56
6326.0,1.46,0.33
5153.0,0.759,-0.04
5673.0,0.891,
4939.0,0.819,0.16
5737.0,0.872,-0.06
5707.0,1.036,
3750.0,0.51,0.08
5918.0,1.043,-0.04
5513.0,0.753,-0.36
6514.0,1.15,
5481.0,1.012,
5212.0,0.728,-0.23
5642.0,0.839,
5884.0,1.127,-0.22
3420.0,0.36,-0.1
6267.0,1.09,
5827.0,0.933,-0.16
5598.0,0.83,-0.1
4953.0,0.75,
5876.0,0.983215,
3815.0,0.498,-0.2
3876.0,0.547805,
4621.0,0.668,-0.24
6210.0,1.033,-0.1
5592.0,0.93,0.03
5676.0,0.954,
6219.0,1.733,
5735.0,0.833,-0.22
5526.0,1.215,-0.29
5791.0,1.336,0.02
4882.0,0.738,-0.12
5630.0,1.052,
,,
6083.0,1.15281,
5295.0,0.949,0.33
5565.0,1.00018,
5737.0,1.21,
6109.0,1.997,0.2
5622.0,1.406,-0.4
5798.0,0.847,-0.22
3789.0,0.46,-0.34
5207.0,0.82,
6106.0,1.359,0.33
6222.0,1.33,0.1
6120.0,1.23,0.08
5535.0,1.121,
5321.0,0.858,-0.16
5522.0,0.87,-0.04
7216.0,2.043,-0.36
6905.0,1.46,
5059.0,1.03,
5632.0,0.857,-0.02
5984.0,0.906,-0.2
4679.0,0.71,0.05
5610.0,0.94,-0.19
6108.0,1.03,0.07
5807.0,1.433,
5666.0,0.84,
6063.0,1.012,0.07
5910.0,0.94,-0.02
5261.0,0.81,
5956.0,1.16,0.09
6374.0,1.38,
5349.0,0.82,-0.12
5455.0,0.852,-0.34
6122.0,0.996,-0.1
5698.0,1.039,-0.24
5710.0,0.91,
5799.0,0.901,-0.42
5236.0,0.82,0.04
4995.0,4.16,-0.07
6085.0,1.568,0.03
5184.0,0.98,
5779.0,0.956,0.12
5268.0,0.81,-0.02
6158.0,1.223,0.04
5182.0,0.832,
5570.0,1.049,
4888.0,0.74,-0.02
6198.0,2.188,
5986.0,1.03963,
5213.0,0.917,0.14
6193.0,1.29,0.14
5640.0,1.11,
5618.0,0.9603,0.007
3903.0,0.523,-0.2
5224.0,0.81,0.1
5853.7,1.09271,
6231.0,2.397,-0.18
5435.0,0.725,-0.44
3068.0,0.17,-0.33
3237.0,0.35,
4797.0,0.653,-0.46
5532.0,0.988,0.11
5759.0,0.97,
6068.0,1.533,0.22
5172.0,0.81,0.07
,,
3826.0,0.516,-0.06
5808.0,1.397,0.14
5817.0,0.87,-0.14
,0.898,
5597.0,1.56051,
5924.0,1.53,0.37
5007.0,0.783,-0.033
5970.0,1.3137,-0.373
5986.0,0.85,-0.5
5653.0,0.857,-0.04
5907.0,1.889,
4777.0,1.795,0.56
4090.0,0.528,
5578.0,1.497,0.14
6158.0,1.004,
5535.0,0.95,
5840.0,1.208,0.12
6102.0,1.026,0.0
5599.0,0.89,
5748.0,1.133,
5781.0,1.533,0.09
5533.0,0.931,
5484.0,0.775,-0.28
4797.0,0.653,-0.46
5907.0,1.058,0.0
5588.0,0.817,
3678.0,0.47,0.0
6153.0,1.62,0.26
5527.0,0.833,0.09
5776.0,0.986,
3761.0,0.46,-0.21
5756.4,,0.1064
6483.0,1.31,-0.18
5321.0,0.86,
6279.0,1.598,-0.08
5674.0,0.82,0.05
4803.0,0.749,0.1
6106.0,1.359,0.33
5723.74,0.989724,
5485.0,0.915,
5876.0,0.89,
5705.33,1.74549,0.221
5447.0,0.92,0.14
5141.0,0.861,0.07
4638.0,0.71,0.07
5570.0,0.81,
5868.0,1.797,
3893.0,0.52,-0.15
5923.0,0.866,-0.64
5002.0,3.932,0.07
5808.0,0.786,-0.46
5295.0,0.83,0.03
5994.0,1.37,
7437.0,1.47,-0.11
5152.0,0.78,-0.05
5465.0,0.736,-0.4
3573.0,0.4232,-0.08
4048.0,0.522,
5388.0,0.814,
5105.0,0.78,0.12
5621.0,0.9715,0.026
5271.0,0.989,
6020.0,1.04,0.02
3449.0,0.468,0.0
6141.0,1.712,0.12
5370.0,0.828,0.0
4623.0,0.624,
5795.0,0.919,-0.02
6400.0,1.44,0.0
6047.0,1.022,-0.069
6110.0,1.109,-0.02
,0.589,
5675.0,1.042,-0.18
5010.0,3.051,0.24
5754.0,0.905,0.07
3977.0,0.54,-0.2
6036.0,1.093,0.02
5897.0,4.015,-0.16
6150.0,1.04,-0.12
5549.0,0.88,-0.07
4884.0,0.74,0.03
4494.0,0.659,-0.04
3846.0,0.503,-0.24
3593.0,0.47,0.16
5294.0,0.74,
5731.0,1.063,
5896.0,1.29,0.23
5115.0,0.71,
5834.0,0.797,-0.5
5795.0,0.919,-0.02
5514.0,0.978,0.36
5986.0,0.85,-0.5
5346.0,0.952,0.04
5512.0,1.365,
5046.0,0.705,
4983.0,0.763,0.23
5365.0,1.533,-0.06
5812.0,0.98,0.08
5818.0,0.848,-0.22
5203.0,0.8,-0.02
5845.0,1.436,0.07
4077.0,0.56,-0.24
5671.0,0.93,-0.05
5858.0,0.963,0.1
5674.0,0.872,0.0
5982.0,0.901,-0.5
5774.0,0.958,0.05
5216.0,0.833198,
6008.0,1.003,-0.14
5162.0,0.791,0.0
5733.0,0.855,-0.12
4960.0,0.83,0.37
5426.0,0.85,
5887.0,1.138,-0.16
5408.0,0.861,-0.06
6157.0,1.392,-0.26
3517.0,0.37,-0.07
5700.0,1.077,0.09
,0.669,
5459.0,0.86,0.08
4680.0,0.72,0.04
5694.11,0.902932,
3419.0,0.377509,
5750.0,0.942,0.02
5236.0,0.79,
5930.0,1.052,-0.04
5229.0,0.877,0.07
5686.0,1.077,
5192.0,1.593,0.14
6292.0,1.07,
5574.0,1.065,0.12
5128.0,1.83,
5309.0,0.79,
5858.0,1.04,-0.12
5343.0,0.885,0.44
5458.0,0.958,0.34
6047.0,1.37,0.1
5706.0,1.049,
5174.0,0.84,
4953.9,0.76,
5480.0,0.972,
4909.0,0.724,0.11
5068.0,0.78,0.03
5956.0,0.92,
5594.0,0.935,-0.32
4709.0,0.685,-0.08
6279.0,1.598,-0.08
6370.0,1.56,0.045
6050.0,1.3846,0.34
5174.0,0.751,-0.12
5946.0,1.65,
6000.0,1.052,
6156.0,1.188,0.12
5490.0,0.85,0.02
5704.8,2.00441,
3333.0,0.272233,
5631.0,0.92,-0.02
,0.845,
3325.0,0.383,0.03
,1.27,
5936.0,0.965,0.07
5822.0,0.898,-0.06
4903.0,0.74,0.08
6122.0,0.964,-0.18
6090.0,1.071,0.21
6346.0,1.194,
5650.0,0.876,0.07
5880.0,0.917,-0.06
5678.0,1.1038,0.217
3977.0,0.693,
4156.0,0.545,-0.44
5480.0,0.94,
5766.0,0.86,
5757.0,1.068,-0.02
5413.0,0.759,-0.28
6036.0,1.131,-0.18
3767.0,0.49,
5091.0,0.75,
6210.0,1.38,0.12
5439.49,0.810043,
5028.0,0.779,0.16
6522.0,1.215,-0.22
6224.0,1.083,-0.06
5636.0,1.354,0.42
5727.0,1.104,0.0
6620.0,1.65,0.04
5122.0,0.784,0.1
,0.424,
,,
5517.0,0.825,
4397.0,0.58,
5800.0,1.35,0.15
5955.0,1.053,-0.26
5618.0,0.874,-0.18
3080.0,0.189,0.22
4816.0,0.732995,
,,
4856.0,0.696,-0.3
5637.0,0.821,-0.18
5569.0,0.887,0.21
5989.0,1.131,-0.16
5815.0,0.954,-0.3
5620.0,1.411,0.21
6395.0,1.141,
6337.87,1.42717,
6173.0,1.041,-0.04
5497.0,0.839,0.07
5804.0,1.39,0.16
6063.0,1.012,0.07
5730.0,1.459,0.316
6215.0,1.145,0.14
5971.0,0.889,-0.38
5973.0,1.081,0.0
4841.0,0.69,-0.06
6482.0,1.46,
5681.0,1.29,0.37
6295.0,1.28,0.0
6190.0,1.466,0.22
3837.0,0.55,0.0
4843.0,0.65,0.03
5941.0,0.885,-0.22
5216.0,0.81,0.03
6122.0,0.964,-0.18
5004.0,0.68,
5710.0,1.524,0.0
5987.0,1.1,0.01
5529.0,1.294,0.16
,1.69,
4932.0,0.775,0.28
5605.0,1.015,0.0
5718.0,0.91,
,0.43,
4590.0,0.595,-0.64
6020.0,1.093,-0.14
6123.0,1.015,
5045.0,0.742,
4983.0,0.805573,
5511.0,0.886,-0.162
6023.0,1.031,-0.08
5818.0,0.893,
6043.0,0.999,-0.04
5364.0,0.754,-0.54
5977.0,1.075,-0.1
6450.0,1.68443,
4523.0,0.659,-0.1
5883.0,1.074,-0.16
4540.0,0.678,0.04
5900.0,0.929,-0.1
4508.0,0.69,0.05
5460.0,0.83,
3757.0,0.539,0.18
5991.0,1.092,-0.02
5568.0,0.883,-0.04
5570.0,0.94,0.1
6381.0,2.232,-0.08
,,
,0.786,
,0.96,
6418.0,1.171,0.07
5919.0,1.0,0.21
5376.0,0.94,0.28
6055.5,1.14,
5140.0,0.775,-0.22
5805.0,0.9573,0.075
6343.0,1.137,0.07
5271.0,0.821,0.21
3937.0,0.52,-0.27
4538.0,0.663,-0.2
3970.0,0.583,
5231.0,0.86,0.0
5312.0,0.986,0.16
5184.0,1.089,0.21
4946.0,0.93,
5119.0,0.703,-0.3
6616.0,1.353,-0.16
4471.38,0.768,
5834.0,1.471,
5155.0,0.836,0.14
5063.0,0.74,-0.18
5895.0,0.94,-0.02
5235.0,0.846,
6371.0,1.072,-0.18
6181.0,1.331,-0.02
3744.0,0.5,0.13
5671.0,1.65,
6381.0,2.232,-0.08
5934.0,1.055,-0.3
4797.0,0.653,-0.46
6057.0,1.0,-0.1
5759.0,1.105,0.24
5172.0,0.81,0.07
5379.0,0.76,
4391.0,0.682,0.04
5595.0,0.839,
5506.0,0.81,
5544.0,0.764,-0.36
6303.0,1.06,
5436.0,0.92,-0.05
3887.0,0.53,-0.08
4888.0,0.880213,
5323.0,0.83,
5357.0,0.789,-0.36
5173.0,0.939,0.26
6296.0,1.36,0.02
5814.0,0.881,-0.18
4876.0,0.673,-0.02
6407.0,1.734,0.21
5865.0,0.827,-0.34
5360.0,0.846,0.1
5181.0,0.876,
4583.0,0.674,-0.16
5611.0,0.953,0.25
4777.0,1.795,0.56
5776.0,0.917,
3803.0,0.492,
6257.0,1.186,0.18
5419.0,0.829915,-0.1
5717.0,1.057,0.18
5648.0,0.894,-0.2
5283.0,0.839,0.134
5195.0,0.699,-0.36
5307.0,0.76,-0.18
4883.0,1.667,0.56
6004.0,0.85,-0.48
5877.0,0.991,
5044.0,0.822,0.19
6475.0,1.666,0.0
6192.0,1.539,-0.06
4057.0,0.58,0.2
4132.0,0.554,-0.38
5441.0,0.877,0.04
5461.0,0.94,
5478.0,0.866,
6063.0,1.012,0.07
5666.0,0.84,
6102.0,1.73,-0.28
6220.0,1.38,0.07
5559.0,0.806,-0.18
,0.96,
5565.0,1.1,0.43
6106.0,0.844,-0.5
6144.0,0.99,
5722.0,0.98,0.04
5438.0,0.82,0.02
,,
5359.0,1.002,0.14
4859.0,0.711,
5584.26,,0.3261
6017.1,1.05318,0.13
5605.0,1.015,0.0
4442.0,0.652,
5490.0,0.88,0.17
5105.0,0.78,0.12
6315.0,1.07,
6061.0,1.81,0.14
5323.0,0.81,-0.13
5322.0,0.83,-0.02
5682.0,0.94,-0.07
6225.0,1.451,-0.04
5395.0,0.88,
6332.0,1.51,
4136.0,0.494,
5842.0,1.0,-0.12
6319.0,1.032,-0.22
5309.0,0.781,-0.08
5513.0,0.724,-0.48
5804.0,0.901,
5547.0,0.933,0.0
6008.0,1.003,-0.14
4665.0,0.663414,
5439.0,0.81,
6053.0,1.277,-0.1
4954.0,0.87,
5315.0,0.92,0.16
5810.0,0.88,
8000.0,2.363,0.29
5621.0,1.23,0.37
9360.0,1.67,0.21
5212.0,0.81,-0.03
6226.0,1.333,0.02
5871.0,0.983,0.21
6475.0,1.271,0.21
6046.0,0.972,-0.08
5678.0,0.944,
5406.0,0.93,
5474.0,1.75,0.33
6084.0,1.04,
5215.0,0.73,
3766.0,0.53,
5271.0,0.838,0.14
5991.11,1.12506,
4083.0,0.519,-0.5
6550.0,1.49,-0.25
5969.0,1.0,
5612.0,0.82,
5348.0,0.727,
5940.0,1.392,-0.008
6228.0,1.83823,
4925.0,0.64,-0.37
5724.0,0.862,-0.4
6299.0,1.167,0.21
5980.0,0.917,
5691.0,1.092,
4722.0,0.718,0.07
6475.0,1.178,-0.06
5370.0,0.828,0.0
6513.0,1.104,-0.28
6170.0,1.021,-0.28
3903.0,0.523,-0.2
6279.0,1.194,-0.54
5051.0,0.706,-0.24
6011.0,1.03,-0.04
4811.0,0.634,-0.58
5071.0,0.811,-0.02
5300.0,0.986,0.18
5696.0,0.921,0.14
6900.0,1.77,
5222.0,0.81,0.15
,0.92,
6010.0,1.64,0.26
5835.0,0.869,-0.16
5027.0,0.828,0.41
6119.0,1.545,-0.07
4623.0,0.698,-0.06
5589.0,0.94,0.01
5362.0,0.69,-0.56
5590.0,1.79,0.01
3436.0,0.379,
5984.0,0.984,0.07
5540.0,1.11655,
6129.0,1.108,-0.02
5523.0,0.91,0.07
6049.0,0.845,-0.46
3227.0,0.2,0.0
5844.0,1.051008,0.09
6293.0,1.682,-0.3
5779.0,0.956,0.12
6070.0,1.626,
5816.0,0.921,
5014.0,0.674,-0.54
5403.0,0.906,-0.14
5497.0,0.874,
3891.86,0.562607,
5315.0,0.87,0.0
4775.0,0.74,0.22
5952.0,1.225,0.06
4249.0,0.557,
5569.0,0.927,0.07
5015.0,0.79,
5782.0,0.89,
4134.0,0.559,-0.3
3950.0,0.566,0.04
5616.0,0.903,0.16
5926.0,0.887,-0.2
3591.0,0.41,-0.1
5718.0,0.96,0.01
6021.0,1.11,0.0
3727.0,0.5,0.04
6321.0,1.41189,
4582.0,0.677,-0.055
5487.0,0.87,-0.02
8241.0,3.177,-0.1
3358.0,0.3,
,1.448,
6277.0,1.031,-0.18
5997.0,0.971,-0.14
5616.0,0.988,-0.04
5609.0,0.755,-0.42
5938.0,1.104,
5660.0,1.345,
7690.0,1.92,0.09
5455.0,0.989,
,0.58,
5966.0,0.961,-0.02
5490.0,1.7,
,1.219,
6032.0,1.06,-0.14
3854.0,0.53,-0.1
4972.7,0.81,
5945.0,0.91,
5499.0,0.9,0.07
5130.0,0.756,-0.12
5740.0,1.194,
5392.0,0.893,0.02
6469.0,1.467,0.44
3568.0,0.482,
,0.371,
5962.0,1.18678,
5219.0,0.851,0.16
5463.0,0.759,-0.3
,0.837,
6343.0,1.137,0.07
,0.919,
6125.0,1.383,0.24
6363.0,1.012,-0.32
4999.0,0.843,0.18
6200.0,2.7505,0.285
5819.0,0.99,0.14
4572.0,0.616,
6306.0,1.274,7.79
6148.0,1.77061,
3879.0,0.58,0.032
7000.0,1.94,
5846.0,1.01,
4388.0,0.68,
5877.0,1.854,
3075.0,0.24,-0.25
5161.0,0.85,0.2
5405.0,0.794,
5464.0,0.83,0.04
5779.0,1.0,
,0.712,
6132.0,1.27,0.1
5612.0,0.92,-0.01
6700.0,1.524,0.07
6164.0,1.045,-0.02
7800.0,1.92,0.0
5746.0,1.02,0.02
5856.0,0.997,0.22
5313.0,1.501,0.12
4005.0,0.53,-0.32
6144.0,1.106,-0.06
5418.77,1.00145,
5754.0,1.718,
5546.0,0.956,0.44
6188.0,1.465,-0.08
5406.0,0.84,-0.09
5009.0,0.787,0.18
5800.0,1.633,
6084.0,2.023,
5939.3,1.73,
6378.0,2.075,-0.02
6108.0,0.997,-0.08
6063.0,1.001,-0.02
5884.5,1.52373,
5551.0,1.301,
5332.0,0.714,-0.42
5260.0,0.778,-0.06
5966.0,1.499,0.18
6549.0,1.438,-0.16
5960.0,0.906,-0.2
6003.0,1.178,
6228.0,1.049,-0.08
4650.0,0.706,-0.04
5582.0,1.158,0.3
6308.0,1.153,-0.08
6075.0,0.99,
5320.0,0.786,-0.06
5477.0,0.815,-0.06
5986.0,0.9,
5576.0,0.901,0.05
5295.0,0.83,0.03
6063.0,1.012,0.07
5746.0,1.189,
,1.696,
5881.0,1.067,0.14
5482.0,0.76,
5828.0,1.548,
5935.0,1.101,
6244.0,1.017,-0.18
5162.0,0.795,0.06
5514.0,0.739,-0.42
6234.0,1.33,
5523.0,0.887,0.05
6162.0,1.22,0.01
5260.0,0.87,0.12
2960.0,0.182,-0.09
3748.0,0.5128,0.154
3568.0,0.42,0.02
6060.0,1.257,-0.26
6250.0,1.21,-0.06
6095.0,1.038,-0.22
5497.0,0.909,0.36
6007.0,0.961,-0.24
6506.0,1.17,
3403.0,0.334,
3838.0,0.625,
7225.0,1.831,
3673.0,0.52,
6214.0,1.076,0.07
5884.0,1.127,
5668.15,0.986943,
6056.0,2.481,0.14
5862.0,0.931,-0.14
5006.0,0.77,0.03
6272.0,1.363,0.1
,0.806,
5988.0,0.934,-0.12
5442.0,0.879,-0.1
5825.0,0.965,0.21
5900.0,1.694,0.0
6343.0,1.137,0.07
4079.0,0.632,-0.11
6038.0,1.191,-0.16
5293.0,0.82,-0.03
5546.0,1.592,0.14
4156.0,0.756,
,0.57,
5050.0,1.278,0.1
5296.0,0.82,-0.02
5835.0,0.847,-0.24
5642.0,0.979,-0.27
3517.0,0.37,-0.07
5970.0,1.38,0.35
5845.0,0.874,-0.16
3900.0,0.53,0.0
5484.0,0.788,-0.22
4334.0,0.653,-0.06
5569.0,0.887,0.21
6366.0,1.34,0.12
3713.0,0.503,-0.16
6220.0,1.328,0.02
5510.0,0.879,0.16
6228.0,1.42,-0.1
6190.0,1.499,
5067.0,0.83,
5540.0,0.97,
5923.0,0.866,-0.64
5845.0,1.62,0.01
5471.0,0.809,-0.08
5955.0,1.053,-0.26
4591.0,0.64,-0.31
,1.694,
5224.0,0.726,-0.11
6423.0,1.31,
,1.242,
5678.0,1.303,0.2
,,
5181.0,0.73,
5166.0,0.791,0.1
4243.0,0.552,
5834.0,1.278,0.22
4758.0,0.672,
4524.0,0.68,-0.02
5676.0,1.28,0.32
5497.0,0.941,
4736.0,0.656,
3798.0,0.46,
5396.0,0.93,0.4
5845.0,0.874,-0.16
5753.0,0.97,-0.02
5490.0,0.85,0.02
4710.0,0.699,-0.16
4709.0,0.685,-0.08
4726.0,0.71,-0.06
4257.0,0.602,-0.3
6692.0,1.351,-0.14
3898.0,0.54,-0.09
6273.0,1.139,-0.06
5260.0,0.9,0.2
4490.0,0.74,
5243.0,0.778,0.15
5106.0,0.78,0.03
5134.0,0.803348,0.11
6160.0,1.667,0.427
6095.0,0.991,-0.1
6043.0,1.097,-0.16
5720.0,1.035,0.25
5098.0,0.787,-0.14
6522.0,1.215,-0.22
5640.0,1.515,0.14
6078.0,1.18,0.04
5627.0,1.116,
5251.0,0.817,0.21
6075.0,0.858,-0.46
5446.0,0.821,-0.2
5294.0,0.761,-0.16
5444.0,0.84,0.01
5877.0,1.18,
5877.0,0.975,0.07
5106.0,0.78,0.03
5165.2,0.784618,
4973.0,0.786,
5640.0,1.088,0.143
5510.0,0.803,-0.16
5637.0,0.943,-0.3
3166.0,0.223377,
5225.0,0.78,-0.16
6122.0,0.964,-0.18
5678.0,0.973,0.12
5151.0,0.792,0.21
5475.0,0.884,0.14
5275.0,0.918,0.06
6486.0,1.485,-0.34
6157.0,1.014,-0.12
4696.0,0.644,-0.3
6085.0,1.005,-0.3
5610.0,0.93,0.04
,,
5898.0,1.752,-0.01
5282.0,0.81,-0.07
4878.0,0.762,
,0.97,
4550.0,6.3,0.11
5732.0,1.369,
5436.0,0.893,
4250.0,0.62,-0.01
5936.0,0.965,0.07
4830.0,0.73,-0.01
5743.0,0.937,
,0.75,
5865.0,1.04,
4500.0,0.677,-0.02
5237.0,0.826,0.24
5080.0,0.785,
6327.0,1.175,-0.14
5951.0,1.141,-0.35
6168.0,0.96,-0.24
4818.0,0.856,0.56
5720.0,1.166,
6442.0,1.53,0.22
6272.0,1.386,
2960.0,0.182,-0.09
5252.0,0.82,0.0
4722.0,0.718,0.07
5681.95,0.968149,
5741.0,1.136,0.16
6123.0,0.987,-0.14
5455.0,0.849,-0.33
5902.0,1.269,
5502.0,0.87,-0.09
4483.0,0.67,-0.05
5999.0,0.959,-0.06
3457.0,0.462408,
5616.0,0.999,-0.02
3558.0,0.37,-0.23
3767.0,0.59,
5514.0,0.739,-0.42
6212.0,0.945,-0.82
5175.0,0.87,
4980.0,0.734,-0.04
5924.0,1.05,0.01
3300.0,0.235,-0.03
6046.0,0.972,-0.08
5502.0,1.063,
4441.0,0.53,-0.98
4984.0,0.809,0.08
6279.0,1.194,-0.54
5427.0,0.85,-0.03
4977.0,0.759,
5890.0,1.077574,-0.26
6435.0,1.108,
5881.0,1.171,0.07
5142.0,0.789,-0.18
5221.0,0.814,
6144.0,1.393,-0.3
6217.0,1.09,-0.04
6340.0,1.393,-0.38
5281.0,0.82,-0.04
5471.0,0.89,0.06
6246.0,1.092,0.07
4702.0,0.686,-0.22
5231.0,0.781,0.0
5983.0,0.93,
4999.0,0.843,0.18
5857.0,0.867,-0.36
5789.0,1.04,-0.02
6104.0,1.477,0.01
5952.0,1.323,-0.08
3640.0,0.503,0.21
5735.0,0.852,-0.16
5550.0,1.86,0.08
5567.0,0.875,0.18
6148.0,1.488,-0.1
5871.0,1.703,0.17
5524.0,0.89,0.0
5388.0,0.81,
4881.0,3.88,0.32
6215.0,1.145,0.14
,,
3920.0,0.55,-0.07
5523.0,0.946,0.02
5779.0,0.9,
5440.0,0.885,-0.24
5907.0,1.94,0.1
5933.0,1.843,0.11
5658.0,0.948,-0.2
6054.0,1.868,-0.04
5693.0,1.575,
3735.0,0.4,-0.5
6456.0,1.075,-0.54
9107.0,3.031,0.07
6070.0,1.034,-0.18
5625.0,1.16,0.34
5751.0,1.282,0.16
5774.0,0.818,-0.3
5975.0,0.9,-0.44
6167.0,1.064,0.07
5717.0,0.864,-0.08
5968.0,0.881,-0.26
6597.0,1.491,0.0
6423.0,1.31,
4799.0,0.692,-0.02
6522.0,1.215,-0.22
5679.0,0.972,0.3
5760.0,0.88,
6046.0,0.972,-0.08
5825.0,1.49,0.02
4791.0,0.749,
5350.0,0.824,0.03
5860.0,1.59,0.24
5559.0,0.806,-0.18
4909.0,0.724,0.11
5135.0,0.874,0.12
5390.0,1.104,0.2
5815.0,0.877,-0.12
5926.0,0.887,-0.2
6128.0,1.266,0.043
6362.0,1.144,0.07
,0.83,
5465.0,0.925,0.02
6057.0,1.11,-0.12
5731.0,1.445,0.269
5523.0,0.891,0.16
3412.0,0.38,0.37
5784.0,0.96,-0.038
4935.0,0.816999,
5431.0,0.86,-0.05
5255.0,0.776,
4842.0,0.69,-0.17
6093.0,1.025,-0.12
5684.0,0.819,-0.24
5553.0,1.098,0.16
5446.0,0.775,
5243.0,0.7934,
5117.0,0.79,0.03
6155.0,1.22,0.14
3716.0,0.506,0.04
4096.0,0.57,-0.17
4683.0,0.731,
,0.823,
5477.0,0.894913,0.26
3691.0,0.484,
,,
4374.0,0.614,-0.34
5321.0,0.811,
5920.0,1.09,-0.06
4696.0,0.644,-0.3
6103.0,1.383,0.02
4840.0,4.23,0.2
5806.0,1.101,0.06
5797.0,1.02,0.03
5874.0,1.249,-0.08
6102.0,0.887,-0.38
,,
,,
5903.0,0.961,-0.26
5354.0,0.788,-0.08
5793.0,1.243,0.12
5817.0,1.1,
5960.0,0.906,-0.2
4751.0,0.71,-0.07
4450.0,0.589,
5280.0,0.751,-0.42
5576.0,1.593,0.3
5225.0,0.78,-0.16
5487.0,0.94,0.13
,,-0.47
5519.0,0.919,0.294
5664.0,1.058,-0.24
5903.0,1.47,0.16
5461.0,0.763,-0.06
5749.0,0.982,-0.18
5787.0,0.845,
4499.0,0.639,-0.26
5741.0,0.971,-0.15
5669.0,0.921,-0.18
4962.0,0.717,
,,
5948.0,2.186,0.329
6102.0,0.97,
6050.0,1.572,0.14
6272.0,1.529,-0.27
5687.0,0.86,-0.12
5417.0,0.842,
5952.0,1.11,-0.19
6220.0,1.453,
5569.0,0.887,0.21
6395.0,1.186,0.02
5675.0,0.84,
6398.0,1.35,
4041.0,0.567,-0.14
4693.0,0.732,
5261.0,0.88,0.04
5220.0,0.72,
5905.0,,
4931.0,0.71,
5528.0,0.85,
4684.0,0.71,-0.2
6119.0,1.589,
6068.0,1.48,0.29
5783.0,0.939,0.0
5825.0,1.463,
6326.0,1.22,
6103.0,0.949,-0.2
5953.0,0.926,-0.24
3700.0,0.75,
5922.0,0.961,-0.08
5153.0,0.759,-0.04
,4.2,
4995.0,4.16,-0.07
3841.0,0.5,-0.18
5750.0,0.934,0.02
5796.0,0.871,-0.12
5244.0,1.56,0.12
5741.0,1.136,0.16
5504.0,0.83,
,1.33,
6418.0,1.171,0.07
5485.0,0.906,0.1
6337.87,1.42717,
5732.0,1.26,0.23
,1.16,
6108.0,1.03,0.07
4550.0,0.68,-0.06
5033.0,0.821,0.06
4080.0,1.45,
5679.0,0.861,
6074.0,1.137,
4859.0,0.707,-0.34
5324.0,0.81,
5989.0,0.994,0.03
4408.0,0.723,
5071.0,0.811,-0.02
5032.0,0.593,-0.96
4877.0,0.75,0.07
4894.0,0.55,
3898.0,0.54,-0.09
6061.0,0.97,-0.1
6712.0,1.525,-0.06
5968.0,0.881,-0.26
6000.0,1.142,0.13
5866.0,1.459,
5410.0,0.927,
5352.0,0.82,-0.06
6119.0,0.981,-0.16
5977.0,0.801,-0.56
3876.0,0.547805,
5023.0,0.78,0.21
5862.0,1.586,0.27
6199.0,1.32,0.07
4631.0,0.7,0.03
4263.0,0.653,
6222.0,1.02,
7204.58,1.49338,
6449.0,1.241,0.21
6089.0,1.025,
6050.0,1.3841,0.34
5929.0,1.086156,-0.21
6028.0,1.022,-0.14
5248.0,0.885,0.13
5208.0,0.755,-0.32
5503.0,0.862285,-0.01
5657.0,0.911,-0.48
5956.0,1.098,-0.28
5494.0,0.835682,
3914.0,0.706,
5478.0,1.053,0.16
5951.0,1.357,0.12
5896.0,0.916,-0.08
5830.0,1.03,0.05
6140.0,1.272,0.25
5561.0,0.836,-0.06
5697.0,1.639,
,0.5,
6136.0,1.318,
5739.0,0.928,-0.02
6063.0,1.613,-0.1
6134.0,1.246,-0.06
5215.0,0.867,0.28
6223.0,1.31,0.0
3674.0,0.502,0.21
5326.0,0.771,-0.03
5721.0,0.919,
5123.0,0.935,0.32
5997.0,1.185,
4877.0,0.77,0.26
5456.75,1.022,
5986.0,0.85,-0.5
5922.0,0.961,-0.08
5671.0,1.442,0.14
6210.0,1.033,-0.1
5460.0,0.818,-0.1
6083.0,1.246,
5841.0,0.931,0.07
3883.0,0.598175,
5529.0,1.294,0.16
5934.0,0.92,
6171.0,1.01,
4934.0,1.756,0.28
5812.0,0.923,0.02
6028.0,1.047,0.21
5492.0,0.812,-0.08
6429.0,1.262,-0.46
,,
6003.0,0.932,-0.14
5959.0,0.96,
5896.0,1.24,-0.36
4143.0,0.586,-0.13
5808.0,1.653,
5478.0,1.053,0.16
5845.0,0.874,-0.16
5770.0,1.393,
6068.0,1.797,0.16
5774.0,0.958,-0.1
6707.0,1.48,
5490.0,1.14715,
6174.0,1.975,
5764.0,1.185,
5597.0,0.82,
4888.0,0.702,
6540.0,1.151,-0.18
5356.3,0.863,0.14
6155.0,1.22,0.03
5410.0,,0.06
5455.0,0.944,0.01
5798.0,0.958,-0.02
3842.12,0.491598,
5185.0,0.837,-0.06
,0.544,
5897.0,1.289,
4473.0,0.675,-0.244
5624.0,0.82,
3655.0,0.47,
5498.0,0.927,
6092.0,1.15,-0.01
6082.0,1.014,-0.08
3506.0,0.423901,
4919.0,0.74,-0.06
5740.0,1.194,
5702.0,0.96,0.03
,,
6422.0,1.173,-0.06
5168.0,0.769,-0.12
,0.8,
5264.0,0.744,0.12
6499.0,1.095,-0.34
,,
6210.0,1.033,-0.1
4463.0,0.611,-0.24
6630.0,1.612,0.282
4683.0,0.701795,
3180.0,0.302,0.04
5497.0,0.936,0.26
5440.0,0.885,-0.24
5080.0,0.785,
5106.0,0.647,-0.54
5703.0,1.08,
5827.0,0.999,-0.08
6433.0,1.11,
5670.0,1.022,0.06
5256.0,0.813,0.16
6092.0,1.095,
5447.0,0.88,
5382.0,0.827,0.1
5999.0,1.78,0.02
5025.77,0.801736,
5482.0,0.873283,0.09
5866.0,1.439,0.32
3562.0,0.416,
,0.4,
5846.0,1.616,0.13
4496.0,0.579,
6208.0,1.216,0.11
3944.0,0.51,-0.36
6115.0,1.323,
5747.0,0.94,-0.1
4450.0,0.6489,-0.3
5710.0,1.008,
6505.0,1.163,-0.12
5506.0,0.8,
5998.0,1.36,-0.2
4069.0,0.525,
4057.0,0.529,-0.33
4843.0,0.658,
5416.0,0.898,
5630.0,1.052,
5741.0,0.946,0.12
5108.0,0.743,-0.1
6003.0,2.193,-0.28
5780.0,0.966,-0.2
5671.0,1.084,0.16
5788.0,0.971,0.08
5171.0,0.8,-0.03
6277.0,1.29,-0.22
575.0,0.091,
4950.0,0.86,0.3
5571.0,0.64,
3896.0,0.561,-0.32
5735.0,1.66,0.26
5224.0,0.7511,-0.294
3767.0,0.48,-0.1
5535.0,0.9,0.03
5831.0,1.256,0.01
5558.0,0.89,-0.04
6215.0,0.957,-0.3
5015.0,1.643,0.36
5827.0,0.999,-0.08
3930.0,0.5745,0.082
5881.0,1.067,0.14
5014.0,0.76,-0.05
5710.0,0.934,0.05
5774.0,0.864,-0.22
5061.9,0.859778,
6250.0,2.18,-0.06
5818.0,0.848,-0.22
5934.0,1.064,-0.02
5756.0,1.0,0.06
6086.0,1.28,0.03
5559.0,0.914,-0.02
5967.0,1.15,0.14
3948.0,0.482388,
,,
6082.0,1.014,-0.08
4906.0,0.72,-0.15
4728.0,0.693,0.04
5992.0,0.989,-0.32
4978.0,0.808,0.07
6509.0,1.57,
4883.0,0.749,-0.08
,0.913,
,,
5814.0,1.248,0.16
5846.0,1.01,
5072.0,0.662,-0.1
5823.0,0.972,0.06
5976.0,1.619,
5475.0,0.884,0.14
6353.0,1.4182,-0.018
6052.0,1.028,-0.12
5749.0,0.83,-0.24
,0.507,
,0.532,
5445.0,1.46,-0.06
6032.0,1.07,0.09
5860.0,1.596,0.24
5727.0,0.978,0.14
6040.0,1.17,-0.11
4790.0,0.740113,
6018.0,1.52,0.09
6436.0,1.5,0.04
5640.0,1.062,0.25
6004.0,1.32,0.09
5622.0,0.91,-0.02
5958.0,1.11,0.03
5597.0,0.94,
6400.0,1.23,0.0
6327.0,1.33,
3793.0,0.624,
,0.7033,
5485.0,0.915,-0.07
6094.0,1.803,0.09
6292.0,1.85,-0.16
5515.2,1.39,
6140.0,1.438,
5530.0,0.892,-0.34
5624.0,1.018,0.3
,1.125,
5909.0,1.386,0.35
3746.0,0.51,0.0
5100.0,0.917,0.5
5575.0,0.834,-0.08
5896.0,0.914,-0.1
5823.0,1.491,-0.09
5734.0,0.85,
5392.0,0.853,-0.15
,1.084,
6424.0,1.49,0.05
6046.0,1.023,-0.14
5215.0,0.845,-0.06
4097.0,0.63,0.21
5332.0,0.843,-0.08
5767.0,1.135,-0.14
5750.0,1.0,0.015
5028.0,0.792,
5108.0,0.743,-0.1
5853.0,0.991,
5975.0,1.708,0.09
5271.0,0.838,0.14
5973.0,1.61,
5143.0,0.78,-0.1
5803.0,1.94,
6125.0,1.199,
5312.0,1.445,0.34
6438.0,1.135,
3910.0,0.424,
6900.0,2.599,0.0
6193.0,1.28,0.0
,0.54,
5227.0,0.725,
6042.0,0.96,
4052.0,0.468,
4859.0,0.707,-0.34
4929.0,0.861,0.36
5853.19,1.12865,0.2537
5976.0,1.012,0.0
6103.0,0.949,-0.2
6192.0,1.576,
5614.0,0.827,-0.14
6238.0,2.177,
4299.0,0.511,-0.96
,0.8,
5778.0,1.0,0.02
5094.0,0.667,-0.5
5427.0,0.86,
5355.0,0.803,0.0
6278.0,1.04,
3821.0,0.595,0.3
3367.0,0.312,-0.5
4799.0,1.818,0.56
5083.0,0.844,0.22
5573.0,0.827,-0.12
5387.0,0.755,-0.24
5757.0,0.872,-0.08
5969.0,1.276,-0.04
5330.0,0.718,-0.4
5873.3,1.00286,
5477.0,0.867368,
6144.0,1.85,0.13
5075.0,0.769,-0.02
5564.4,0.93,
6030.0,1.35143,
5437.0,1.51,
5676.0,1.487,0.1
7299.0,1.942,-0.1
3954.0,0.546,-0.1
3630.0,0.47,
4783.6,0.735345,
5548.0,0.729,-0.54
5093.0,0.709,-0.38
5701.0,1.05,0.27
5417.0,0.901,-0.08
5185.0,0.833,0.27
5173.0,0.939,0.26
5450.0,0.963,0.32
5870.0,0.89,
5121.0,0.76,-0.17
6168.0,1.42,0.01
5651.0,1.01,
5310.0,0.809,
5300.0,0.849,-0.16
3816.0,0.51,-0.05
6550.0,2.058,-0.28
6273.0,1.139,-0.06
5834.0,0.797,-0.44
6430.0,1.74,0.176
5232.0,0.891,
5498.0,0.862,-0.08
6292.0,1.276,0.16
5510.0,1.238,0.16
3906.0,0.509,-0.32
6162.0,1.79,-0.12
5708.0,1.49,
4821.0,0.68,
6117.0,1.025,-0.02
3867.0,0.552,0.1
5356.0,1.055,0.2
5111.0,3.33,-0.07
5774.0,1.395,-0.26
6509.8,1.8,
4859.0,0.711,
5527.0,0.995,
5215.0,0.845,-0.06
6038.0,1.191,-0.16
6347.0,1.036,-0.32
5946.0,1.763,0.19
4262.0,0.77,
6044.0,1.327,-0.24
6050.0,1.363,0.22
6502.0,1.49,0.17
6081.0,1.954,-0.03
6514.0,1.15,
5730.0,0.888,-0.3
5516.0,0.886,
5823.0,0.972,0.06
5260.0,0.954,-0.07
4739.58,0.724328,
6258.0,1.031,-0.16
5019.0,0.778,0.33
6014.0,1.14,0.03
6189.0,1.425,0.1
5638.0,0.928,-0.42
4126.0,0.602,-0.06
,0.634,
5196.0,0.657,-0.54
5865.0,0.761,
5173.0,0.939,0.26
5700.0,1.084,0.09
6430.0,1.714,
5710.0,0.95,0.0
5658.0,0.815,-0.22
3455.0,0.465258,
5804.0,0.845,-0.5
5795.0,0.853,-0.3
4156.0,0.594,-0.16
5798.0,0.941,0.1
5683.87,1.07976,
5596.0,0.869,-0.255
6310.0,1.43,-0.16
5569.0,0.887,0.21
6397.0,0.989,-0.58
5616.0,0.999,-0.02
,0.9757,
4421.98,0.634754,
5455.0,0.944,0.01
4494.0,0.659,-0.04
5982.0,0.901,-0.5
5888.0,1.148,
6012.0,1.048,
5040.0,0.831,
6210.0,1.033,-0.1
5390.0,0.84,-0.03
5696.0,1.195,
3984.0,0.539,-0.22
5909.0,0.92,-0.15
5695.0,0.872,-0.02
5657.0,1.046,0.0
5741.0,1.008,-0.38
5097.0,0.779,0.21
4102.02,0.579535,
5594.0,0.93,0.0
5295.0,0.84,0.05
6205.0,1.689,-0.28
5106.0,0.787,0.13
4590.0,0.595,-0.64
5370.0,0.966,0.14
5050.0,0.714,0.08
5533.0,1.56,0.33
4051.0,0.701369,
4816.0,0.757,0.24
4540.0,0.678,0.04
6200.0,1.448,-0.1
3900.0,0.537,-0.1
5792.0,1.0,0.0
3452.0,0.321,0.01
4359.0,0.659,-0.06
,0.883,
5834.0,1.433,-0.04
5923.0,1.041,
6728.0,1.484,-0.44
5376.0,0.94,0.28
5743.01,1.06715,
5880.0,0.917,-0.06
5977.0,1.075,-0.1
5504.0,0.83,
5436.0,0.819,0.0
6471.0,1.357,0.16
4487.0,0.612,-0.44
5582.0,1.58,
5614.0,0.839998,-0.22
5926.0,1.247,
5610.0,1.171,0.38
5919.0,0.91,
5678.0,0.973,0.12
5219.0,0.774,
6150.0,1.04,-0.12
5955.0,1.053,-0.26
3903.0,0.523,-0.2
3231.0,0.241857,
5539.0,1.207,0.14
5320.0,0.85,0.14
5646.0,0.841,-0.14
6220.0,1.328,0.02
6213.0,1.463,0.19
4367.0,0.569,
6749.0,1.484,-0.04
5845.0,0.972,
3907.0,0.613,
5350.0,0.86,0.06
6038.0,1.17,-0.11
,0.7209,
4159.0,0.583,-0.24
6088.0,1.34548,
,0.792,
5607.0,0.886,-0.34
5239.0,0.8,-0.04
3743.0,0.49,0.06
5982.0,1.185,-0.02
5606.0,0.97,-0.08
5791.0,0.958,0.21
5142.0,0.789,-0.18
5798.0,0.941,0.1
5950.0,1.387,-0.02
6222.0,1.058,
5432.0,0.913,-0.16
4941.0,1.43,
6116.0,1.13,0.14
5607.0,0.886,-0.34
4094.0,0.53,-0.45
5555.05,1.07,
5850.0,1.187,-0.04
6228.0,1.42,-0.1
3468.0,0.34,-0.13
5674.0,0.857,-0.06
4750.0,0.729,0.12
5960.0,1.149,
5013.0,0.75,
5511.0,0.72,-0.5
5784.0,1.147,0.05
5627.0,0.932,0.07
5569.0,0.927,0.07
5300.0,0.849,-0.16
5443.0,0.911,-0.18
4187.0,0.72,
5788.0,0.984,
4777.0,0.665,
,,
5177.0,0.746,-0.22
5050.0,0.765,-0.03
4141.0,0.608,-0.04
6214.0,1.297,-0.16
5638.0,0.92,-0.08
4751.0,0.657,
5372.0,0.916,-0.02
5602.0,0.894,0.1
5764.0,1.414,
6339.0,1.56,
,0.257,
6194.0,1.02,-0.12
4798.0,0.707,0.0
5826.0,1.236,0.16
5763.0,1.457,0.26
5044.0,0.77,-0.03
5515.0,0.92,
4999.0,0.843,0.18
6110.0,0.98,
,1.249,
5806.0,0.899,-0.04
5325.0,0.985,0.14
6170.0,0.992,-0.16
5767.0,0.971,
6007.0,1.124,-0.08
4799.0,1.818,0.56
6208.0,1.024,-0.12
5929.0,1.04,-0.06
6096.0,1.435,0.11
6067.0,1.07,-0.03
5508.0,0.887,
5774.0,0.958,-0.1
6206.0,1.22,0.02
4366.0,0.639,-0.18
,1.69,
6122.0,1.21,0.02
,1.11,
5402.0,0.863,0.18
5452.0,0.9,0.36
5607.0,1.14,0.12
5969.0,1.674,0.29
5759.0,2.127,0.3
6086.0,1.052,-0.08
4245.0,0.637,0.0
5357.7,1.04,
5900.0,1.694,0.0
6222.0,1.39,
5684.0,1.415,0.02
5505.0,0.873,-0.04
5850.0,0.95,-0.15
5545.0,1.184,
,0.77,
5780.0,1.2,
5551.0,0.88,-0.07
5440.0,0.885,-0.24
5815.0,0.9,
5175.0,0.782,
6004.0,1.12,-0.14
5815.0,1.02,0.04
6119.0,1.299,0.1
3139.0,0.211299,
4463.0,0.611,-0.24
5941.0,1.925,0.164
5388.0,0.89,
,2.378,
5957.0,1.051,-0.34
5215.0,0.8,
5793.0,1.28,0.12
3727.0,0.5,0.04
4345.0,0.521,-0.86
3866.0,0.386,
5964.0,0.933,-0.22
5091.2,0.9,
4988.0,0.766,0.1
,0.5573,
5103.0,0.787,0.04
6172.0,1.197,
4985.0,0.815,0.25
5565.0,0.802,-0.2
3837.0,0.633668,
6532.23,1.99,
5045.0,0.737,-0.03
5638.0,1.023,-0.12
5240.0,0.73,
,0.96,
3700.0,0.75,
5528.92,0.916633,
3632.0,0.38,-0.34
4759.0,0.7,-0.12
5374.0,0.815924,
6280.0,1.698,-0.18
3698.0,0.526,
5900.0,1.07,-0.12
5763.0,0.99,0.23
5670.0,1.07,
4777.0,1.795,0.56
5894.0,0.99,
5870.0,0.89,
,0.658,
5269.0,0.832,-0.13
5227.0,0.838,0.14
5764.0,1.185,
5655.0,0.922487,-0.15
,,
5763.0,1.457,0.26
6678.0,1.24,
6725.0,1.385,-0.14
,1.38,
,0.889,
6187.0,1.034,-0.26
3464.0,0.328,-0.14
6149.0,1.58,0.0
3799.0,0.492,-0.2
5603.0,0.82,
6081.0,1.274,
5123.0,0.816,
5359.0,0.915,-0.06
4239.0,0.6,-0.22
3750.0,0.595,0.148
5716.0,0.872,-0.04
6086.0,1.216,-0.16
5588.0,1.105,0.01
,1.583,
6270.0,1.404,
6123.0,0.987,-0.14
5696.0,1.001,0.04
5770.0,1.05,0.03
5331.0,0.82,
5557.0,0.99,
5726.0,1.243,-0.06
6174.0,1.103,0.1
5668.0,0.785,-0.36
4848.0,0.696,0.14
6295.7,1.13742,
4883.0,0.749,-0.08
6109.0,1.442,-0.37
5325.0,0.863,0.36
4884.0,0.734,0.07
5437.0,0.86,-0.02
,,
5821.0,0.848,-0.22
3600.0,0.42,-0.5
6063.0,1.012,0.07
5052.0,0.816,0.02
6170.0,1.021,-0.28
5456.0,0.74,
,0.984,
,1.02,
4294.0,0.504,-1.0
6429.0,1.5,0.09
5282.0,1.899,0.16
3727.0,0.5,0.04
4628.53,0.71,
6863.0,1.88,
4890.0,0.74,-0.01
5333.0,0.749,
6255.0,1.12,
6215.0,1.57,0.28
5883.0,1.27992,
6044.0,1.227,0.3
6075.0,1.14,0.28
4791.0,0.742,0.07
4916.0,2.1,
5376.0,0.806,-0.02
4133.0,0.561,-0.3
5741.0,0.833,-0.24
5509.0,1.116,0.16
5135.0,0.874,0.12
5432.0,0.9,
5856.0,1.031,
5094.0,0.791,0.21
5367.0,1.77,-0.28
6195.0,1.27,0.04
4360.11,0.825257,
5637.0,1.184,0.23
,,
5888.0,0.944,0.02
3875.75,0.547001,
5794.0,1.216,0.14
,0.578,
5890.0,1.385,-0.008
6443.0,1.451,0.03
5244.0,0.81,-0.04
5788.0,0.935,0.07
5365.0,0.76,
6463.0,1.447,0.09
5422.0,0.98,
5517.0,0.818,0.17
5544.0,0.89,-0.03
3484.0,0.393,0.15
5498.0,0.857,0.07
4926.0,0.662,-0.36
5838.0,1.51889,
5907.0,0.99,-0.14
5695.0,0.872,-0.02
5573.0,0.988,0.39
5485.0,0.867,0.21
5644.0,0.831,-0.14
5876.0,0.84,-0.3
6005.0,1.31,-0.1
5990.0,0.93,
3990.0,0.6,
5355.0,0.803,0.0
3785.0,0.52,-0.13
5937.0,0.832,-0.4
,,
6314.0,1.34,-0.01
5766.0,1.057,0.0
6225.0,1.031,-0.12
5770.0,1.16,0.0
5605.0,1.015,0.0
5847.0,1.135,-0.12
4147.0,0.57,-0.26
5455.0,0.849,-0.33
4538.0,0.663,-0.2
5735.0,1.114,0.0
5697.0,0.956,
5160.0,0.805,
5408.0,0.696,-0.58
5046.0,0.752,-0.55
4930.0,0.732,-0.2
4884.0,0.74,0.03
5650.0,1.429,-0.27
4317.0,0.552,
5656.0,1.066,0.28
5583.0,1.007,0.02
6099.0,1.17,0.02
5619.12,0.842301,-0.048
3425.0,0.46,
5560.0,0.95,-0.1
4441.0,0.68,
5444.0,0.796,
5446.0,0.775,
5257.0,0.874,-0.02
5952.0,0.97,
6255.0,1.4,
5521.95,1.10007,
6093.0,1.22,
5354.0,0.926,
6357.0,1.17,-0.1
5367.0,0.814,0.19
6347.0,1.373,-0.32
,,
5772.0,0.901,0.0
5541.0,0.934,0.12
5626.0,1.389,0.14
4833.0,0.679,
4985.0,0.75,-0.1
5666.0,1.05,0.02
5036.0,0.74,
5390.0,0.913,
5822.0,0.898,-0.06
5724.0,0.862,-0.4
5481.0,0.91,
5917.0,1.21,0.09
4757.0,0.6802,-0.029
5013.0,0.657,-0.54
5997.0,1.11,0.02
5528.0,0.853,-0.2
6341.0,1.299,-0.04
5632.0,0.83,
6031.0,1.27,
6146.0,1.18,-0.02
5539.0,0.925,0.1
5875.0,0.989,0.21
5994.0,1.1,
5508.0,0.84,0.07
6001.0,1.367,-0.16
5870.0,1.09,
5290.0,0.746,-0.22
4590.0,0.757521,
5810.0,1.05,0.06
5700.0,0.87,-0.18
5781.0,1.533,0.09
3900.0,0.537,-0.1
6104.0,1.225,-0.2
,0.38,
5467.0,0.856,-0.14
6401.79,1.4311,
5820.0,0.964,-0.06
,,
5870.0,1.09,
6122.0,0.964,-0.18
5831.0,0.921,0.0
4444.0,0.6983,
6157.0,1.23,0.03
6112.0,1.99,0.03
5815.0,0.877,-0.12
4700.0,0.778,0.11
5613.0,0.89,
5346.0,0.83,-0.07
5659.0,1.645,
5128.0,0.782,
6554.0,1.754,-0.07
4141.0,0.626,
5137.0,0.779,
6331.0,1.442,-0.1
5226.0,0.81,-0.04
5029.0,0.838,0.14
6008.0,1.003,-0.14
5880.0,1.105,0.15
5226.0,0.81,
5791.0,1.085,
5017.0,0.797,-0.02
4257.0,0.523,
6149.0,1.155,0.28
5762.0,1.143,0.06
5976.0,1.604,-0.01
4780.0,0.76,0.31
4522.0,0.655,-0.22
3750.0,0.51,
5500.0,0.959,0.31
5943.0,1.061,0.06
6078.0,1.271,0.14
4690.0,0.71,0.06
5065.0,0.755,
5693.0,0.802,-0.3
5723.0,0.85,
5399.0,0.802,0.14
6246.0,1.91,
4184.0,0.69,
6933.0,1.53,-0.05
5982.0,1.185,-0.02
5295.0,0.8,-0.1
5821.0,1.395,0.12
6505.0,1.163,-0.12
6580.0,1.47741,
,0.748,
5628.0,0.911,-0.22
5821.0,1.114,
3068.0,0.17,-0.48
5831.0,1.238,0.1
3959.0,0.53,-0.23
4997.0,0.763,
5601.0,0.926,
6362.0,1.378,-0.02
5343.0,0.885,0.44
4079.0,0.632,-0.11
5461.0,0.915,0.12
4362.0,0.58,
5600.0,0.976,0.14
5881.0,1.029,-0.16
3580.0,0.473,0.12
3717.0,0.49,-0.04
6230.0,1.28,0.04
6280.0,1.28,
5474.0,2.341,0.04
5280.0,0.751,-0.42
6029.0,0.865,-0.4
6050.0,1.82,0.15
5560.0,1.0,
5858.0,0.903,-0.2
5436.0,0.819,0.0
5676.0,1.066,
5870.0,0.89,
6190.0,1.12271,
6791.0,,
4936.0,0.761,-0.08
5918.0,0.863,-0.26
6045.0,1.538801,0.01
5259.0,0.854084,
5153.0,0.767,-0.18
5725.0,0.85,
6202.0,1.122,0.21
5764.0,1.069,0.239
5837.0,1.09,0.04
6160.0,1.541,0.36
5519.0,0.97,0.09
5772.0,1.468,0.278
6228.0,1.137,0.21
5348.0,0.94,-0.15
3412.0,0.314,-0.5
7147.0,2.192,0.055
4932.0,0.492,-2.5
5229.0,1.005,0.32
5689.0,1.313,0.14
5471.0,1.118,
3920.0,0.62,0.3
6167.0,1.064,0.07
5907.0,1.705,0.16
5030.0,0.719,0.2
,,
6190.0,1.356,0.15
6711.0,1.344,-0.18
3570.0,0.388,0.023
,0.928,
5923.0,1.735,-0.07
4822.0,0.727072,-0.08
6221.0,2.044,0.22
4710.0,0.695,
4278.45,0.69132,
3360.47,0.330989,
6344.0,1.383,0.02
5159.0,0.766,
5674.0,0.872,0.0
5177.0,0.695,
6418.0,1.171,0.07
6018.0,1.52,0.09
4954.0,0.828,0.18
5862.0,1.149,0.32
5825.0,0.965,0.21
5515.0,0.933,
6245.0,1.057,
5322.0,0.82,0.06
6251.0,1.119,-0.06
4991.0,0.804,0.04
5776.0,0.849,-0.18
5509.0,0.89,0.02
4836.0,0.717,0.0
5201.93,0.920172,
6680.0,1.319,0.07
4625.0,0.636,
5052.0,0.485,
5303.0,0.828,0.18
5500.0,1.05,0.14
5977.0,1.19,-0.01
3664.0,0.539,-0.11
6008.0,1.168,0.14
5283.0,1.00528,
5545.0,1.184,
5721.0,0.968,-0.32
6024.0,1.187,
5980.0,0.95,
5819.0,1.049,
5749.0,1.876,0.34
5669.0,0.919,-0.18
6550.0,2.058,-0.28
4096.0,0.534,
,0.303,
5559.0,0.856,-0.25
5997.0,1.574,-0.04
5712.0,1.082,0.1
,1.33,
3727.0,0.5,0.04
4540.0,0.678,0.04
4831.0,0.724,-0.14
4066.55,0.622034,-0.4136
5211.36,0.832631,
5845.0,1.666,
6110.0,1.889,
5928.0,1.064,
5800.0,1.567,0.34
3482.0,0.419457,
4716.0,0.689,-0.47
5176.0,0.839696,0.31
6769.0,1.81,0.06
5705.0,0.976,0.36
3751.0,0.443,-0.34
5381.0,0.848,-0.01
5735.0,1.028,-0.2
5374.0,0.721,-0.68
5903.0,0.961,-0.26
4250.0,0.687,0.2
6106.0,1.359,
4978.0,0.808,0.07
5237.0,0.826,0.24
3761.0,0.513,
5724.0,1.1,-0.22
6129.0,1.108,-0.02
6188.0,1.01,
5000.0,0.75,0.2
5606.0,1.0284,-0.34
4840.0,4.23,0.2
5999.0,0.959,-0.06
5884.0,1.127,-0.22
,0.86,
4864.0,0.75,
6412.0,1.04,-0.3
5080.0,2.943,-0.08
5838.0,1.614,
5052.0,0.485,
5718.0,0.995,0.12
5196.0,0.772,-0.3
5672.0,0.97,0.09
4285.0,0.703,-0.12
6011.9,1.15664,
5707.0,1.07,
4128.0,0.57,-0.24
5862.0,0.931,-0.14
4920.0,0.86,0.19
6121.0,1.249,-0.13
6060.0,0.925,-0.22
5789.0,1.159,-0.23
5534.0,0.796,-0.22
5934.0,0.91,
6018.0,1.52,0.09
6054.0,1.257,
5977.0,1.075,-0.1
3893.0,0.52,-0.15
5897.0,1.081,-0.1
5757.0,0.881,-0.06
5210.0,0.801,0.14
5780.0,1.166,
5661.0,0.934,0.0
6091.0,1.025,0.02
5945.0,1.169,
5936.0,0.965,0.07
3711.0,0.48,-0.09
5946.0,1.239,-0.257
5588.0,0.832,-0.1
5830.0,0.876,-0.14
5652.0,1.1,
6453.0,1.51,0.35
5988.0,1.236,-0.12
6426.0,1.154,-0.12
5820.0,1.31,0.06
,0.693,
,0.625,
,0.823,
5831.0,0.921,0.0
6046.0,1.007,0.07
4237.0,0.558,-0.48
5347.0,0.85,0.06
6001.0,1.13,0.01
5421.0,0.87,0.16
5196.0,0.8,-0.02
3340.0,0.265,-0.34
5520.0,0.904,0.08
5688.0,1.46,0.335
5538.0,1.07,0.18
5353.0,1.023,0.16
,0.65,
5743.0,1.0855,0.159
6080.0,1.2,-0.12
4237.0,0.65,
5837.0,1.51,0.1
5185.0,0.837,-0.06
5900.0,0.951,0.07
6119.0,0.981,-0.16
5707.0,1.018,-0.31
6167.0,0.913,-0.5
3889.72,0.587449,
6272.0,1.53,-0.27
6215.0,1.57,0.28
5726.0,1.483,0.21
4916.0,0.718,
5883.0,1.03,-0.14
,,
4999.0,0.843,0.18
3752.0,0.505,
,0.945,
5835.0,0.88,
5414.0,0.812,
5392.0,0.893,0.02
5269.0,0.831,
5850.0,1.187,-0.04
5568.0,1.034,0.06
6306.0,1.79,
5533.0,1.166,0.16
6023.0,1.32,
5739.0,0.896,-0.26
5786.0,1.471,-0.02
4950.0,0.736,0.01
4716.0,0.75,
5325.0,0.743,
6218.0,1.168,-0.36
5046.0,0.77,0.02
5986.0,1.13,
6282.0,1.549,-0.4
3458.0,0.391,0.1
3342.0,0.407103,
6034.0,1.0,
4690.0,0.71,0.06
5364.0,0.982,0.14
5743.0,1.53,0.27
5624.0,1.0,
5402.0,0.865,-0.24
6338.0,0.847,-0.8
3285.0,0.247331,
5796.0,0.871,-0.12
6123.0,1.27,0.13
5767.0,1.099,0.259
6182.0,1.28,0.02
4137.16,0.591697,
5889.54,1.20847,
5752.0,1.12196,
5731.0,1.19,-0.24
4777.0,0.561,-1.08
6106.0,1.359,0.33
5885.0,3.339,
4921.0,0.661,
5783.0,0.86,-0.34
6098.0,1.297,-0.02
6077.0,1.14,0.0
5166.0,0.79,
5681.0,0.9,
5679.0,0.94,-0.02
4345.0,0.521,-0.86
4839.0,0.72,-0.09
6767.9,1.77,
5627.0,0.808,-0.24
6450.0,1.627,
6057.0,1.0,-0.1
,0.806,
5900.0,1.694,0.0
4883.0,0.736,0.2
5772.0,0.901,0.0
6554.0,1.754,-0.07
6091.0,1.19,0.04
5726.0,1.243,-0.06
4848.0,0.73,-0.02
5569.0,0.887,0.21
6112.0,1.168,-0.34
6235.0,1.039,-0.08
6464.0,1.12,
5575.0,0.839,0.06
5594.0,1.037,0.37
4861.0,0.732,-0.08
5043.0,0.881,0.3
6127.0,1.35,0.07
5760.0,1.668,0.085
5678.0,0.99,-0.28
4909.0,0.726,
4629.0,0.67,-0.14
6063.0,1.012,0.07
3887.0,0.53,-0.08
5128.0,0.821,
5821.0,1.0,-0.03
6225.0,1.37,0.24
6060.0,1.095,-0.26
7490.0,2.082,0.15
4926.0,0.662,-0.36
3415.0,0.3155,-0.46
5988.0,0.934,-0.12
4897.0,0.74,-0.03
5977.0,1.00568,
4242.0,0.63,0.0
5456.0,2.154,-0.24
6020.0,0.829,-0.48
5492.0,0.809,-0.06
3226.0,0.2056,-0.3443
4461.0,0.585,-0.6
5306.0,0.965222,
5982.0,0.879,-0.28
4906.0,0.75,0.05
5693.0,0.888,
5552.0,0.833,-0.08
5257.0,0.874,-0.02
4610.0,0.65,-0.17
5019.9,0.95,
3415.0,0.303,-0.46
5871.0,0.973,
5986.0,1.27,
5403.0,0.906,-0.14
6363.0,1.012,-0.32
4386.0,0.63,-0.26
5794.0,1.0,-0.02
4505.0,0.658,-0.2
6050.0,1.216,
6418.0,1.31,
5750.0,1.342,
6245.0,1.065,-0.16
6122.0,0.964,-0.18
4910.0,0.8,
5455.0,0.852,-0.34
3433.0,0.43,
6006.0,1.35,
5705.0,0.952,0.05
6056.0,2.481,0.14
5328.63,1.0,
3731.0,0.498,-0.02
5784.0,1.147,0.05
3731.0,0.574,
,1.321,
5547.0,0.922,
6277.0,1.29,-0.22
6100.0,1.083,-0.12
6354.0,1.25,-0.36
3894.0,0.5,-0.28
6117.0,1.53,0.25
5988.0,0.934,-0.12
4841.0,0.779,0.1
6125.0,1.181,0.14
3931.0,0.53,-0.19
5624.0,1.244,0.04
5956.0,1.041,
6018.0,0.94,
4272.0,0.65,0.03
5892.0,1.06,0.0
6432.0,1.345,-0.34
5592.0,0.953,0.16
5657.0,1.046,0.0
5196.0,0.772,-0.3
5129.0,1.781,-0.16
5853.0,0.83,-0.36
4991.0,2.935,0.28
4413.0,0.671,0.08
5602.0,1.009,0.1
5194.0,0.815,0.14
5830.0,0.876,-0.14
5941.0,1.692,0.04
6000.0,1.088,
,0.54,
5211.0,0.895,0.08
5531.0,0.96,
5419.0,0.86,0.0
5103.0,0.859483,
5995.0,1.052,0.01
4963.0,0.826,0.16
5823.0,0.98,-0.06
4581.0,0.78,
3340.0,0.265,-0.34
5571.0,0.9,-0.01
5461.0,0.920435,
5553.0,0.943,0.4
5090.0,0.826,0.11
5809.9,1.04,
3300.0,0.2789,
5551.0,0.848,-0.1
5738.0,0.86,
4790.0,0.774,
4908.0,0.769,-0.13
5778.0,1.332,0.4
5874.0,0.89,
5411.1,0.92,
5985.0,0.981,-0.04
5956.0,1.098,-0.28
5693.0,0.914,
7454.0,1.645,-0.018
3535.0,0.465271,
5817.0,1.16,-0.05
5916.0,0.91,
,0.949,
6061.0,0.97,-0.1
5887.0,1.843,-0.18
5825.0,1.49,0.02
5964.0,1.1,0.04
5669.0,0.85,
4324.0,0.788,-0.06
5121.0,0.74,-0.08
6117.0,1.025,-0.02
5210.0,0.801,0.21
6173.0,1.108,0.21
5696.0,0.88,
4461.0,0.585,-0.6
5064.0,0.864,0.18
3985.0,0.56,-0.12
5221.0,1.17,
3212.0,0.189,0.0
5883.0,1.074,-0.16
4591.0,0.665648,-0.18
4701.0,0.645,
5717.0,0.864,-0.08
4709.0,0.685,-0.08
,,
5704.0,1.437,-0.14
5997.0,0.904,-0.22
5947.0,1.655,
3386.0,0.38,-0.17
5994.0,1.001,
4916.0,0.718,
6063.0,1.012,0.07
5998.0,1.15,0.07
5811.0,1.03,0.1
,1.241,
5890.0,0.925,
5212.0,0.81,-0.03
5738.0,0.819,-0.64
6087.0,1.226,
5740.0,1.285,0.18
5675.0,1.042,-0.18
6131.0,1.24,0.04
5757.0,0.762,-0.5
4147.0,0.706632,
6136.0,1.7,0.0
5545.0,1.174,0.07
5638.0,1.10646,
3872.0,0.557,0.12
6218.0,1.168,-0.36
5111.9,0.860256,
5386.0,0.883,-0.04
5916.0,0.91,
6360.0,1.571,
5941.0,0.911,-0.14
,0.271,
6170.0,0.992,-0.16
6065.0,1.006,-0.28
6198.0,1.324,-0.04
5459.0,2.086,0.13
6103.0,1.024,-0.26
4496.0,0.658,0.06
5678.0,0.999,
5854.0,1.602,
5244.0,0.81,-0.04
5191.0,0.902,0.152
5748.0,1.01,
5914.0,0.987,-0.22
3461.0,0.424,-0.07
5240.0,0.77,
5587.0,0.978,-0.26
5665.0,0.85,
5599.0,0.929546,0.06
5229.0,0.688,-0.42
4955.0,0.721,-0.1
,0.86,
5883.0,1.53,
5787.0,0.851,-0.18
5853.0,0.895,-0.1
5804.0,1.39,0.16
5565.0,0.802,-0.2
4840.0,4.23,0.2
4859.0,0.757,-0.02
5605.0,0.95,0.1
9578.0,2.2,
5413.0,0.865,-0.02
5934.0,0.893,-0.38
5356.0,1.055,0.2
5831.0,1.238,0.1
3717.0,0.605,
,1.071,
5693.0,0.856,-0.08
5433.0,1.107,0.16
5103.0,0.883426,
6900.0,1.91,-0.1
5674.0,0.87,0.047
5500.0,0.9,0.0
6200.0,1.03,
4743.0,0.81,0.4
5491.0,1.677,-0.2
3840.6,0.542,
5900.0,1.694,0.0
5630.0,0.95,0.03
4563.0,0.642,-0.32
5078.0,0.75,
5574.0,1.065,0.12
5733.0,0.855,-0.12
5434.0,0.93,
5099.0,0.78,0.0
4917.0,0.7,
,,
5735.0,0.854,-0.14
6046.0,1.9322,0.395
5846.0,0.998,0.1
5853.0,0.895,-0.1
6343.0,1.137,0.07
5496.0,0.827,-0.46
5814.0,1.248,0.16
5015.0,0.768067,0.03
,0.748,
5995.0,1.011,-0.58
5709.0,0.818,-0.7
5746.0,1.133,0.0
4648.0,0.68,-0.11
5940.7,1.49,
5719.0,0.92,-0.02
5948.0,1.025,-0.26
,0.921,
6091.0,1.26,
5791.0,0.958,0.21
5110.91,0.747752,
6200.0,1.28,0.04
6214.0,1.076,0.07
4944.0,0.739,
5900.0,1.07,-0.12
5394.0,0.89,
5505.0,0.873,-0.04
6210.0,1.1,-0.02
6688.0,1.347,0.07
3829.0,0.589,
5728.0,0.99,0.06
5452.0,0.9,0.36
5178.0,0.797,0.16
4575.0,0.66,-0.11
4791.0,0.742,0.07
5634.0,0.9169,0.079
5636.0,1.354,0.42
6749.0,1.484,-0.04
6157.0,1.33,-0.08
5711.0,0.961,-0.03
5325.0,0.75,
5937.0,0.832,-0.4
4255.0,0.651,-0.28
6540.6,1.71,
4402.71,0.619575,
5625.0,0.902,0.0
5149.0,0.93,0.42
5897.0,1.259,0.02
5558.0,0.86,-0.37
5666.0,1.05,0.02
5544.0,0.764,-0.36
5703.0,0.92,
5849.0,1.497,
5786.0,1.017,0.06
3727.0,0.5,0.04
6250.0,1.04,
5588.0,0.817,
6378.0,2.075,-0.02
6164.0,1.045,-0.02
6321.0,1.058,-0.16
6302.0,1.269,-0.18
4021.0,0.462,
4817.0,0.73,0.05
3799.0,0.492,
5621.0,0.997,
5078.2,0.833198,
6351.0,1.61988,
5497.0,0.839,0.07
3891.0,0.57,
5710.0,1.258,-0.21
6241.0,1.494,
5945.0,1.099,-0.34
4695.0,0.686484,-0.14
5878.6,1.24,
5851.0,1.115,-0.26
6071.0,1.12,
6056.0,1.498,0.36
5314.0,0.78,
5093.0,0.847,0.08
6121.0,1.249,-0.13
4200.0,0.607,-0.12
5626.0,1.067,0.44
6320.0,1.36,
5444.0,0.76,
3807.0,0.47,
5372.0,0.916,-0.02
6314.0,1.461,-0.14
4861.0,0.732,-0.08
6150.0,1.094,-0.29
6236.0,1.706,0.28
5087.0,0.7984,0.105
5495.0,0.9164,0.07
5625.0,0.95,
6007.0,2.069,
6078.0,1.189,-0.16
5897.0,1.38188,
5883.0,1.53,
6181.0,1.331,-0.02
5169.0,0.8,-0.02
5911.0,1.626,-0.2
5473.0,1.061,0.18
5957.0,1.592,-0.1
5822.0,0.851,-0.28
5926.0,0.887,-0.2
5423.0,1.119,0.24
5408.0,0.861,-0.06
4621.0,0.668,-0.24
6102.0,1.026,0.0
5618.0,0.811,-0.22
4650.0,0.701,-0.29
6034.0,0.95,
5149.0,0.93,0.42
5015.0,0.826,0.1
3329.0,0.374139,
6002.0,1.052,-0.27
5194.0,0.74,
5100.0,0.738,-0.25
5846.0,1.419,-0.12
6192.0,1.23,-0.46
5783.0,0.88,-0.08
3515.0,0.4,0.1
4868.0,0.746,0.14
6522.0,1.215,-0.22
5847.0,1.362,
5762.0,0.98,-0.03
6167.0,1.689,-0.12
5670.0,0.881,0.05
4750.0,0.639,-0.13
5921.0,1.05,0.01
6244.0,1.154,0.21
5665.0,0.968,0.1
5927.0,1.05,-0.01
3694.0,0.464,-0.1
3624.0,0.49012,
,0.948,
5508.0,1.224,
5157.0,0.904,0.18
5350.0,0.86,0.02
5775.0,1.25,-0.46
6283.0,0.984,-0.3
4040.0,0.57,-0.14
5228.0,0.842,
6046.0,0.972,-0.08
3900.0,0.537,-0.1
6016.4,1.72,
5741.0,0.946,0.12
6333.0,1.438,0.16
5595.0,1.001,
6094.0,1.838,
5065.0,0.755,
6032.0,1.001,-0.02
6191.0,1.007,-0.24
6133.0,1.396,0.14
5841.0,0.881,
5297.0,0.929,
6096.0,1.077,-0.04
6156.0,1.18,0.0
5970.0,0.908,-0.18
3977.0,0.54,-0.2
5905.0,0.9,
3292.0,0.148,-0.42
4954.0,0.885,0.44
27730.0,0.203,
,1.013,
5348.0,0.787,
5178.0,0.737,
5877.0,1.18,
5722.0,1.185,0.07
5485.0,0.85,-0.12
5414.0,0.805,0.12
5967.0,1.1,0.04
5800.0,1.06,0.07
5792.0,0.819,-0.32
4841.0,0.69,-0.06
6085.0,0.962,-0.26
5679.0,0.841,-0.14
,1.69,
,,
4552.0,0.665,-0.284
5958.0,1.11,0.03
5900.0,0.929,-0.1
5684.0,1.123,
6428.0,1.11,
5430.0,1.13,0.05
6086.0,1.216,-0.16
6224.0,1.113,
5770.0,1.641,0.29
6122.0,1.047,-0.14
6122.0,1.21,0.02
4237.0,0.558,-0.48
5394.0,0.930331,
3880.0,0.49,-0.28
6188.0,1.01,
6381.0,2.232,-0.08
5048.0,3.549,-0.03
5460.0,0.9105,0.146
4045.0,0.515,-0.48
4500.0,0.688,0.28
6453.0,1.53,0.05
5690.0,1.02,0.04
5680.0,1.1,0.0
4201.93,0.632571,
4827.0,0.823,0.32
3770.2,0.527,0.022
6343.0,1.115,-0.16
6461.0,1.19,-0.12
5802.0,1.7,0.1
5808.0,1.374,0.14
5730.0,0.95,0.12
6290.0,1.68,0.14
5737.0,1.332,0.19
6490.0,2.179,0.08
5014.0,0.76,0.0
5097.0,0.78,-0.01
,0.375,0.06
5230.0,0.88,0.38
5679.0,0.85,-0.17
5400.0,0.89,-0.12
6266.0,1.522,-0.28
6068.0,1.16,0.02
5589.0,0.91,-0.02
4969.0,0.72,
5391.0,0.840576,
3816.0,0.51,-0.05
4821.0,0.788,0.16
4951.0,0.768,
5706.0,0.93,-0.07
5354.0,0.765,-0.18
6045.0,1.298,0.16
6470.0,1.59715,
5796.0,0.871,-0.12
5935.0,1.06,0.01
5378.0,0.732,-0.44
6119.0,1.15,0.25
4988.0,0.766,0.1
6112.0,1.612,
5359.0,0.889,-0.04
3458.0,0.391,
5857.0,1.364,0.26
,,
6484.0,1.173,-0.08
5295.0,0.8,-0.1
5697.0,0.89,-0.08
5588.0,0.863,0.12
5488.0,0.9,
4591.0,0.709,0.0
4715.0,0.813,0.144
3461.0,0.424,-0.07
6046.0,0.972,-0.08
5729.0,0.92,
3728.0,0.539092,
5774.0,0.864,-0.22
5100.0,0.84,0.27
5392.9,1.27,
5823.0,0.88,
5934.0,0.893,-0.38
7044.0,1.95,-0.01
5239.0,0.792,-0.26
6765.0,1.439,0.21
5909.0,1.06,0.05
6127.0,1.637,-0.12
5619.0,0.965,
6086.0,0.921,-0.26
6120.0,2.0,0.02
4385.0,0.706,0.38
6495.0,1.168,-0.1
6089.0,1.25,-0.15
6343.0,1.137,0.07
5674.0,0.834,
5910.0,0.94,-0.02
5171.0,0.8,-0.03
6210.0,1.033,-0.1
5960.0,0.906,-0.2
5430.0,0.86,0.1
6015.0,1.185,0.1
6032.0,1.06,-0.14
6261.0,1.39,0.24
5722.0,1.213,
5585.0,0.949,-0.04
5756.0,0.967,-0.18
4372.0,0.67,0.2
5940.0,1.08,-0.11
5838.0,0.897,-0.08
6273.0,1.139,-0.06
6202.0,1.072,-0.12
6057.0,0.829,-0.5
5029.5,0.76,
5884.0,0.966,0.21
5202.0,0.811,0.14
5529.0,0.922,0.17
5781.0,1.01034,
6343.0,1.137,0.07
6092.0,0.943,-0.22
5404.0,0.862346,
6306.0,1.06,
6765.0,1.439,0.21
4290.0,0.71,0.04
4426.0,0.729,-0.08
3297.0,0.3273,-0.31
4686.0,0.758,0.15
5523.0,0.946,0.02
5619.0,1.18,
5656.0,0.88,
4074.0,0.635754,
4500.0,0.633,-0.32
5970.0,1.369,0.2
6001.0,1.255,
5105.0,0.801,
6225.0,1.031,-0.12
6085.0,0.973,-0.28
6122.0,0.964,-0.18
5923.0,1.14,-0.06
5923.0,1.041,
5931.0,1.15,0.07
5513.0,0.818,-0.16
4187.0,0.57,-0.32
5365.0,0.947,
6258.0,1.239,0.0
3582.0,0.458,0.18
5500.0,0.682,-0.82
3695.0,0.45,-0.19
8039.0,1.6008,
5015.0,0.826,0.1
6224.0,1.32,0.07
5704.0,1.478,
4662.41,0.696274,0.2291
5532.0,0.955,0.14
4026.0,0.607,-0.47
5455.0,0.989,
5745.0,1.07,0.04
5364.0,1.6,
5494.0,1.58042,
4433.0,0.67,0.01
5646.0,0.817,-0.28
6133.0,1.24,
5805.0,1.05,0.13
5079.0,0.751,-0.04
6347.0,1.036,-0.32
6065.0,1.436,0.16
5062.0,0.66,
5418.0,0.86,0.01
5939.0,1.303,
6195.0,1.05,
5202.0,0.811,0.14
5835.0,0.99,0.12
3364.0,0.274,-0.06
5600.0,1.038,
5411.0,0.888,0.0
5897.0,1.139,-0.03
5003.0,0.797,-0.02
6760.0,1.57,
6239.0,1.358,
5833.0,1.022,-0.04
6054.0,0.95,
5982.0,0.879,-0.28
8894.8,1.62,
6140.0,1.406,
5421.0,0.89,0.03
6290.0,1.18,-0.24
5862.0,0.931,-0.14
5559.0,0.79,-0.64
5767.0,1.135,-0.14
5504.0,1.737,0.3
6220.0,1.328,0.02
5534.0,1.08,0.14
7063.0,1.37,
5911.0,1.21,0.12
4896.0,0.679,
5866.0,1.439,0.32
5153.0,0.759,-0.04
6202.0,1.072,-0.12
3751.0,0.58,0.5
3896.0,0.561,-0.32
5995.0,1.118,-0.04
6010.0,1.70948,
5816.0,0.958,
3272.0,0.401575,
4540.0,0.678,0.04
5904.0,1.07,0.03
5722.0,0.835,-0.2
5908.0,1.0311,0.11
5835.0,1.103,
3593.0,0.559,
5468.0,0.91,
5860.0,1.21151,
5433.0,0.869,
5887.0,1.07,0.09
5972.0,1.24,0.23
6102.0,1.201,-0.24
6132.0,1.29,0.14
5988.0,1.236,-0.12
5968.0,0.881,-0.26
,,
5257.0,0.86,0.17
5041.0,0.857,0.18
,0.823,
5919.0,1.01,
4620.0,0.71,
5434.91,0.986943,
6158.0,1.55,
4605.0,0.667,
5109.0,0.752,-0.23
4505.0,0.666,-0.1
5833.0,1.022,-0.04
6498.0,1.2427,
5626.0,1.067,0.44
5274.0,0.762,-0.14
5751.0,0.848,-0.28
4137.0,0.612,0.0
5093.0,0.709,-0.38
4660.0,0.86,-0.26
5870.0,1.09,
5363.0,1.58,
5675.0,1.042,-0.18
5185.0,0.837,-0.06
,,
5661.0,1.008,0.1
5604.0,0.918,
5299.0,0.826,
5541.0,0.934,0.12
5906.0,0.835,-0.76
3716.0,0.506,0.04
5489.0,1.924,
5913.0,0.976,
5714.0,0.909,
5726.0,1.042,
3887.0,0.53,-0.08
6194.0,1.069,0.07
5380.0,0.98,0.25
5734.0,0.766,-0.48
5397.0,0.9,0.16
5190.0,0.89,
,,
5173.0,0.803,0.21
6116.0,1.25,0.06
5936.0,1.18,0.11
5657.0,1.046,0.0
6008.0,1.12,
6197.0,1.06,-0.3
4854.0,1.749,0.56
6040.0,0.999,-0.02
5887.0,1.146,
3847.0,0.537,
6038.0,1.088,-0.24
6419.0,1.188,-0.2
5645.0,1.103,0.23
5416.0,0.87,0.03
5238.0,0.819,
5054.0,0.76,
6089.0,1.024,0.07
5935.0,1.08,0.05
3716.0,0.485,
5571.0,0.91,0.02
5800.0,1.567,0.34
4621.0,0.650657,-0.26
4891.0,0.726632,
6036.0,2.21867,
5825.0,1.49,0.02
5094.0,0.87,0.16
5753.0,0.88,-0.34
5230.0,0.82,0.03
5478.0,1.053,0.16
6150.0,1.76,0.21
5735.0,1.099,0.02
3631.0,0.46,-0.01
5825.0,1.003,-0.22
6129.0,1.129,
5338.0,0.816,0.0
6050.0,1.38,0.4
3854.0,0.617863,
6011.0,1.041,0.14
5697.0,0.884,-0.2
6255.0,1.04,
5894.0,1.14,0.34
6194.0,1.02,-0.12
5324.0,0.761,-0.18
5775.0,0.84,-0.22
5962.0,1.028,0.0
5970.0,1.015,0.1
5151.0,0.8155,-0.02
5856.0,1.361,0.13
5949.0,0.937,-0.1
6149.0,1.5092,0.16
3946.0,0.623609,
5902.0,1.513,0.16
5674.0,0.782,-0.38
4828.0,0.74,0.01
5926.0,0.887,-0.2
5775.0,1.114,-0.34
5732.0,1.105,-0.102
6290.0,1.09,
5481.0,1.036,0.16
5742.0,0.91,-0.12
5569.0,1.019,-0.02
4199.0,0.63,
4003.0,0.56,-0.13
5880.0,0.917,-0.06
3834.0,0.539,-0.02
3903.0,0.523,-0.2
6085.0,0.973,-0.28
5910.0,1.25505,
3679.0,0.47,-0.02
4041.0,0.567,-0.14
6029.0,0.865,-0.4
5088.0,0.806,-0.06
5550.0,1.032,0.16
5920.0,1.03,-0.08
5845.0,1.436,0.07
5973.0,1.305,-0.34
5325.0,0.985,0.14
,0.749,
5911.0,1.626,-0.2
3552.0,0.499698,
6296.0,1.006,-0.26
6111.0,1.2,0.03
5631.0,0.96,-0.02
5657.0,0.855,-0.26
6486.0,1.485,-0.34
5636.0,0.93,0.04
5000.0,0.79,0.03
3740.0,0.48,-0.08
5750.0,1.571,
6200.0,1.64,-0.06
6300.0,,
5626.0,1.419,
5915.0,1.5,
5258.0,0.793,0.04
,0.4,
5427.0,0.929,0.16
6036.0,1.213,0.12
8848.0,2.68,
6967.0,2.527,-0.02
5550.0,0.862,
3578.0,0.382,-0.051
5579.0,1.329,0.28
3903.0,0.523,-0.2
5811.0,1.03,0.1
5837.0,1.42,
,0.872,
6442.0,1.73,0.22
3878.0,0.51,-0.2
5977.0,1.022,0.21
5897.0,1.157,
6780.0,1.68,
5712.0,0.87,-0.1
6164.0,1.825,-0.1
5376.0,0.825,-0.16
6045.0,2.066,0.0
5573.0,0.933,
6022.0,1.345,0.32
4350.0,0.61,
5602.0,0.894,0.1
6085.0,1.09,0.12
3844.0,0.62859,
5828.0,1.548,-0.05
5196.0,0.657,-0.54
3147.0,0.240807,
3810.0,0.54,-0.1
3329.0,0.374139,
3568.0,0.482,
5732.0,1.324,-0.11
6131.0,2.134,0.13
5190.0,0.831,0.1
5938.0,1.33,
5149.0,0.815,0.26
5937.0,0.832,-0.4
4564.0,0.691,-0.06
5897.0,1.081,-0.1
5870.0,0.983,-0.06
6046.0,0.972,-0.08
5991.0,2.168,0.373
4650.0,0.701,-0.29
6024.0,1.25,
5516.0,0.895,-0.2
6432.0,1.345,-0.34
6446.0,1.637,0.05
6147.0,1.21,-0.03
5659.0,1.626,0.2
5893.0,1.05,0.03
5698.0,0.94,-0.21
5620.0,1.041,
6304.0,1.215,0.13
5831.0,1.121,0.16
6009.0,1.492,0.16
5324.0,0.761,-0.18
5723.0,1.293,
3721.0,0.52,0.19
3893.0,0.52,-0.15
6327.0,1.175,-0.14
5611.0,1.791,0.02
5235.0,0.73,
5071.0,0.77,
6341.0,1.033,-0.24
5776.0,0.965,0.1
5612.0,0.93,0.03
3735.0,0.4,-0.5
3968.0,0.641,
5147.0,0.81,0.07
,1.754,
6025.0,1.15,
5565.0,1.006,-0.06
3759.0,0.44,-0.24
5344.0,1.013,0.16
5776.0,0.986,
6132.0,1.2,
5058.0,0.75,
6513.0,1.73931,
,1.37,
3757.0,0.576,0.48
4750.0,0.77,0.1
5880.0,0.917,-0.06
4723.0,0.691,0.02
5926.0,1.534,
3725.0,0.5,-0.03
5951.0,1.693,-0.08
3980.0,0.6243,0.25
6106.0,0.844,-0.5
5146.0,0.866139,
5924.0,0.91,
3591.0,0.471,
5248.0,0.813,0.04
4451.0,0.72,
5761.0,1.208,0.48
4965.0,0.76,0.01
5926.0,0.963,0.07
5404.0,0.892,
5827.0,0.999,-0.08
5238.0,0.84,
6000.0,1.147,
6051.0,1.137,
6197.0,2.188,-0.32
5622.0,0.87,-0.04
5796.0,0.871,-0.12
6184.0,1.52,
5165.0,0.702,-0.32
4463.0,0.611,-0.24
5291.0,0.882,0.14
4103.0,0.6,-0.04
5659.0,1.619,0.29
5993.0,1.087,-0.14
6015.0,1.211,
5909.0,1.012,
5641.0,0.831,-0.16
5046.0,0.69,
6453.0,1.28,-0.18
5710.0,1.892,0.215
5167.0,0.796,0.16
5122.0,0.76,
5717.0,0.864,-0.08
6090.0,1.55,
,,
5858.0,1.886,0.06
6378.0,2.075,-0.02
3290.0,0.28,0.332
6431.0,1.223,0.03
5149.6,0.77,
4465.0,0.582,
,0.914,
5556.0,1.18,
6496.0,1.54,0.04
3992.0,0.532439,
5968.88,1.0645,
5864.0,0.842,-0.28
5101.0,0.67,-0.5
3304.0,0.286178,
6340.0,1.22,-0.076
5607.0,1.14,0.12
5106.0,0.78,0.03
5374.0,0.78,-0.25
5854.0,0.867,-0.76
5980.0,1.25,0.05
5425.0,0.872288,0.23
3683.0,0.424,-0.22
5386.0,0.883,-0.04
6103.0,1.565,-0.06
5973.0,0.826,-0.46
6292.0,1.267,-0.08
5876.0,1.456,0.14
6453.0,1.28,-0.18
6145.0,1.472,0.04
5839.0,1.25,-0.26
3424.0,0.22,-0.5
6170.0,1.48,0.26
6032.0,0.973,-0.06
5919.0,1.12,0.02
5670.0,0.881,0.05
5530.0,0.832,
5752.0,1.003,
5052.0,0.855,0.16
5971.0,1.12,0.08
4921.0,0.661,
5151.0,0.792,0.21
,,
6383.0,1.819,0.17
6220.0,1.114,
5739.0,0.899,-0.05
5003.0,0.738,-0.06
3726.0,0.47,-0.12
5094.0,0.807,
5771.0,1.18,
5257.0,0.821,0.12
4983.0,0.651,-0.44
6021.0,1.0,
5880.0,1.433,0.08
4916.0,0.718,-0.09
6090.0,1.052,-0.2
5451.0,0.839,-0.12
5409.0,0.746,-0.3
6015.0,1.185,0.1
3360.0,0.382,0.09
6099.0,1.147,0.02
5175.0,0.771,-0.08
5303.0,0.753,-0.4
6254.0,1.281,-0.278
3433.0,0.427953,
4719.0,0.502,-1.7
6285.0,1.12,
5627.0,1.056,-0.15
5466.0,0.906,
3894.0,0.541,-0.1
6090.0,1.65,-0.02
4665.0,0.679,-0.2
5951.0,1.357,0.12
5900.0,1.002,-0.36
6915.0,1.448,0.02
,,
4944.0,0.745987,-0.03
5200.0,0.89,0.3
6484.0,1.064,
,0.92,
5079.0,0.751,-0.04
5216.0,0.79,0.06
5382.0,0.827,0.1
6208.0,1.009,-0.16
3551.0,0.475,-0.13
4973.0,0.768,-0.08
6075.0,0.969,-0.12
6283.0,1.51,
5260.0,0.774,
5400.0,0.843,-0.12
4208.0,0.59,-0.19
5307.0,0.767,
4816.0,0.748,0.24
3747.0,0.658853,
5866.0,0.903,-0.18
5007.0,0.76,
3614.0,0.507628,
6032.0,0.935,-0.78
5814.0,1.021,
5830.0,0.876,-0.14
5789.0,1.142,
5424.8,0.916164,
3522.0,0.48,
6168.0,1.22,0.26
3526.0,0.383,-0.08
3731.0,0.498,-0.02
5445.0,1.46,-0.06
5367.0,0.814,0.19
5820.0,1.64,0.27
4859.0,0.699,0.11
6011.2,1.13476,
5274.0,0.855,-0.03
5334.0,1.004,0.16
6000.0,1.215,
4251.0,0.6,-0.17
5599.0,1.087,
5717.0,0.98,0.04
5800.0,1.003,-0.4
,,
5535.0,0.9,0.03
5897.0,1.081,-0.1
5100.0,0.748,
5152.0,0.77,
5887.0,1.146,
5821.0,1.494,0.04
3825.0,0.524,0.07
5339.9,0.99,
5763.0,1.098,
5170.0,0.807,0.18
5238.0,0.752,-0.16
5374.0,0.82,
6046.0,1.396,-0.16
6389.0,1.316,0.06
5323.0,0.85,
4621.0,0.758575,
5955.0,0.91,-0.16
5174.0,0.751,-0.12
6102.0,1.026,0.0
6290.0,1.64,0.14
5638.0,1.153,0.32
6065.0,1.731,0.09
5604.0,0.912,0.18
5952.0,1.11,-0.19
6092.0,0.943,-0.22
3608.0,0.4,-0.2
5137.0,0.776,0.2
4441.0,0.53,-0.98
5479.0,0.85,-0.11
6398.0,1.337,-0.08
5518.0,1.008,0.16
4869.84,0.732535,
5208.0,0.786,
5600.0,0.987,
5159.0,0.821,0.16
4984.0,0.809,0.08
6317.0,1.07,
3322.0,0.35,0.27
5723.87,0.864173,
,0.51,
6730.0,1.52,-0.1
4217.0,0.62,-0.05
5235.0,0.75,
5449.5,1.38,
5955.0,0.91,-0.16
6733.0,1.59,
6432.0,1.3,-0.14
5936.0,1.374,
5600.0,1.01,-0.07
6082.0,1.53,
6101.0,1.11672,
6188.0,2.62,
5375.0,2.69,0.17
6150.0,0.851,-0.5
6100.0,1.083,-0.12
4530.0,1.3,
5471.0,1.047,-0.01
5614.0,0.827,-0.14
5417.0,0.772,-0.32
5630.0,1.087,0.07
5859.0,1.013236,0.19
5755.0,1.361,-0.52
6130.0,1.156,
4200.0,0.682,
6070.0,1.431,-0.08
5951.0,1.4,0.19
5706.0,1.026,0.15
3835.0,0.6,-0.01
5478.0,1.679,0.35
5271.0,0.798,
5477.0,0.88,0.03
5974.0,0.881,-0.42
5466.0,0.946,-0.12
5155.0,0.778,-0.06
5220.0,0.77,
4959.0,0.756,0.16
,,
5834.0,1.471,
6495.0,1.168,-0.1
5678.0,1.303,0.2
5268.0,0.82,0.01
,1.321,
5945.0,1.302,-0.08
6004.0,0.977,-0.02
6071.0,1.507,
5418.0,0.840971,
6026.0,1.108,-0.02
4710.0,0.699,-0.16
6213.0,1.195,0.36
5551.0,1.301,
5446.0,0.72,-0.46
5594.0,0.935,-0.32
6197.0,1.192,
4515.0,0.681,
,,
,1.629,
5761.0,1.208,0.48
6238.0,1.054,-0.4
6003.0,0.932,-0.14
5244.0,0.888,0.02
3545.0,0.316,-0.36
5739.0,1.384,0.3
5648.0,1.611,
5303.0,0.828,0.18
6068.0,0.829,-0.5
6134.0,1.11,
4505.0,0.658,-0.2
5843.0,0.88,
6297.0,1.29988,
6091.0,1.01,-0.04
5910.0,0.94,-0.02
,1.075,
5437.0,0.901,
4255.0,0.554,
,0.734,
6065.0,1.061,0.21
6201.0,1.31,-0.14
,,
6100.0,1.083,-0.12
4938.0,1.221,
5526.0,0.903,
6034.0,1.592,-0.14
5486.0,0.961,0.14
5508.0,0.87,-0.07
5031.0,0.74,
4500.0,0.677,-0.02
5129.0,1.781,-0.16
5709.0,0.818,-0.7
6483.0,1.31,-0.18
6340.0,1.26304,
5868.0,0.894,-0.12
6337.0,1.21,
5230.0,0.85,0.02
5288.0,0.919,
5264.0,0.83,
4970.0,1.32,
,0.811,
5108.0,0.756,
5749.0,0.991,0.36
5707.0,0.929,0.11
5769.0,0.96,-0.08
4545.43,0.713599,
,,
4230.0,0.55,
5120.0,0.77,
6003.0,0.932,-0.14
5953.0,0.926,-0.24
6024.0,1.434,
5588.0,1.593,0.14
5417.0,0.77,-0.32
5705.0,1.141,0.235
5977.0,1.075,-0.1
5477.0,0.815,-0.06
6061.0,0.97,-0.1
5495.0,0.9639,0.07
5898.0,1.752,-0.01
5295.0,0.8,-0.1
4966.0,0.677,-0.24
4866.0,0.665,-0.47
6239.0,1.358,-0.14
4797.0,0.653,-0.46
4650.0,0.701,-0.29
5907.0,1.415,0.27
6602.0,1.685,-0.12
5806.0,0.899,-0.04
4739.0,0.75,0.3
5421.0,0.87,0.16
5749.0,0.982,-0.18
5943.0,1.15706,
6320.0,1.273,-0.1
5739.0,0.928,-0.02
3996.0,0.495,-0.51
5807.0,1.06,0.02
5957.0,0.937,-0.08
5696.0,1.331,0.44
6018.0,0.969,-0.2
5658.0,0.948,-0.2
5759.0,2.127,0.3
4557.0,0.67,-0.06
4981.07,0.886956,
5210.0,0.834,
3887.0,0.53,-0.08
6032.0,0.935,-0.78
3813.0,0.477,-0.3
6195.0,1.124,0.12
4023.0,0.57,-0.11
5586.0,1.05,
5355.0,0.803,0.0
5763.0,0.99,
6247.0,0.954,-0.34
5588.0,0.796,-0.3
5544.0,1.029,0.32
4224.0,0.603,-0.2
5492.0,0.828,
6188.0,1.465,-0.08
4818.0,0.856,0.56
5677.0,0.828,-0.18
5050.0,0.752,-0.03
5803.0,0.87,
5806.0,0.854,-0.2
5545.0,0.89,-0.04
4555.0,0.638,-0.3
5106.0,0.647,-0.54
4821.0,0.788,0.16
5608.0,0.985,
5534.0,0.907,-0.07
4208.0,0.59,-0.19
5427.0,0.945,-0.16
4149.0,0.537,
3985.0,0.54,-0.22
5900.0,1.14,-0.04
6004.0,1.12,
5646.0,0.841,-0.14
3855.0,0.498,
4523.0,0.541,-0.98
6032.0,0.973,-0.06
3920.0,0.6,
5868.0,0.894,-0.12
3442.0,0.404403,
4899.0,0.832,0.42
5875.0,0.96,
6285.0,1.348,
5851.0,1.381,0.09
5211.0,0.689,-0.4
5578.0,0.757,-0.52
5706.0,2.35,
6089.0,1.024,0.07
5463.0,0.915,
6225.0,1.277,
5257.0,0.874,-0.02
5786.0,0.99,0.16
5210.0,0.72,
5742.22,1.17321,
5148.0,0.78,-0.03
5281.0,0.81,-0.1
6449.0,1.241,0.21
3410.0,1.1,
3959.0,0.561356,
5325.0,0.863,0.36
6075.0,0.969,-0.12
5778.0,1.332,0.4
,0.226,
5716.0,0.872,-0.04
5171.0,0.801,0.0
6174.0,1.103,0.1
6043.0,1.097,-0.16
4557.0,0.612,
,,
3896.0,0.52,-0.2
5011.0,0.74,-0.08
,,
6060.0,2.612,
4652.0,0.697,0.02
5897.0,1.081,-0.1
5880.0,0.93,
3761.0,0.46,-0.21
3976.0,0.54,-0.2
5271.0,0.821,0.21
4249.0,0.557,
5200.0,0.81,0.0
5557.0,0.752,-0.42
6018.0,0.829,
5569.0,0.887,0.21
6033.0,1.046,0.21
,1.006,
6458.0,1.142,-0.14
4817.0,0.833,0.42
,,
5446.0,0.766,0.0
,1.345,
5482.0,0.87,0.09
5920.0,1.598,0.26
5717.0,0.884,0.0
4967.0,0.67,-0.36
5588.0,0.863,0.12
5657.0,0.947,-0.08
5550.0,0.918,0.384
6600.0,1.591,0.11
6331.0,1.442,-0.1
4719.0,0.81,
5041.0,0.766,0.02
5914.0,0.987,-0.22
5627.0,0.945,0.0
5210.0,0.801,0.14
5707.0,1.929,
5396.0,0.766,-0.2
6389.0,1.316,0.06
,1.23,
5761.0,1.208,0.48
5829.0,1.017,
,,
,0.65,
5962.0,1.028,0.0
6600.0,1.69,0.03
5674.0,0.87,0.047
5856.0,1.092,0.16
6086.0,1.122,0.06
5823.0,0.972,0.06
4083.0,0.519,-0.5
,,
5885.0,1.111,0.0
6007.0,1.3174,0.215
8511.0,1.756,
6204.0,1.36,0.26
5979.0,1.652,
4024.0,0.553,-0.2
5854.0,1.33729,
5524.0,0.8,
6069.0,0.96,
5533.0,1.166,0.16
5749.0,0.83,-0.24
6235.0,1.29462,0.14
,1.197,
6065.0,1.769,
6041.0,1.332,0.33
6270.0,1.31,-0.04
6279.0,1.194,-0.54
4163.9,0.63,
5871.0,1.044,0.049
4044.0,0.435,
6520.0,1.215,0.07
5651.0,1.284,
5774.0,0.941,0.12
5590.0,1.79,0.01
4657.0,0.67,0.02
6464.0,1.35,
5423.0,1.119,0.24
5837.0,1.09,0.01
3770.0,0.563,0.48
3194.0,0.287497,
5537.0,1.65,0.36
4358.0,0.62,-0.18
5509.0,1.169,0.14
5728.0,0.890903,-0.2
6356.0,1.32,-0.03
5684.0,1.415,0.02
6322.0,1.131,-0.12
3547.0,0.415961,
5982.0,1.109202,0.16
3926.0,0.616,0.433
5984.0,0.906,-0.2
3900.0,0.53,0.0
6505.0,1.163,-0.12
6650.0,1.572,-0.19
6215.0,1.57,0.28
6002.0,1.881,0.035
5190.0,0.831,
6313.0,1.25,
4936.0,0.761,-0.08
6474.0,1.242,-0.16
5100.0,0.794,
6142.0,1.2,-0.04
6528.0,1.155,-0.16
5637.0,0.909,-0.06
6224.0,0.969,-0.72
5405.0,1.022,0.21
6522.0,1.215,-0.22
5578.0,0.83,
5763.0,0.957,-0.56
6012.0,1.024,
4709.0,0.648,
5696.0,0.88,
6207.0,1.01,
3770.0,0.5066,-0.16
3799.0,0.492,-0.2
6554.0,2.113,0.22
6068.0,1.797,0.16
5915.0,1.115,-0.12
3807.0,0.47,-0.26
3921.0,0.58,
5898.0,1.05,0.03
4535.0,0.586,
5960.0,1.12,0.24
6235.0,1.36,0.08
3327.0,0.189,-0.38
4954.0,0.719,
4540.37,0.729825,
5550.0,0.95,-0.1
6282.0,1.549,-0.4
8241.0,3.177,-0.1
5505.0,0.909,0.16
6045.0,1.224,
5819.0,1.788,0.25
5260.0,0.965,
5230.0,0.777,0.0
5827.0,0.999,-0.08
5843.0,1.268,-0.38
5832.0,1.03,
5332.0,0.998,0.43
5825.0,0.923,0.02
5875.23,1.25931,0.126
5956.0,0.93,
5282.0,0.822,0.098
5970.0,0.908,-0.18
5851.0,1.411,0.27
4137.0,0.612,0.0
5984.0,0.906,-0.2
5674.0,0.782,-0.38
6120.0,1.19,0.14
5033.0,0.821,0.06
6139.0,0.976,-0.22
3396.0,0.28,-0.1
6013.0,1.03,
,1.07,
5033.0,0.71,-0.09
5941.0,0.911,-0.14
5726.0,1.239,0.19
6083.0,2.38,
6010.0,1.26,0.08
6429.0,1.262,-0.46
5938.0,1.29068,
4837.0,0.731146,
5823.0,0.98,-0.06
5530.0,0.892,-0.34
5418.0,0.93,0.09
4303.0,0.714145,
4065.0,0.57,-0.13
5187.9,0.826,
3780.0,0.644,
4035.0,0.59,0.03
5203.0,0.774,0.0
5265.0,0.781,-0.1
6098.0,1.07,
6325.0,1.349,0.14
5216.0,0.79,0.06
,,
4962.0,0.709,
6260.0,1.614,-0.14
4118.41,0.626014,
6190.0,1.36,0.01
5510.0,0.879,0.16
4780.0,0.683,0.31
3798.0,0.384,
6090.0,1.19,0.08
,1.04,
4973.0,0.768,-0.08
5315.0,0.82,-0.09
5947.0,1.655,
5735.0,1.175,0.04
5173.0,0.939,0.26
,,
,,
6063.0,1.012,0.07
6145.0,1.503,
5559.0,0.81,
6002.0,1.081,0.2
3512.0,0.411452,
5058.0,0.75,
5904.0,1.82,
5963.0,0.93,
6015.0,1.211,
5919.0,1.27,
5698.0,0.97,0.03
6297.0,1.031,-0.2
6018.0,1.17,0.1
5743.0,0.98,0.03
5981.0,1.13,0.06
5883.0,0.892,-0.14
5616.0,1.2,0.4
5792.0,0.819,-0.32
3935.0,0.509,
4700.0,0.506,-1.44
3241.0,0.189,
6021.0,1.458,-0.34
5235.0,0.75,
5601.0,0.919,0.04
5943.0,1.555,
5881.0,1.084,-0.05
5846.0,1.237,-0.12
,,
5057.0,0.817,
,1.13,
6018.0,0.94,
,1.33,
5763.0,0.957,-0.56
3640.0,0.503,0.21
5971.4,2.26,
4936.0,0.75,
5859.0,1.162,0.16
5949.0,1.09,0.03
4494.0,0.659,-0.04
4557.0,0.67,-0.06
5830.0,1.69,0.19
6353.0,1.139,-0.14
6561.0,1.72,
5567.0,0.92,
6237.0,1.6454,-0.136
5057.0,0.704,-0.44
3325.0,0.390989,
7587.0,1.39514,
2997.0,0.18,
6036.0,0.949,-0.16
3978.0,0.649,0.19
5374.0,0.721,-0.68
4540.0,0.678,0.04
5303.0,0.753,-0.4
3289.0,0.286,
5058.0,1.86,
6185.0,1.27,0.05
3900.0,0.53,0.0
5871.0,1.017,
4806.0,0.729,-0.1
,,
5934.0,1.055,-0.3
6002.0,1.06,
5293.0,0.83,0.08
5046.0,0.732,
5057.0,0.704,-0.44
5060.0,0.77,-0.03
5258.0,0.793,0.04
5019.0,0.93,
5850.0,1.04,0.14
4987.0,0.768,0.12
6269.0,1.087,-0.12
6204.0,0.984,-0.3
5543.0,0.813,-0.14
4665.0,0.681,
4699.0,0.778,0.11
5042.0,0.807,
5520.0,0.853,0.12
5837.0,1.726,
5014.0,0.674,-0.54
5751.0,0.983,0.06
5795.0,0.853,-0.3
4590.0,0.595,-0.64
6047.0,1.559,0.14
6021.0,1.862,
5666.0,0.756,-0.5
3240.0,0.252,-0.15
4702.0,0.686,-0.22
4222.0,0.548,
5396.0,0.766,-0.2
5469.0,1.5,
6122.0,0.964,-0.18
5803.0,1.373,-0.18
6047.0,1.492,0.15
5044.0,0.7,-0.16
6000.0,1.044,0.16
6066.0,0.96,
5416.1,0.95,
5234.0,0.79,-0.11
4047.0,0.522,
6079.0,1.5007,0.24
5247.0,0.81,
4827.0,1.727,0.56
5442.0,0.78,
6490.0,1.307,0.16
5739.0,1.069,0.14
5310.0,0.846671,
5148.0,0.71,
5730.0,0.99,0.06
5936.0,1.299,0.14
3291.0,0.339,-0.15
3847.0,0.537,
5346.0,0.984866,
6063.0,1.001,-0.02
5429.0,0.900327,
4201.0,0.61,-0.09
5889.0,0.924,-0.16
6090.0,1.576,-0.02
3776.9,0.5758,0.514
5066.0,0.748,
5175.0,0.877856,
5657.0,0.88,-0.1
5324.0,0.761,-0.18
5723.0,1.09,
6535.0,1.181,-0.1
5448.0,0.86,-0.02
5430.0,0.907,0.13
6310.0,1.43,-0.16
,,
5382.0,0.818403,-0.07
5704.0,0.804,-0.3
5371.0,0.807,
6322.0,1.075,-0.12
6244.0,1.154,0.21
5011.0,0.74,-0.08
6334.0,1.037,-0.32
4116.0,0.7,-0.205
5050.0,0.832,0.22
6475.0,1.178,-0.06
6065.0,1.015,-0.1
6050.0,1.3843,0.34
6169.0,1.424,0.09
3959.0,0.561356,
6210.0,1.1,-0.02
6263.0,1.56,0.2
4954.0,0.828,0.18
5953.0,1.415,0.08
6417.0,1.41,0.13
5776.0,0.916,
5788.0,0.971,0.08
6366.0,1.697,-0.2
6900.0,2.599,0.0
5722.0,1.008,
5943.0,1.13,0.12
4988.0,0.674,
4776.0,0.73,0.05
5851.0,1.411,0.27
5467.0,0.856,-0.14
,0.311,
3761.0,0.46,-0.21
4769.0,0.714,0.12
6112.0,0.935,
5970.0,1.378,
5957.0,0.937,-0.08
4686.0,0.72,
6002.0,0.94,
6217.0,0.989,-0.22
5589.0,0.974,0.48
5037.0,0.789,-0.01
,1.316,
6330.0,1.07,
6012.0,1.024,
6692.0,1.351,-0.14
6362.0,1.144,0.07
6046.0,1.023,-0.14
5972.0,1.237,0.24
4769.0,0.714,0.12
3446.0,0.38,0.1
6237.0,1.6454,-0.136
5446.0,0.86,-0.02
5616.0,1.045,0.2
5946.0,1.08,0.03
6120.0,1.634,
3755.0,0.523,-0.26
5831.0,0.921,0.0
6137.0,0.994,-0.12
4915.0,0.7,
3816.0,0.51,-0.05
6270.0,1.309,-0.04
3476.0,0.426767,
5130.0,0.837,0.48
5048.0,0.763,-0.15
5850.0,1.0,-0.15
6033.0,2.03,0.27
4650.0,0.613,-0.15
6343.0,1.115,-0.16
5757.0,0.872,-0.08
4590.0,0.595,-0.64
5903.0,1.784,0.48
5074.0,0.78,0.01
4915.0,0.773,0.0
5529.0,0.937,
8241.0,3.177,-0.1
4040.0,0.57,-0.14
6078.0,0.96,
6484.0,1.173,-0.08
4362.0,0.733789,
5358.0,0.72,-0.54
5960.0,1.381,
5782.0,0.822,-0.3
5569.0,1.019,-0.02
5443.0,0.939,
5588.0,0.832,-0.1
5750.0,1.287,0.27
4491.0,0.706,0.28
3725.0,0.547,-0.21
6190.0,1.068,-0.16
6036.0,1.131,-0.18
5921.0,1.045,-0.26
4930.0,0.732,-0.2
6046.0,0.927,-0.2
5757.0,1.49959,
,0.947,
3724.0,0.52,0.17
,,
6167.0,1.23,0.01
,1.08,
3494.0,0.502,
4648.0,0.674,
5495.0,0.961,0.16
4873.0,0.796,0.32
5704.0,1.319,0.32
5994.0,1.1,
6178.0,1.334682,0.35
5219.0,0.851,0.16
,1.022,
4983.0,0.651,-0.44
5956.0,1.234,-0.1
4612.0,0.65,-0.21
4121.0,0.622,
5655.0,0.99,0.44
6156.0,1.34,
6006.0,1.082,0.07
5987.0,0.93,
3747.0,0.613,
6038.0,1.2,0.14
6195.0,1.24,0.02
5793.0,1.015,0.164
3382.0,0.369306,
3855.0,0.498,
5019.0,0.783,
5330.0,1.013,0.18
5952.0,0.971,0.02
5725.0,1.09,0.07
5906.5,1.41293,
6391.0,1.332,-0.22
5191.0,0.826,0.08
4353.0,0.603,-0.18
5238.0,0.752,-0.16
5016.0,0.679,-0.34
3036.0,0.189,
6297.0,1.544,0.04
5779.0,2.142,-0.32
5378.0,0.95,
5791.0,0.958,0.21
4980.0,0.734,-0.04
5782.0,1.095,-0.02
6720.0,1.93,-0.07
5763.0,0.957,-0.56
5438.0,0.83,-0.1
6280.0,1.245,-0.105
6006.0,1.257,0.06
5808.0,1.397,0.14
7092.0,1.449,-0.04
5749.0,0.93,0.15
3745.0,0.568,0.11
5499.0,1.793,
4565.0,0.61,
5528.0,0.87,-0.02
5883.0,1.074,-0.16
5353.0,1.878,0.22
5654.0,0.737,-0.56
5971.0,0.889,-0.38
5509.0,0.916,
6353.0,1.139,-0.14
5700.0,0.87,-0.18
6028.0,1.022,-0.14
5486.0,0.961,0.14
5120.0,0.853,0.07
4868.0,0.743,
5485.0,0.867,0.21
6207.0,2.097,0.24
5261.0,0.88,0.04
6145.0,1.289,0.119
6029.0,0.865,-0.4
,,
6003.0,1.52238,
5897.0,1.259,0.02
6299.0,1.36,0.08
6167.0,0.913,-0.5
5438.0,0.79,-0.15
,,
6343.0,1.137,0.07
5172.0,0.78,0.04
4121.0,0.635,
4580.0,0.618,
6292.0,1.267,-0.08
5234.0,0.854,0.3
6425.0,1.186,-0.02
5734.0,0.949,0.017
5869.0,0.954,-0.04
6106.0,0.966,-0.16
4523.0,0.643,-0.18
5920.0,,-0.12
4214.44,0.732115,
,1.06,
5166.0,0.79,
5746.0,1.05,
5710.0,1.282,
5866.0,1.417,-0.2
3809.0,0.53,0.04
5914.0,1.145,0.237
5601.0,0.83,-0.12
5775.46,1.06221,
3672.0,0.49,0.09
6074.0,1.005,-0.54
,,
5339.0,0.847,0.18
5378.0,0.94,
5685.0,0.893,-0.06
5718.0,0.856,-0.12
6244.0,1.009,-0.2
3358.0,0.3,
6112.0,1.233,-0.06
5897.0,0.891,-0.16
6344.0,1.52,
6314.0,1.34,-0.01
5540.0,0.8,
5763.0,0.904,0.02
4648.0,,-0.25
5412.0,0.769,-0.2
3591.0,0.41,-0.1
5182.0,0.872,
6119.0,1.105,
5103.0,0.789,0.04
6505.0,1.163,-0.12
5534.0,0.796,-0.22
3753.0,0.49,-0.09
4286.0,0.558,
3834.0,0.48,-0.25
5177.0,0.746,-0.22
6231.0,0.955,-0.32
6267.0,1.258,-0.06
5918.0,1.05,
5400.0,0.937,0.24
,0.226,
4963.0,0.826,0.16
5150.0,0.88727,
4986.0,0.723,-0.12
4294.0,0.579,-0.26
5658.0,0.948,-0.2
5756.0,1.086,0.318
6190.0,0.98,-0.24
4590.0,0.7,0.34
5219.0,0.851,0.16
4156.0,0.63,
5403.0,0.868,0.0
6063.0,1.012,0.07
5439.0,0.81,
5559.0,0.806,-0.18
4762.0,0.681,
5962.0,0.925,
4159.0,0.583,-0.24
4990.0,0.82,0.23
6078.0,1.337,-0.1
6178.0,0.988,-0.2
5919.0,1.0,0.21
3468.0,0.25,-0.46
5768.0,1.015,0.14
6038.0,0.898,-0.28
5147.0,0.8,
5520.0,0.91,0.07
,,
5500.0,0.955,
5463.0,0.8,
5888.0,1.019,0.1
5215.0,0.845,-0.06
5119.0,0.834,0.1
5297.0,0.81,
5986.0,0.85,-0.5
5599.0,1.083,-0.11
5700.0,1.097,0.39
5826.0,1.236,0.16
3765.0,0.521,0.02
3989.0,0.544,-0.2
6120.0,0.884,
5717.0,1.51,
5331.0,0.75,
6143.0,1.655,
5770.0,1.641,0.29
6418.0,1.171,0.07
5612.0,1.191,0.33
,0.64,
6032.0,1.03,-0.2
3678.0,0.744,0.23
5410.0,0.837459,-0.04
6003.0,0.932,-0.14
5192.0,0.796,0.02
5552.0,0.97,-0.43
3630.0,0.456,
3799.0,0.492,-0.2
5496.0,0.827,-0.46
5418.3,1.15614,
5601.0,1.06,
5409.0,0.746,-0.3
4634.6,0.778749,
6087.0,1.224,0.21
5712.0,1.08,
7358.0,4.037,-0.08
5079.0,0.739,-0.1
4522.0,0.655,-0.22
6411.0,1.13,
5500.0,0.682,-0.82
5316.0,0.727,
6077.0,1.072,0.21
,0.71,
4638.0,0.71,0.07
5923.0,1.735,-0.07
5721.0,1.131,0.0
5030.0,0.77,0.01
6113.0,1.49,
,1.597,
6090.0,2.1,
6036.0,0.949,-0.16
5705.0,0.96,
5745.0,0.95,-0.14
4523.0,0.67,-0.09
3687.0,0.5,0.07
5675.0,1.042,-0.18
5519.0,0.89,0.01
6197.0,1.06,-0.3
6189.0,1.403,
5876.0,1.293,0.24
5159.0,3.062,-0.04
5311.0,0.85,
5954.0,1.21,0.15
3423.0,0.369077,
6150.0,1.651,
5608.0,0.963,0.26
4872.0,0.755,
4880.0,0.73,
6090.0,1.6395,
5878.0,1.041,-0.24
5938.0,0.898,
5097.0,0.797,0.08
5040.0,0.831,0.19
5463.0,0.759,-0.3
6057.0,1.481,0.04
4689.0,0.655,
5229.0,0.903,0.08
5170.0,0.741,-0.23
5021.0,0.723259,
5866.0,1.03,-0.01
5159.0,0.8,-0.16
5355.0,0.803,0.0
4835.0,0.719,-0.07
4562.0,0.614,
5102.0,0.8,
5845.0,1.44,0.07
5661.0,1.691,
3888.0,0.609,
5705.0,0.905,-0.06
5757.0,1.068,-0.02
6422.0,1.54,
5631.0,1.02283,
5851.0,1.115,-0.26
5538.0,1.07,0.18
5477.0,0.894913,0.26
6110.0,1.58,
5402.0,0.865,-0.24
3587.0,0.41,-0.1
5960.0,1.14,0.15
5750.0,1.535,
4652.0,1.04,
5807.0,1.592,0.24
5174.0,0.8,0.05
4499.0,0.723,
3563.0,0.4232,-0.109
5050.0,0.76,-0.03
6193.0,1.28,0.0
5991.0,1.293,-0.2
3801.0,0.418,-0.66
5310.0,0.786,-0.08
4533.0,0.592,
5734.0,0.883,-0.02
5798.0,1.636,
5923.0,1.143,0.11
5772.0,0.901,0.0
4859.0,0.72,-0.04
4776.0,0.72,-0.06
5513.0,0.753,-0.36
6123.0,1.263,-0.06
5850.0,1.01,0.05
5593.0,1.485,
5795.0,0.853,-0.3
6000.0,1.495,
7430.0,1.444,
5657.0,0.911,-0.48
3864.0,0.49,-0.33
5792.0,2.133,
5788.0,0.96,-0.36
6600.0,1.91,
5726.0,1.243,-0.06
3572.0,0.5299,0.323
5716.0,1.28,-0.378
5660.0,1.145,
6038.0,0.95,
4317.0,0.565,
3390.0,0.31,-0.25
5188.0,0.973,0.32
5437.0,1.969,0.24
6735.0,1.604,-0.22
5640.0,1.515,0.14
6059.0,1.64,0.12
5770.0,1.641,
5918.0,1.068,-0.22
5553.0,1.25,0.16
5502.0,0.68,
6103.0,0.949,-0.2
5844.0,1.02,-0.01
5990.0,1.454974,-0.01
5866.0,1.008,
5332.0,0.82,-0.07
5168.0,0.769,-0.12
5587.0,0.978,-0.26
6453.0,1.328,-0.02
5701.0,0.96,0.01
5911.0,0.887,-0.2
5937.0,0.832,-0.4
3821.0,0.595,0.3
5904.0,1.04,-0.03
4672.0,0.615,
6027.0,1.962,0.1
6218.0,1.168,-0.36
6460.0,2.26,0.01
5241.0,0.98,0.24
6380.0,1.577,-0.101
,1.249,
5657.0,0.93,0.0
5115.0,0.71,
5229.0,0.794471,
6137.0,1.005,-0.32
5975.0,1.501,0.182
6366.0,1.744,0.204
5400.0,0.879,
3596.0,0.524573,
6024.0,1.172,-0.03
3225.0,0.2992,-0.03
5851.0,0.918,-0.04
5593.0,1.485,
5638.0,1.153,0.32
4939.0,0.769,
3995.0,0.516,
5064.0,0.75,-0.13
5604.0,0.9,0.15
3660.0,0.509,0.1
6201.0,0.989,-0.2
4684.0,0.71,-0.2
5851.0,1.411,0.27
5756.0,0.892,0.13
5354.0,0.82,-0.08
6119.0,0.98,
5614.0,0.91,-0.04
6231.0,1.412,0.06
5162.0,0.797,0.17
3421.0,0.37,-0.14
5997.0,1.614,
5910.0,0.94,-0.02
5489.0,0.820181,
4641.0,0.68,-0.12
5632.0,0.857,-0.02
,,
5564.0,0.81,
5520.0,0.853,0.12
6289.0,1.102,-0.12
5638.0,0.928,-0.42
5762.0,1.06,0.06
5594.0,0.935,-0.32
4498.0,0.635,-0.08
6098.0,1.297,-0.02
4674.0,0.6,
6046.0,0.972,-0.08
5736.0,0.85,
5356.0,0.685,-0.66
5123.0,0.816,
5807.0,0.922,0.07
4838.0,0.796,0.18
5708.0,1.065,-0.15
5638.0,0.928,-0.42
5823.0,1.523,
5988.0,0.934,-0.12
,,
5726.0,0.979,-0.1
5046.63,0.741147,
3871.0,0.54,
6450.0,1.87,-0.05
5070.0,0.689,
6807.0,1.84,0.05
5903.0,0.961,-0.26
6150.0,1.04,-0.12
5487.0,0.832,0.0
5319.0,2.369,0.17
6092.0,0.998,-0.06
5296.0,0.808,-0.1
6434.0,1.47828,
6090.0,1.319,
5115.0,0.75,
4925.0,0.64,-0.37
5743.0,0.853,-0.14
3679.0,0.47,-0.02
6069.0,1.193,0.12
5238.0,0.851,-0.08
5388.0,0.717,-0.7
6783.0,1.34415,
5511.0,0.897,-0.09
5000.0,0.717,
5732.0,1.26,0.23
5433.0,5.15,-0.12
5725.0,0.92,-0.21
6241.0,1.031,-0.14
5758.0,0.847,-0.28
3452.0,0.321,0.01
5484.0,0.788,-0.22
5586.0,1.719,0.23
5563.0,1.009,-0.16
5738.0,1.18274,
5814.0,0.881,-0.18
6131.0,2.134,0.13
5815.0,1.198,-0.02
5905.0,1.26,0.167
3768.0,0.53,0.11
4999.0,0.843,0.18
5050.0,0.83,0.23
4027.0,0.57,-0.12
3566.0,0.4,0.1
5646.0,1.56233,
4326.0,0.546,
5852.0,2.55,
5721.0,0.972,0.0
5878.0,0.998,-0.02
5979.0,1.634,-0.18
5627.0,0.808,-0.24
6125.0,1.383,0.24
5657.0,0.855,-0.26
5717.0,0.96,0.01
5112.0,0.726,-0.2
6219.0,1.692,0.12
5284.0,0.84,
5487.0,1.06,0.19
3788.0,0.472,-0.28
3898.0,0.54,-0.09
3691.0,0.53,
5932.0,1.375,0.08
6120.0,2.11,0.22
5800.0,1.905,0.13
5717.0,0.884,0.0
6352.0,1.07,
5999.0,0.959,-0.06
5896.0,0.916,-0.08
6105.0,1.072,
5468.0,1.046,0.22
6225.0,1.031,-0.12
5215.0,0.849,0.103
5500.0,0.795,-0.2
5934.0,1.78,
5864.0,1.838,
5513.0,0.915,0.08
5498.0,0.857,0.07
5023.0,0.776484,
5306.0,0.83,-0.01
3778.0,0.51,-0.05
6020.0,1.093,-0.14
3412.0,0.314,-0.5
5815.0,0.877,-0.12
5768.2,1.69483,
5646.0,0.841,-0.14
3415.0,0.3155,-0.46
3728.0,0.539092,
6150.0,1.194,-0.06
5432.0,0.913,-0.16
4903.0,0.74,0.08
5941.0,0.911,-0.14
6170.0,1.24,0.0
5431.0,0.843,0.12
5886.0,1.42,0.2
3588.0,0.698009,
6030.0,1.95757,
6000.0,1.1,
5148.0,0.71,
5543.0,0.887,0.21
5503.0,0.902,-0.13
4208.45,0.662052,
5064.0,0.864,0.18
6412.8,1.7,
5739.0,0.928,-0.02
5489.0,0.892097,0.07
6260.0,2.21,-0.18
4360.0,0.697,0.11
4296.0,0.505,-1.0
,0.89,
5073.0,0.831915,
3568.0,0.42,0.02
5965.0,1.11,0.07
5649.0,0.9593,-0.018
5295.0,0.8,-0.1
5735.0,1.21,
6426.0,1.154,-0.12
,,
6228.0,1.138,-0.02
6570.0,1.39,-0.03
4969.0,0.893,0.0
5825.0,1.49,0.02
3328.0,0.265,-0.24
6188.0,1.21,-0.02
5551.0,0.899,0.1
5280.0,0.794,0.04
5015.0,0.826,0.1
5945.0,1.169,
5549.0,0.732,-0.54
6080.0,1.972,
4677.0,0.71,0.04
6333.0,1.764,-0.16
5712.0,0.97,0.02
6139.0,1.193,0.2
3729.0,0.514,0.06
4850.0,0.73,-0.08
5494.0,0.979,-0.12
5679.0,0.841,-0.14
5157.0,0.818,-0.08
7175.0,1.433,
5956.0,0.92,
5604.0,0.82,
5873.0,1.161,0.36
5900.0,1.07,-0.12
5563.0,0.927,0.014
3872.0,0.63,0.05
5973.0,0.937,-0.14
5660.0,1.104,0.18
6543.0,1.09,-0.34
5782.0,1.095,-0.02
6336.0,1.403,0.34
5884.0,1.485,0.2
,0.929,
6156.0,1.303,0.14
6002.0,1.095,-0.08
4641.0,0.747,0.16
6010.0,1.046,
6206.0,2.75,0.28
3623.0,0.348,0.068
4734.0,0.655,-0.09
6405.0,1.522,0.0
5589.0,0.836,-0.3
6332.0,1.905,0.04
5949.0,1.184,0.0
6108.0,0.997,-0.08
5911.0,0.914,-0.1
5986.0,0.85,-0.5
4351.0,0.76701,
6046.0,1.007,0.07
5903.0,1.47,0.16
5783.0,0.842,-0.28
5755.0,1.361,-0.52
5308.0,0.757,-0.25
6110.0,1.109,-0.02
6190.0,1.18,
5594.0,0.934,0.16
6034.0,1.22,0.16
4003.0,0.56,-0.13
5776.0,0.942,-0.14
5650.0,0.96,-0.01
,,
5941.0,0.911,-0.14
5600.0,1.34,
5213.0,0.84,
4963.0,0.69,-0.42
5428.0,0.92,
5725.0,0.889,-0.42
5994.0,1.41,-0.01
6602.0,1.685,-0.12
6125.0,1.22,0.05
6212.0,1.47768,
5798.0,0.958,-0.02
4303.0,0.562,
3655.0,0.567402,
5216.0,0.8,-0.04
6215.0,1.01,
,0.665,
6218.0,1.02,
5479.0,0.892,
,0.757,
6119.0,0.97,
5810.0,1.259,0.1
5603.0,0.85,-0.25
5881.0,1.029,-0.16
6285.0,1.38,
3853.0,0.447,-0.5
5512.0,1.08,
4500.0,0.594,
6242.0,1.03,
6517.0,1.159,-0.14
5922.0,0.961,-0.08
6085.0,1.005,-0.3
5119.0,1.8,
4710.0,0.672,
6015.0,1.081,-0.12
5961.0,1.08,0.01
4243.0,0.552,
5565.0,0.802,-0.2
5418.0,0.812,-0.02
4641.0,0.68,-0.12
5529.0,0.832,-0.2
6086.0,1.23052,
5945.0,1.169,
5977.0,1.075,-0.1
5600.0,0.945,
5097.0,0.797,0.08
5790.0,1.269,
6299.0,1.167,0.21
5343.0,2.506,0.08
6422.0,1.173,-0.06
6190.0,1.1475,0.05
,0.867,
3050.0,0.44128,
4812.0,0.755,0.02
5188.0,0.973,0.32
3227.0,0.374,
5211.0,0.77,
5029.0,0.838,0.14
5687.0,1.066,0.32
5180.0,0.742,-0.4
4050.0,0.5468,-0.211
5678.0,1.055,0.24
4650.0,0.706,-0.04
6354.0,1.258,0.025
4771.0,0.696,-0.22
,0.321,
6170.0,0.992,-0.16
,0.791,
5359.0,0.826,
5641.0,0.961,
3973.0,0.54,-0.18
6304.0,1.215,0.13
5790.0,1.198,0.06
5921.0,1.045,-0.26
5447.0,0.93,
4628.0,0.707,0.18
5576.0,1.16,0.36
5736.0,1.425,
4056.0,0.56,-0.23
5984.0,1.29,-0.06
5855.0,0.94,
6194.0,1.266,0.12
3879.0,0.537,-0.12
4494.0,0.659,-0.04
6257.0,1.43,0.14
4812.0,0.73,0.0
5936.0,0.965,0.07
3735.0,0.4,-0.5
5470.0,0.919,-0.2
5423.0,1.119,0.24
5120.0,0.784,-0.04
5749.0,0.98,
5900.0,1.09,-0.2
,,
5350.0,0.83,-0.03
5858.0,0.963,0.1
6190.0,1.068,-0.16
5044.0,0.78,0.04
6208.0,1.342,
5854.0,1.012,-0.12
5324.0,0.761,-0.18
5710.0,0.983,-0.03
4285.0,0.703,-0.12
5208.0,0.772,-0.14
6283.0,1.768,-0.06
4500.0,0.646,-0.02
5192.0,1.593,0.14
5177.0,0.802,0.16
5783.0,0.88,-0.08
3743.0,0.49,0.06
6341.0,1.033,-0.24
5655.0,0.99,0.44
5565.0,0.802,-0.2
5085.0,0.822,0.0
3913.0,0.62,0.0
4632.0,0.666,
6277.0,1.378,-0.06
5320.0,0.786,-0.06
5857.0,0.867,-0.36
6003.0,1.109,-0.38
4731.0,0.687,
5007.0,0.748,0.01
5835.0,0.847,-0.24
5828.7,2.05,
5620.0,0.98,-0.07
5425.0,0.86,
5402.0,0.865,-0.24
5723.0,1.3,
4208.0,0.549,
5727.0,1.09,
5328.0,0.78,-0.1
5460.0,1.018,0.14
5654.0,1.51,0.04
5643.77,1.09457,
5567.0,1.082,
5601.0,0.83,-0.12
3761.0,0.46,-0.21
5418.0,0.888,0.36
5543.0,0.86,-0.13
6222.0,1.498,
6085.0,1.005,-0.3
5184.0,1.095,
3385.0,0.35,-0.02
5363.0,1.58,
5228.0,0.755,-0.14
5136.0,0.744,-0.12
5649.0,0.992,0.0
6388.0,1.037,-0.28
4056.0,0.56,-0.23
6250.0,1.426,0.0
5693.0,0.889,-0.29
6125.0,1.394,
5018.0,0.676,
4687.0,0.61,-0.52
5315.0,0.892,0.29
5015.0,1.643,0.36
6080.0,1.2,-0.12
5230.0,0.807,0.02
5108.0,0.843,
6144.0,1.85,0.13
5148.0,0.71,
6311.0,1.172,0.21
5159.0,0.790138,-0.01
5696.0,1.05178,
5851.0,1.411,0.27
3506.0,0.38,
6382.0,2.274,-0.84
5853.0,0.83,-0.36
6178.0,1.267,-0.04
3841.0,0.5,-0.18
5770.0,1.088,0.09
6102.0,0.887,-0.38
6086.0,1.052,-0.08
5921.0,1.045,-0.26
5261.0,0.8,-0.09
5513.0,0.915,0.08
4930.0,0.732,-0.2
5461.0,0.782,
6215.0,1.145,0.14
5267.0,0.733,
6197.0,1.035,-0.08
4799.0,0.89,
5704.0,1.437,-0.14
5207.0,0.82,
4397.0,0.577,-0.58
5917.0,1.269,
5691.0,1.458,0.26
5993.0,1.087,-0.14
3719.0,0.512361,
5777.0,0.98,-0.02
5650.0,0.87,0.02
5080.0,0.793,0.0
6267.0,1.35,0.28
6075.0,1.24,-0.18
6736.9,2.61,
6022.0,1.238022,0.3
3871.0,0.49,-0.31
6004.0,1.351,
3517.0,0.37,-0.07
,0.314,-0.29
5674.0,1.05,
5678.0,1.303,0.2
5879.0,1.17,0.02
4397.0,0.577,-0.58
4796.0,0.71,-0.082
5991.0,1.092,-0.02
6109.0,1.15,0.12
5495.0,0.9639,0.07
6235.0,1.204,0.12
6484.0,1.173,-0.08
5603.0,0.82,
3791.0,0.574432,
5803.0,0.88,
6029.0,0.95,
5565.0,1.439,0.16
6045.0,1.73,
4696.0,0.714,
6186.0,1.421,
5286.0,0.835,0.03
5160.0,0.79,-0.03
5759.0,2.127,0.3
5419.0,0.864,
5138.0,0.75,0.06
5956.0,0.927,
4560.0,0.568,-0.7
5831.0,0.921,0.0
5739.0,0.85,
5190.0,0.874,
5772.0,0.901,0.0
4366.0,0.455,-1.46
4963.0,0.75,-0.01
5243.0,0.744,-0.2
6142.0,0.99,
6122.0,1.16,0.0
,0.854,
3820.0,0.5,-0.2
3770.0,0.51,0.02
5829.0,1.017,
3750.0,0.51,0.08
4570.0,0.681,0.0
6116.0,1.65,
6241.0,1.31,0.07
6164.0,1.26,
5930.0,1.052,-0.04
5760.0,1.52,-0.09
6293.0,1.087,-0.46
5980.0,1.135,0.13
6160.0,2.046,0.24
5191.0,0.837,0.34
5692.0,,
4840.0,4.23,0.2
6120.0,1.446,0.0
4826.0,0.696,
4397.0,0.58,
5557.0,1.616,0.16
6297.0,1.369,0.14
6200.0,1.24,0.1
5376.0,0.806,-0.02
5070.0,0.7,
6210.0,1.01,
6319.0,1.032,-0.22
5692.0,1.064,0.04
6314.0,1.461,-0.14
5289.0,0.738,
,,
5271.0,0.74,
5092.0,0.739,0.24
5258.0,0.785,-0.32
5342.0,0.8566,-0.303
3713.0,0.57,0.47
5208.0,0.693,-0.38
5875.0,0.881,-0.106
5625.0,0.938,-0.01
5414.0,0.951985,
5560.26,0.96,
5730.0,0.888,-0.3
5035.0,0.791,-0.06
5723.0,1.293,
4354.0,0.571,
5821.0,0.848,-0.22
6141.0,1.712,0.12
4989.0,2.75,0.19
5530.0,0.788,-0.22
5952.0,1.199,
5650.0,0.87,0.02
5460.0,0.94,0.44
6100.0,1.0516,-0.25
5114.0,0.682,-0.4
4703.0,0.701,-0.14
5258.0,0.793,0.04
4797.0,0.653,-0.46
4500.0,0.646,-0.02
5699.0,0.89,-0.25
5349.0,0.82,-0.12
5670.0,0.881,0.05
6038.0,1.744,0.34
5956.0,1.04,
6063.0,1.012,0.07
5936.0,0.965,0.07
5725.0,0.85,
9364.0,1.76,
6101.0,0.97,
3871.0,0.553,
5482.59,1.06062,
5330.0,0.87,0.04
6475.0,1.178,-0.06
5693.0,0.802,-0.3
5779.0,1.0,
5383.0,0.842,0.0
5529.0,0.93,0.12
5668.0,0.868,-0.02
6130.0,1.288,0.02
5851.0,1.411,0.27
5443.0,0.89,
3809.0,0.53,0.04
6247.0,1.34,0.05
6347.0,1.87,
,,
5611.0,0.9,-0.06
5327.0,0.82,-0.023
5858.0,0.987,0.07
6540.0,1.775,
5498.0,0.857,0.07
5949.0,1.292,0.18
5870.0,0.867,-0.2
5666.0,0.84,
5166.0,0.74,
5098.0,0.787,-0.14
4648.0,,-0.25
4077.0,0.62,
4650.0,0.706,-0.04
5920.0,1.588,
4920.0,0.824,0.41
5988.0,0.934,-0.12
3304.0,0.26,0.0
5855.0,1.613,0.4
5588.0,1.467,-0.1
5702.0,0.96,0.03
6001.0,1.13,0.01
5207.0,0.725,-0.32
6077.0,1.072,0.21
5888.0,1.201,
6285.0,1.342,-0.04
5718.0,0.863,-0.08
3573.0,0.4232,-0.08
5465.0,0.925,0.02
5851.0,0.918,-0.04
5251.0,0.778,-0.04
6412.0,1.04,-0.3
6137.0,1.13,-0.04
6350.0,1.439,-0.32
5382.69,0.848099,
5815.0,0.877,-0.12
,0.7,
4244.0,0.672,
5732.0,1.324,-0.11
5666.0,0.992,
5998.0,1.01,
5324.0,0.761,-0.18
5990.0,1.0,0.05
6248.0,0.886,-0.5
5271.0,0.838,0.14
6451.0,1.75,
6345.0,1.012,-0.3
5695.0,1.07,0.2
6054.0,1.961,0.38
6392.0,1.16,
5668.0,2.437,0.14
6036.0,3.132,-0.1
3558.0,0.37,-0.23
5269.0,0.801,-0.1
4970.0,1.32,
5579.0,1.329,0.28
5776.0,1.047,-0.24
,1.437,
6429.0,1.262,-0.46
4901.0,0.758,-0.06
3770.0,0.51,0.02
5276.0,0.81,
5249.0,0.79,
5013.7,0.77,
5625.0,0.906,
5910.0,1.265,0.233
5541.0,1.089,0.14
5612.0,0.91,-0.03
6324.0,1.133,-0.28
4505.0,0.666,-0.1
5952.0,1.32,-0.08
5731.0,1.231,0.16
5238.0,0.752,-0.16
5622.0,1.733,0.436
5422.0,0.86,0.01
4900.0,3.13,0.09
4500.0,0.614,
5845.0,1.334,
5400.0,0.801,-0.06
5178.0,0.729,-0.27
4876.0,0.683,
5514.0,0.978,0.36
3434.0,0.492,-0.13
5684.0,0.808,-0.66
6084.0,1.04,-0.22
5074.0,3.602,
6287.0,1.423,0.22
5747.0,1.357,0.03
3970.42,0.623332,
5329.0,0.775,
6382.0,2.274,-0.84
5871.0,1.703,0.17
4249.0,0.557,
5052.0,0.722,-0.025
4869.0,0.687,-0.16
5612.0,0.83,
4258.32,0.648172,
6228.0,1.42,-0.1
5838.0,1.583,0.01
6299.0,0.983,-0.32
4686.0,0.758,0.15
5037.0,0.726,
5275.0,0.978,0.2
5850.0,1.187,-0.04
3157.0,0.21,0.27
5238.0,0.851,-0.08
5367.0,1.807,
5679.0,1.035,
5900.0,1.002,-0.36
4883.0,0.64,
5555.7,0.92,
6210.0,1.033,-0.1
,,
5921.0,1.045,-0.26
6347.0,1.373,-0.32
5828.0,1.01,0.03
5922.0,1.05,
5100.0,0.714,-0.24
5847.0,1.861,0.32
5473.19,0.987155,-0.0347
5660.0,1.104,0.18
5871.0,0.983,0.21
4930.0,0.742,-0.1
6220.0,1.328,0.02
4003.0,0.592,
5569.0,0.887,0.21
5299.0,0.766,-0.14
6212.0,1.48,
5896.0,0.916,-0.08
5429.0,0.78,
5684.0,0.9574,0.147
6475.0,1.178,-0.06
5781.0,0.983,0.26
5296.0,0.815,0.12
5569.0,1.28,
5846.0,1.17,
5904.0,1.82,
6201.0,0.989,-0.2
6225.0,1.451,-0.04
